ID,SrNo,Timestamp,X_Acc,Y_Acc,Z_Acc,X_Gyro,Y_Gyro,Z_Gyro
Daniyal,1,1771509798138,-2.697,3.14205,9.81795,10.42282,0.34664,7.85453
Daniyal,2,1771509798154,-2.898,3.324,8.709,6.58615,-28.30626,7.00369
Daniyal,3,1771509798166,-2.895,3.408,8.355,4.45117,-39.4066,7.24792
Daniyal,4,1771509798174,-2.895,3.408,8.355,3.41125,-47.4581,7.85453
Daniyal,5,1771509798182,-2.50995,3.357,8.42895,3.5373,-52.39771,8.16178
Daniyal,6,1771509798193,-2.50995,3.357,8.42895,4.20694,-55.01326,8.16178
Daniyal,7,1771509798204,-2.14605,3.17805,8.73795,5.36503,-55.99015,8.09876
Daniyal,8,1771509798214,-2.14605,3.17805,8.73795,7.01157,-56.2974,7.67334
Daniyal,9,1771509798226,-1.61895,2.92395,8.84295,9.0205,-49.04161,5.4123
Daniyal,10,1771509798237,-1.356,2.97705,8.29005,8.65811,-44.10199,4.44329
Daniyal,11,1771509798249,-1.356,2.97705,8.29005,5.12081,-42.1482,0.96114
Daniyal,12,1771509798260,-1.41795,3.02895,8.022,-0.55147,-42.1482,-3.67123
Daniyal,13,1771509798270,-1.41795,3.02895,8.022,-5.54623,-43.18813,-7.20853
Daniyal,14,1771509798281,-1.24095,2.646,8.18205,-9.26473,-45.8667,-9.76893
Daniyal,15,1771509798295,-1.24095,2.646,8.18205,-13.1723,-53.18552,-13.36138
Daniyal,16,1771509798305,-1.07295,2.77095,8.67795,-14.44856,-58.79478,-16.29206
Daniyal,17,1771509798316,-1.07295,2.77095,8.67795,-12.43963,-64.28587,-16.9617
Daniyal,18,1771509798326,-1.06095,2.87595,8.66595,-11.46274,-59.46443,-16.47325
Daniyal,19,1771509798337,-0.97005,2.61795,8.484,-13.1723,-52.20863,-15.98481
Daniyal,20,1771509798350,-0.97005,2.61795,8.484,-16.33932,-49.64822,-14.76369
Daniyal,21,1771509798360,-0.90105,2.625,8.86695,-18.84458,-47.94654,-13.36138
Daniyal,22,1771509798371,-0.90105,2.625,8.86695,-20.49112,-38.31154,-11.35244
Daniyal,23,1771509798383,-0.41295,2.67705,8.055,-24.69806,-30.26005,-10.864
Daniyal,24,1771509798393,-0.41295,2.67705,8.055,-32.6235,-23.18545,-11.77786
Daniyal,25,1771509798404,0.03405,2.79495,7.62195,-41.95126,-17.395,-13.79467
Daniyal,26,1771509798415,0.03405,2.79495,7.62195,-50.12091,-12.58144,-16.84353
Daniyal,27,1771509798425,0.16305,2.74695,8.01495,-55.30475,-4.4039,-19.8845
Daniyal,28,1771509798438,0.22095,2.68695,9.79395,-54.14666,2.97007,-23.0594
Daniyal,29,1771509798449,0.22095,2.68695,9.79395,-48.23016,-2.03257,-24.57989
Daniyal,30,1771509798459,0.66405,2.361,10.16505,-39.75325,-8.42964,-26.10826
Daniyal,31,1771509798471,0.66405,2.361,10.16505,-29.69282,-21.05047,-30.43337
Daniyal,32,1771509798483,1.179,2.37795,9.576,-22.56308,-50.93237,-40.92709
Daniyal,33,1771509798493,1.179,2.37795,9.576,-26.28157,-59.10203,-52.57103
Daniyal,34,1771509798505,2.112,3.00495,9.04695,-30.91394,-62.70235,-62.69448
Daniyal,35,1771509798517,1.38705,3.00795,9.528,-25.79313,-79.6483,-46.53635
Daniyal,36,1771509798525,1.38705,3.00795,9.528,-23.90237,-80.26279,-33.0568
Daniyal,37,1771509798536,1.464,2.24595,7.17405,-26.83305,-54.52481,24.74533
Daniyal,38,1771509798548,1.464,2.24595,7.17405,-34.08884,-38.24851,63.22231
Daniyal,39,1771509798560,2.42595,1.43505,7.347,-41.88823,-39.65083,88.09369
Daniyal,40,1771509798571,2.42595,1.43505,7.347,-48.16713,-54.58784,99.01283
Daniyal,41,1771509798582,2.328,0.609,7.308,-57.50276,-73.92086,97.05905
Daniyal,42,1771509798594,2.328,0.609,7.308,-61.46548,-65.62515,62.11937
Daniyal,43,1771509798605,7.32,-1.533,8.39505,-65.30215,-29.70858,-17.56832
Daniyal,44,1771509798615,7.32,-1.533,8.39505,-56.95129,5.04203,-75.92192
Daniyal,45,1771509798628,2.84295,0.939,11.271,-47.00904,-8.31147,-66.77537
Daniyal,46,1771509798636,2.84295,0.939,11.271,-46.33939,-9.40654,-61.22913
Daniyal,47,1771509798648,2.79705,-0.46995,9.549,-41.58886,6.08195,-60.25224
Daniyal,48,1771509798659,-0.18,1.50195,8.982,-40.18655,9.55622,-58.11726
Daniyal,49,1771509798670,-0.18,1.50195,8.982,-45.91397,-0.5042,-44.03109
Daniyal,50,1771509798681,-1.06395,0.76695,7.23405,-60.48859,-13.6765,-25.55678
Daniyal,51,1771509798693,-1.06395,0.76695,7.23405,-84.63518,-47.26902,-4.94749
Daniyal,52,1771509798703,-0.37005,-1.842,7.89,-95.67249,-78.6714,3.58457
Daniyal,53,1771509798715,-0.37005,-1.842,7.89,-101.52597,-119.59061,9.62712
Daniyal,54,1771509798725,-0.68805,-4.24305,10.06695,-101.82534,-158.67421,15.53575
Daniyal,55,1771509798737,0.06,-4.119,10.78005,-91.70977,-200.98787,23.70541
Daniyal,56,1771509798749,0.06,-4.119,10.78005,-82.80744,-214.40439,20.96381
Daniyal,57,1771509798760,0.987,-2.97,8.709,-78.53747,-198.91589,13.83407
Daniyal,58,1771509798770,0.987,-2.97,8.709,-78.7817,-156.60225,8.83143
Daniyal,59,1771509798782,0.01695,-2.445,7.69605,-84.99757,-112.51602,9.50107
Daniyal,60,1771509798792,0.01695,-2.445,7.69605,-110.67252,-63.06475,23.27999
Daniyal,61,1771509798805,-0.87705,-2.50005,8.05995,-130.30493,-40.80892,36.81469
Daniyal,62,1771509798816,-0.87705,-2.50005,8.05995,-145.12376,-17.27682,49.92396
Daniyal,63,1771509798827,-1.713,-3.98205,8.47005,-154.87694,6.32617,64.07315
Daniyal,64,1771509798839,0.23805,-4.92795,11.43105,-159.63535,12.47902,68.0989
Daniyal,65,1771509798849,0.23805,-4.92795,11.43105,-147.92839,17.60771,66.14511
Daniyal,66,1771509798872,-1.51905,-3.07005,12.21195,-124.9399,30.96121,71.0217
Daniyal,67,1771509798880,-3.02205,-2.27505,11.40705,-82.43716,50.16818,88.46397
Daniyal,68,1771509798895,-3.02205,-2.27505,11.40705,-61.64668,64.37253,97.67355
Daniyal,69,1771509798905,-2.256,-3.43395,8.94795,-55.73017,63.08838,104.98449
Daniyal,70,1771509798914,-2.256,-3.43395,8.94795,-57.19551,52.78374,113.03598
Daniyal,71,1771509798927,-0.49395,-2.46,7.56495,-62.00908,32.78894,114.56434
Daniyal,72,1771509798937,1.64805,-2.46705,7.404,-63.71864,-3.49003,104.98449
Daniyal,73,1771509798947,1.64805,-2.46705,7.404,-60.91401,-15.68544,96.81483
Daniyal,74,1771509798958,1.03305,-2.874,7.122,-57.74698,-24.22537,90.4729
Daniyal,75,1771509798972,1.03305,-2.874,7.122,-59.51169,-26.05311,85.23392
Daniyal,76,1771509798981,0.73305,-4.32495,6.276,-67.31896,-9.71378,78.71079
Daniyal,77,1771509798994,0.73305,-4.32495,6.276,-89.57479,24.13083,72.73126
Daniyal,78,1771509799004,-0.43695,-4.84395,8.07705,-105.78806,41.1398,74.44083
Daniyal,79,1771509799015,-0.43695,-4.84395,8.07705,-102.55801,74.36992,60.66191
Daniyal,80,1771509799026,-4.00395,-0.60195,15.71205,-69.81635,100.40727,55.72229
Daniyal,81,1771509799040,0.039,-7.02105,16.443,-70.48598,96.13731,50.60148
Daniyal,82,1771509799049,0.039,-7.02105,16.443,-43.47174,117.17202,56.81736
Daniyal,83,1771509799060,-2.697,-6.252,14.72805,-34.63243,121.56804,64.62463
Daniyal,84,1771509799070,-2.697,-6.252,14.72805,-28.04628,127.72089,70.6593
Daniyal,85,1771509799081,-6.51795,-5.74905,13.665,-26.15552,126.9961,85.1709
Daniyal,86,1771509799093,-6.51795,-5.74905,13.665,-22.25583,125.46774,103.6452
Daniyal,87,1771509799104,-3.53205,-5.45505,14.154,-10.54887,123.57697,105.41779
Daniyal,88,1771509799116,-3.53205,-5.45505,14.154,3.41125,107.54489,103.09373
Daniyal,89,1771509799125,-1.413,-4.84695,14.38605,18.16706,93.3957,96.45243
Daniyal,90,1771509799137,-2.766,-4.45905,12.051,35.18391,97.60265,92.36366
Daniyal,91,1771509799148,-2.766,-4.45905,12.051,39.2648,106.99342,93.27753
Daniyal,92,1771509799158,-1.33005,-4.27005,12.37005,50.60936,122.30071,97.1851
Daniyal,93,1771509799171,-1.33005,-4.27005,12.37005,58.47178,127.29546,85.23392
Daniyal,94,1771509799180,0.56805,-2.223,11.769,61.46548,123.03337,75.47287
Daniyal,95,1771509799192,0.56805,-2.223,11.769,67.61833,127.53969,62.18239
Daniyal,96,1771509799204,1.08795,-2.72505,10.03995,73.59786,139.97932,46.39454
Daniyal,97,1771509799215,1.08795,-2.72505,10.03995,65.30215,131.9357,35.16815
Daniyal,98,1771509799225,-0.16605,-2.517,7.134,56.82524,127.17729,29.44072
Daniyal,99,1771509799238,-0.29505,-2.62695,6.91095,44.33046,107.97031,16.88292
Daniyal,100,1771509799246,-0.29505,-2.62695,6.91095,39.50902,90.70924,12.4869
Daniyal,101,1771509799258,-1.95705,-3.92295,7.65795,37.61826,82.35838,12.91232
Daniyal,102,1771509799270,-1.95705,-3.92295,7.65795,35.91658,89.55116,11.21064
Daniyal,103,1771509799281,-4.557,-4.938,7.926,32.8047,96.26335,12.79415
Daniyal,104,1771509799292,-4.557,-4.938,7.926,28.41656,106.01653,18.7658
Daniyal,105,1771509799302,-4.49505,-5.022,7.275,27.98326,102.05381,16.33145
Daniyal,106,1771509799315,-4.49505,-5.022,7.275,29.20438,90.95347,13.21957
Daniyal,107,1771509799326,-4.653,-4.428,6.96405,29.14135,81.68874,5.47533
Daniyal,108,1771509799337,-4.653,-4.428,6.96405,31.76478,78.82108,-0.49632
Daniyal,109,1771509799348,-6.61905,-5.05005,8.52195,36.342,78.70292,1.51261
Daniyal,110,1771509799359,-6.69,-5.05005,10.356,44.08624,82.42141,7.73636
Daniyal,111,1771509799371,-6.69,-5.05005,10.356,55.12355,83.15408,19.44332
Daniyal,112,1771509799380,-5.955,-5.03595,9.03195,59.33049,79.6798,25.96645
Daniyal,113,1771509799391,-5.955,-5.03595,9.03195,59.38564,65.04217,28.28263
Daniyal,114,1771509799403,-4.79895,-2.079,8.31405,58.41663,54.3121,31.69388
Daniyal,115,1771509799414,-4.79895,-2.079,8.31405,51.83048,46.20546,27.91236
Daniyal,116,1771509799424,-4.464,0.22305,6.858,43.10934,35.34935,22.98062
Daniyal,117,1771509799437,-4.464,0.22305,6.858,35.3651,22.11402,20.90078
Daniyal,118,1771509799447,-6.65895,0.774,5.61795,24.26476,-3.55305,30.96121
Daniyal,119,1771509799458,-5.304,1.01595,7.33005,24.08356,-17.5762,34.44336
Daniyal,120,1771509799472,-5.304,1.01595,7.33005,32.009,-24.34354,30.71698
Daniyal,121,1771509799481,-5.412,1.54695,7.96695,40.61197,-31.17392,25.90342
Daniyal,122,1771509799492,-5.412,1.54695,7.96695,33.89977,-18.79731,19.07305
Daniyal,123,1771509799502,-9.76005,0.84105,3.444,12.68385,12.2348,26.14764
Daniyal,124,1771509799515,-9.76005,0.84105,3.444,-15.12609,34.12823,34.13611
Daniyal,125,1771509799526,-5.79,-0.61905,8.103,-15.73271,35.59357,26.32884
Daniyal,126,1771509799536,-5.79,-0.61905,8.103,-17.56044,33.21436,17.97798
Daniyal,127,1771509799548,-4.452,-2.25405,7.605,-26.39975,38.82362,7.73636
Daniyal,128,1771509799563,-6.22605,-4.13805,7.94295,-33.1671,42.66817,5.11293
Daniyal,129,1771509799569,-6.22605,-4.13805,7.94295,-34.14399,44.00745,9.3829
Daniyal,130,1771509799580,-5.88795,-6.219,7.584,-38.7212,44.3147,6.69644
Daniyal,131,1771509799590,-5.88795,-6.219,7.584,-42.68392,43.70021,4.86871
Daniyal,132,1771509799603,-6.10605,-5.532,7.191,-46.58362,32.85197,10.65916
Daniyal,133,1771509799614,-6.10605,-5.532,7.191,-46.64664,19.73482,4.49843
Daniyal,134,1771509799626,-6.56805,-6.738,6.22605,-45.42553,9.98164,-0.80357
Daniyal,135,1771509799637,-6.56805,-6.738,6.22605,-38.9024,5.28625,-3.91545
Daniyal,136,1771509799649,-7.90395,-5.85705,6.231,-16.89079,11.8724,-13.55045
Daniyal,137,1771509799658,-8.38605,-6.147,7.93605,17.37924,-10.20223,-14.2201
Daniyal,138,1771509799671,-8.38605,-6.147,7.93605,39.75325,-27.03,-10.5016
Daniyal,139,1771509799682,-8.02605,-4.81995,10.57905,68.83945,-46.72542,3.04097
Daniyal,140,1771509799693,-8.02605,-4.81995,10.57905,89.44874,-67.09049,10.35192
Daniyal,141,1771509799705,-7.14105,-4.90905,2.04795,65.54637,-50.26272,22.42915
Daniyal,142,1771509799714,-7.14105,-4.90905,2.04795,38.7212,-14.46432,17.55256
Daniyal,143,1771509799725,-2.80005,-1.15005,4.608,24.93441,9.86347,7.18489
Daniyal,144,1771509799739,-5.62995,-0.58995,8.034,22.374,14.55886,-5.98741
Daniyal,145,1771509799751,-5.62995,-0.58995,8.034,26.707,3.70274,-3.11976
Daniyal,146,1771509799762,-5.496,2.397,7.50705,24.69806,-8.55569,-5.80621
Daniyal,147,1771509799774,-5.496,2.397,7.50705,23.1697,-13.98375,-10.31252
Daniyal,148,1771509799781,-7.69395,3.69,6.39105,19.6324,-33.6713,-16.22903
Daniyal,149,1771509799792,-7.69395,3.69,6.39105,13.66075,-51.84623,-7.20853
Daniyal,150,1771509799805,-9.324,2.33505,5.90805,0.66964,-51.66504,10.96641
Daniyal,151,1771509799815,-9.324,2.33505,5.90805,-10.12345,-30.14188,1.51261
Daniyal,152,1771509799826,-8.68005,1.119,7.54095,-22.07463,-23.98115,1.02416
Daniyal,153,1771509799838,-8.68005,1.119,7.54095,-34.75848,-6.48373,7.98059
Daniyal,154,1771509799846,-7.63395,-0.81495,5.81205,-48.8998,12.78627,18.28523
Daniyal,155,1771509799859,-2.16495,-3.81705,7.73505,-50.91661,15.0473,21.51528
Daniyal,156,1771509799869,-2.16495,-3.81705,7.73505,-41.77006,8.27208,8.16178
Daniyal,157,1771509799883,-2.23905,-3.61095,6.87,-33.71857,13.45591,4.74266
Daniyal,158,1771509799894,-2.23905,-3.61095,6.87,-36.58622,31.01635,-8.36662
Daniyal,159,1771509799902,-6.69,-5.29005,6.57105,-39.2648,61.44185,-19.58513
Daniyal,160,1771509799912,-6.69,-5.29005,6.57105,-37.19284,63.82106,-26.10826
Daniyal,161,1771509799926,-11.58405,-8.601,4.66995,-28.04628,56.32104,-14.82672
Daniyal,162,1771509799936,-11.58405,-8.601,4.66995,12.25843,48.45862,-11.65969
Daniyal,163,1771509799947,-9.762,-8.544,9.05595,59.93711,40.71438,-5.01052
Daniyal,164,1771509799959,-8.06505,-7.07595,5.95305,86.09264,83.27225,12.3057
Daniyal,165,1771509799970,-8.06505,-7.07595,5.95305,102.37682,95.40463,23.76844
Daniyal,166,1771509799982,-5.91495,-5.05005,2.91195,107.98607,91.19769,32.18232
Daniyal,167,1771509799992,-5.91495,-5.05005,2.91195,92.43456,75.22864,42.1876
Daniyal,168,1771509800004,-6.477,-2.508,5.29005,73.53484,58.70024,42.79422
Daniyal,169,1771509800015,-6.477,-2.508,5.29005,61.46548,44.92133,43.28266
Daniyal,170,1771509800025,-6.90405,-1.18395,6.16395,43.96019,42.23487,49.01009
Daniyal,171,1771509800038,-6.90405,-1.18395,6.16395,27.50269,32.90711,57.91242
Daniyal,172,1771509800047,-8.89305,4.878,4.31805,-0.7957,32.41867,65.60152
Daniyal,173,1771509800060,-5.46705,4.665,8.12505,-31.70963,45.59097,15.843
Daniyal,174,1771509800070,-5.46705,4.665,8.12505,-33.96279,36.20019,11.75423
Daniyal,175,1771509800082,-8.73495,2.09805,8.10105,-38.83937,19.49847,7.18489
Daniyal,176,1771509800092,-8.73495,2.09805,8.10105,-44.44864,-0.74843,17.55256
Daniyal,177,1771509800106,-10.54005,1.66695,7.38705,-45.91397,-14.46432,30.90606
Daniyal,178,1771509800115,-10.54005,1.66695,7.38705,-49.87669,-41.36039,47.79686
Daniyal,179,1771509800124,-6.813,3.95595,6.68295,-52.61829,-60.50434,47.24538
Daniyal,180,1771509800137,-6.813,3.95595,6.68295,-64.6325,-63.97861,34.4985
Daniyal,181,1771509800147,-1.64295,8.15295,4.73205,-82.37415,-51.42081,5.65653
Daniyal,182,1771509800158,-5.26095,5.89095,8.00295,-98.04382,-61.54426,-26.47065
Daniyal,183,1771509800171,-5.26095,5.89095,8.00295,-99.93458,-68.42978,-42.873
Daniyal,184,1771509800181,-10.45395,-2.86395,12.753,-94.75862,-74.16509,-48.7895
Daniyal,185,1771509800192,-10.45395,-2.86395,12.753,-85.73024,-76.59944,-58.7869
Daniyal,186,1771509800202,-4.50195,-0.372,10.82805,-74.87412,-67.57893,-69.82422
Daniyal,187,1771509800217,-4.50195,-0.372,10.82805,-57.74698,-37.94127,-74.94503
Daniyal,188,1771509800226,-13.29105,-8.37405,0.54195,-72.68399,-37.88612,-42.5106
Daniyal,189,1771509800237,-13.29105,-8.37405,0.54195,-89.08634,-41.65976,-31.96173
Daniyal,190,1771509800247,-4.152,-7.76295,-0.53895,-88.66093,-49.404,-34.09672
Daniyal,191,1771509800259,-1.12095,-5.46495,5.15805,-62.37934,-20.44385,-40.86407
Daniyal,192,1771509800271,-1.12095,-5.46495,5.15805,-38.35093,-10.69068,-50.74329
Daniyal,193,1771509800281,-3.015,-7.713,6.147,-1.70956,6.75159,-61.29216
Daniyal,194,1771509800291,-3.015,-7.713,6.147,32.07203,12.91232,-77.93874
Daniyal,195,1771509800302,-0.80805,-10.72005,6.609,51.70443,-16.23691,-111.90152
Daniyal,196,1771509800313,-0.80805,-10.72005,6.609,60.06317,-48.30894,-167.0172
Daniyal,197,1771509800325,-1.06905,-8.81895,7.12395,60.24437,-23.98115,-248.17809
Daniyal,198,1771509800335,-1.06905,-8.81895,7.12395,53.23279,1.44958,-258.17551
Daniyal,199,1771509800349,-10.14105,-9.777,5.235,42.4397,10.47009,-243.90813
Daniyal,200,1771509800357,-10.14105,-9.777,5.235,42.92815,14.92125,-230.31039
Daniyal,201,1771509800369,-10.97895,-7.485,5.24895,38.41395,43.15661,-188.35916
Daniyal,202,1771509800382,-12.01305,-6.3,3.729,26.33672,85.71449,-153.85277
Daniyal,203,1771509800393,-12.01305,-6.3,3.729,13.96012,124.97928,-127.14577
Daniyal,204,1771509800402,-7.12605,-3.939,4.41405,3.16702,171.44473,-111.41308
Daniyal,205,1771509800415,-7.12605,-3.939,4.41405,3.78152,183.88435,-107.81275
Daniyal,206,1771509800425,-5.05005,-3.20205,4.545,28.29051,226.26103,-106.83586
Daniyal,207,1771509800436,-5.05005,-3.20205,4.545,43.59779,239.24426,-82.87834
Daniyal,208,1771509800445,-6.58695,-2.304,4.818,43.41659,253.70071,-40.25745
Daniyal,209,1771509800459,-6.58695,-2.304,4.818,34.45124,204.49365,21.08986
Daniyal,210,1771509800470,-9.453,-1.07805,7.416,16.89079,189.79298,62.06422
Daniyal,211,1771509800479,-7.20795,-4.68195,6.17595,-2.00893,154.61696,61.93817
Daniyal,212,1771509800492,-7.20795,-4.68195,6.17595,-16.82777,109.3096,30.90606
Daniyal,213,1771509800503,-6.786,-6.477,8.01495,-18.04889,58.45602,-19.58513
Daniyal,214,1771509800512,-6.786,-6.477,8.01495,1.70956,10.53311,-62.143
Daniyal,215,1771509800524,-10.12395,-1.911,4.677,-6.76735,-13.61348,-41.41554
Daniyal,216,1771509800536,-10.12395,-1.911,4.677,8.41389,3.94696,-37.75219
Daniyal,217,1771509800548,-7.023,6.156,3.528,-2.44223,40.89558,-70.37569
Daniyal,218,1771509800557,-7.023,6.156,3.528,-12.9911,50.28635,-85.06847
Daniyal,219,1771509800571,-6.32595,4.83495,9.43395,2.31618,-16.11086,-85.19453
Daniyal,220,1771509800583,-11.39805,-6.324,8.41695,18.41128,-68.00436,-58.36148
Daniyal,221,1771509800593,-11.39805,-6.324,8.41695,4.38814,-151.11118,-1.22899
Daniyal,222,1771509800604,-13.04505,-5.23695,4.99995,-15.9139,-221.77837,43.40084
Daniyal,223,1771509800614,-13.04505,-5.23695,4.99995,-12.80203,-184.34129,83.2171
Daniyal,224,1771509800624,-6.97305,-7.66005,2.45295,-44.69286,-126.42098,104.92934
Daniyal,225,1771509800637,-6.97305,-7.66005,2.45295,-18.16706,-65.3179,101.26599
Daniyal,226,1771509800649,-7.18605,-9.61905,2.031,-9.75317,-37.2086,101.26599
Daniyal,227,1771509800660,-7.18605,-9.61905,2.031,-1.40231,-18.00162,86.32898
Daniyal,228,1771509800671,-1.806,-12.09705,2.98395,14.81884,25.0447,37.24799
Daniyal,229,1771509800681,0.83595,-12.01095,5.78805,13.84194,10.10769,29.80312
Daniyal,230,1771509800692,0.83595,-12.01095,5.78805,10.24162,-11.78574,7.85453
Daniyal,231,1771509800703,-2.57895,-8.95305,5.50995,6.58615,-22.82306,-10.98217
Daniyal,232,1771509800713,-2.57895,-8.95305,5.50995,3.23005,-29.16498,-18.85246
Daniyal,233,1771509800725,-5.45295,-8.94795,5.09595,2.19801,-16.90655,-28.18021
Daniyal,234,1771509800736,-5.45295,-8.94795,5.09595,5.91651,-3.79728,-36.16867
Daniyal,235,1771509800747,-4.30605,-7.72995,5.841,10.36767,15.65392,-48.72648
Daniyal,236,1771509800758,-4.30605,-7.72995,5.841,13.66075,39.98171,-58.73175
Daniyal,237,1771509800768,-5.4,-5.34495,5.97195,17.74164,56.44708,-57.44761
Daniyal,238,1771509800780,-5.38305,-5.52195,5.69895,23.28787,74.49597,-63.54531
Daniyal,239,1771509800792,-5.38305,-5.52195,5.69895,16.64657,78.45869,-50.37302
Daniyal,240,1771509800803,-6.13695,-3.858,5.96295,1.89076,66.38145,-31.47329
Daniyal,241,1771509800813,-6.13695,-3.858,5.96295,-17.44227,17.72588,-15.74058
Daniyal,242,1771509800826,-9.96105,0.88605,7.215,-39.39085,-49.22281,2.4895
Daniyal,243,1771509800836,-9.96105,0.88605,7.215,-36.76742,-127.51605,31.02423
Daniyal,244,1771509800848,-9.801,-0.16095,4.21005,-18.96276,-115.25762,37.30313
Daniyal,245,1771509800864,-9.801,-0.16095,4.21005,-5.30201,-48.12774,36.2711
Daniyal,246,1771509800871,-8.862,-4.05405,4.18095,4.08089,13.15654,32.1193
Daniyal,247,1771509800878,-6.324,-6.15195,5.793,12.19541,36.86983,30.04734
Daniyal,248,1771509800890,-6.324,-6.15195,5.793,17.07199,36.50744,23.34302
Daniyal,249,1771509800901,-4.80405,-6.58995,5.91705,18.04889,24.37506,17.79679
Daniyal,250,1771509800915,-4.80405,-6.58995,5.91705,19.6324,4.43541,14.25949
Daniyal,251,1771509800924,-5.232,-5.10795,5.733,19.87662,-3.92333,14.19646
Daniyal,252,1771509800936,-5.232,-5.10795,5.733,16.58355,-24.04417,12.3057
Daniyal,253,1771509800946,-5.682,-5.364,5.74005,13.84194,-30.3861,7.30306
Daniyal,254,1771509800958,-5.682,-5.364,5.74005,5.30201,-21.66497,-11.47061
Daniyal,255,1771509800968,-7.014,-4.79205,6.35295,-2.00893,2.72585,-11.22639
Daniyal,256,1771509800981,-6.453,-4.93305,6.19005,-1.40231,-3.30883,-10.25738
Daniyal,257,1771509800991,-6.453,-4.93305,6.19005,1.95379,-1.66229,-9.21746
Daniyal,258,1771509801001,-6.91095,-3.91305,5.697,7.31882,3.0331,-6.16861
Daniyal,259,1771509801014,-6.91095,-3.91305,5.697,9.69803,6.20012,-1.71744
Daniyal,260,1771509801025,-6.219,-4.49505,5.86005,12.31358,10.47009,3.89182
Daniyal,261,1771509801034,-6.219,-4.49505,5.86005,11.88816,7.66546,4.38026
Daniyal,262,1771509801045,-6.55905,-4.74405,5.63205,8.72113,3.27732,7.00369
Daniyal,263,1771509801058,-6.55905,-4.74405,5.63205,6.70432,4.25421,7.18489
Daniyal,264,1771509801068,-6.28095,-3.21405,5.98695,7.98846,2.78887,0.29149
Daniyal,265,1771509801082,-8.34,1.626,6.69105,20.97169,-30.7485,-26.17128
Daniyal,266,1771509801091,-8.34,1.626,6.69105,24.45384,-57.76274,-12.57356
Daniyal,267,1771509801103,-7.05705,-0.99405,5.07405,29.4486,-40.56469,17.18229
Daniyal,268,1771509801115,-7.05705,-0.99405,5.07405,36.88559,27.84933,25.478
Daniyal,269,1771509801125,-7.05705,-4.497,7.25595,26.21855,20.46749,27.30573
Daniyal,270,1771509801135,-7.05705,-4.497,7.25595,-2.19801,-37.33465,37.97278
Daniyal,271,1771509801145,-6.99405,-4.34205,5.62005,-24.26476,-63.12777,38.16185
Daniyal,272,1771509801159,-6.99405,-4.34205,5.62005,-35.24693,-74.28326,29.0153
Daniyal,273,1771509801169,-6.73095,-6.37905,7.44195,-21.89343,-99.40675,9.98952
Daniyal,274,1771509801178,-6.73095,-6.37905,7.44195,-15.00003,-115.56487,6.0268
Daniyal,275,1771509801190,-5.283,-3.35505,7.404,-35.49115,-147.94415,-38.72908
Daniyal,276,1771509801202,-5.18205,-6.85995,6.52095,-74.81898,-181.90694,-52.26378
Daniyal,277,1771509801214,-5.18205,-6.85995,6.52095,-93.29329,-161.59702,-70.92716
Daniyal,278,1771509801225,-2.34195,-6.60705,7.90905,-120.7881,-165.31551,-75.1341
Daniyal,279,1771509801237,-2.34195,-6.60705,7.90905,-143.65843,-235.13185,-78.72655
Daniyal,280,1771509801247,-2.97195,-10.416,6.39405,-167.25354,-295.68344,-69.46182
Daniyal,281,1771509801259,-2.97195,-10.416,6.39405,-191.58133,-304.45975,-82.93349
Daniyal,282,1771509801269,-1.87095,-11.02905,7.24395,-207.49524,-287.93921,-103.42461
Daniyal,283,1771509801281,-1.87095,-11.02905,7.24395,-228.52995,-303.12045,-112.68934
Daniyal,284,1771509801291,-2.84505,-8.007,9.585,-229.45168,-365.98825,-66.10572
Daniyal,285,1771509801302,-2.11695,-8.127,-8.86605,-168.83705,-205.25783,-60.49647
Daniyal,286,1771509801312,-2.11695,-8.127,-8.86605,-89.62994,124.79809,-20.01055
Daniyal,287,1771509801322,1.617,-13.75095,1.97895,55.84834,-120.81173,68.03587
Daniyal,288,1771509801336,1.617,-13.75095,1.97895,-19.0888,0.22847,-5.01052
Daniyal,289,1771509801345,-8.75205,8.316,11.78805,47.07206,5.83772,15.17335
Daniyal,290,1771509801359,-8.75205,8.316,11.78805,63.47441,-1.2999,24.38293
Daniyal,291,1771509801369,2.35905,-9.93195,2.40495,63.11202,28.33778,16.15025
Daniyal,292,1771509801379,2.35905,-9.93195,2.40495,62.43449,24.55626,3.95484
Daniyal,293,1771509801391,-0.49905,-5.62005,4.485,58.10938,38.09095,5.2311
Daniyal,294,1771509801402,-0.34095,-9.42495,7.18605,49.87669,30.71698,4.25421
Daniyal,295,1771509801414,-0.34095,-9.42495,7.18605,41.28161,8.02785,-0.44118
Daniyal,296,1771509801426,-1.51605,-8.59905,7.68405,25.9113,-14.10192,2.12711
Daniyal,297,1771509801434,-1.51605,-8.59905,7.68405,20.12085,-24.04417,4.07301
Daniyal,298,1771509801445,-2.436,-6.89895,8.29995,21.03471,-29.7716,10.05254
Daniyal,299,1771509801458,-2.436,-6.89895,8.29995,19.51423,-5.50684,18.28523
Daniyal,300,1771509801469,-1.356,-7.98105,8.83605,29.0862,-3.67911,20.16811
Daniyal,301,1771509801478,-1.356,-7.98105,8.83605,32.8047,2.11923,6.0268
Daniyal,302,1771509801493,-1.521,-7.25805,6.48705,38.59515,20.04206,-5.74319
Daniyal,303,1771509801503,-1.947,-5.98905,4.059,38.65818,50.34938,-14.15707
Daniyal,304,1771509801513,-1.947,-5.98905,4.059,44.02321,76.50491,-8.61084
Daniyal,305,1771509801524,-2.01,-5.35695,3.798,49.14402,85.89568,9.50107
Daniyal,306,1771509801535,-2.01,-5.35695,3.798,52.37407,99.00496,21.14501
Daniyal,307,1771509801547,-2.11305,-5.69205,5.69205,64.56948,118.51918,39.31994
Daniyal,308,1771509801558,-2.11305,-5.69205,5.69205,83.95766,141.87007,52.0038
Daniyal,309,1771509801569,-4.58295,-5.769,6.83895,106.76495,159.12328,47.60778
Daniyal,310,1771509801581,-4.58295,-5.769,6.83895,139.01819,138.02553,33.40344
Daniyal,311,1771509801592,-5.67495,-7.45905,9.51105,184.99518,104.30697,-29.76372
Daniyal,312,1771509801602,-4.27905,-8.496,7.263,209.5672,113.39838,-62.74962
Daniyal,313,1771509801614,-4.27905,-8.496,7.263,201.57874,132.54233,-89.70084
Daniyal,314,1771509801624,-6.453,-3.46095,4.011,147.00664,208.51939,-101.89625
Daniyal,315,1771509801634,-6.453,-3.46095,4.011,72.98337,264.54895,-80.37309
Daniyal,316,1771509801650,-5.25105,-3.63105,11.18895,34.14399,184.42795,-82.99652
Daniyal,317,1771509801659,-5.25105,-3.63105,11.18895,25.36771,108.88419,-90.55956
Daniyal,318,1771509801669,-5.13705,-5.01195,10.08105,13.90497,40.22593,-103.787
Daniyal,319,1771509801678,-5.13705,-5.01195,10.08105,6.4601,1.74895,-141.1059
Daniyal,320,1771509801689,-6.63495,-6.41505,8.46195,-2.80463,-30.86667,-187.68951
Daniyal,321,1771509801701,-7.58595,-4.33695,7.59105,-25.06046,-89.83477,-178.42479
Daniyal,322,1771509801714,-7.58595,-4.33695,7.59105,-62.86779,-179.89012,-110.31013
Daniyal,323,1771509801725,0.654,-3.10605,7.46205,-75.85102,-249.46225,-42.5106
Daniyal,324,1771509801737,0.654,-3.10605,7.46205,-79.1441,-291.72073,-35.92445
Daniyal,325,1771509801745,1.23795,-3.69,16.31805,-114.08378,-600.06439,99.07586
Daniyal,326,1771509801757,1.23795,-3.69,16.31805,-7.74424,-223.79517,29.07045
Daniyal,327,1771509801767,-7.79205,-3.78105,1.69905,15.79573,-23.55573,-46.71754
Daniyal,328,1771509801779,-7.79205,-3.78105,1.69905,-27.68389,-57.14824,-17.63134
Daniyal,329,1771509801790,-2.472,-8.50995,6.45795,-20.30204,-7.45275,-4.70327
Daniyal,330,1771509801802,-0.48405,-4.87605,6.06795,-0.60662,71.56529,1.93803
Daniyal,331,1771509801813,-0.48405,-4.87605,6.06795,6.21588,88.76334,9.31987
Daniyal,332,1771509801824,0.73995,-5.46705,7.98105,3.60032,55.47019,16.20539
Daniyal,333,1771509801834,0.73995,-5.46705,7.98105,2.37921,13.33774,13.46379
Daniyal,334,1771509801846,1.176,-6.26205,6.597,1.64654,-17.33197,6.208
Daniyal,335,1771509801858,1.176,-6.26205,6.597,3.11188,-24.22537,2.91492
Daniyal,336,1771509801868,1.215,-6.52005,7.131,9.0205,-19.15971,-0.55935
Daniyal,337,1771509801880,1.215,-6.52005,7.131,14.38554,-13.6765,-2.38709
Daniyal,338,1771509801890,0.23505,-6.87,8.47695,15.11821,-17.395,-5.01052
Daniyal,339,1771509801902,-1.33905,-5.99805,9.063,-5.91651,-68.24858,-10.80097
Daniyal,340,1771509801911,-1.33905,-5.99805,9.063,-5.18384,-73.61362,6.33405
Daniyal,341,1771509801925,0.645,-5.35905,2.625,0,-31.72539,7.36609
Daniyal,342,1771509801936,0.645,-5.35905,2.625,24.93441,96.99603,18.82882
Daniyal,343,1771509801946,-2.127,-5.25105,3.55395,43.53476,189.31242,35.04998
Daniyal,344,1771509801956,-2.127,-5.25105,3.55395,68.59522,266.74695,54.19393
Daniyal,345,1771509801967,1.05405,-5.89995,7.60305,78.04903,316.31638,68.83157
Daniyal,346,1771509801978,1.05405,-5.89995,7.60305,74.81898,266.86511,80.96395
Daniyal,347,1771509801991,-4.78905,-4.95705,10.77495,54.87933,143.02817,100.1079
Daniyal,348,1771509802001,-4.78905,-4.95705,10.77495,44.20441,96.99603,104.19667
Daniyal,349,1771509802012,-6.10395,-4.83705,9.83895,10.61189,-9.95801,105.59898
Daniyal,350,1771509802027,-5.59095,-5.13405,8.47395,-0.60662,-42.88088,99.13101
Daniyal,351,1771509802042,-5.59095,-5.13405,8.47395,2.37921,-28.98379,83.88675
Daniyal,352,1771509802048,-5.79,-5.02395,6.588,11.64394,-0.5042,72.61308
Daniyal,353,1771509802055,-5.79,-5.02395,6.588,20.97169,26.93546,58.52692
Daniyal,354,1771509802067,-5.532,-5.12505,6.56805,26.46277,44.00745,41.26585
Daniyal,355,1771509802081,-5.532,-5.12505,6.56805,25.17863,47.54475,22.3031
Daniyal,356,1771509802090,-5.10795,-5.26095,7.572,15.97693,41.7543,5.96377
Daniyal,357,1771509802101,-5.10795,-5.26095,7.572,5.42806,17.41863,5.47533
Daniyal,358,1771509802112,-3.86505,-4.67895,8.31195,-2.80463,-5.62501,6.0268
Daniyal,359,1771509802123,-4.00605,-4.026,7.287,-0.30725,-0.99265,5.53835
Daniyal,360,1771509802136,-4.00605,-4.026,7.287,3.3561,7.66546,5.78258
Daniyal,361,1771509802146,-4.071,-3.89595,7.67505,5.36503,13.33774,5.71955
Daniyal,362,1771509802157,-4.071,-3.89595,7.67505,4.45117,11.20276,4.74266
Daniyal,363,1771509802168,-4.29405,-4.40895,7.76805,2.56041,7.24004,3.52942
Daniyal,364,1771509802179,-4.29405,-4.40895,7.76805,0.30725,2.2374,2.6707
Daniyal,365,1771509802191,-4.569,-4.54305,7.701,-2.56041,-3.49003,2.91492
Daniyal,366,1771509802202,-4.569,-4.54305,7.701,-4.51419,-6.48373,2.97795
Daniyal,367,1771509802212,-4.392,-4.44705,7.60305,-3.78152,-5.19959,2.8519
Daniyal,368,1771509802223,-4.25505,-4.332,7.31595,-0.66964,-0.19695,2.97795
Daniyal,369,1771509802234,-4.25505,-4.332,7.31595,0.7957,3.27732,2.6707
Daniyal,370,1771509802247,-4.28205,-4.47795,7.452,1.27626,3.21429,2.8519
Daniyal,371,1771509802257,-4.28205,-4.47795,7.452,-1.03992,0.65389,2.8519
Daniyal,372,1771509802268,-4.55505,-4.82805,7.62705,-2.31618,0.77206,3.15915
Daniyal,373,1771509802279,-4.55505,-4.82805,7.62705,-2.93068,1.20536,3.77364
Daniyal,374,1771509802291,-4.73205,-5.127,7.632,-3.60032,0.65389,4.31724
Daniyal,375,1771509802304,-4.42305,-4.98795,7.51695,-3.5373,0.52784,4.13604
Daniyal,376,1771509802311,-4.42305,-4.98795,7.51695,-2.56041,-0.99265,3.58457
Daniyal,377,1771509802326,-4.191,-4.98105,7.308,-2.00893,-1.41807,2.36345
Daniyal,378,1771509802333,-4.191,-4.98105,7.308,-1.89076,-2.03257,2.00106
Daniyal,379,1771509802344,-4.45395,-5.08605,7.272,-3.65547,-7.51577,1.63866
Daniyal,380,1771509802356,-4.45395,-5.08605,7.272,-5.54623,-8.61084,1.33141
Daniyal,381,1771509802368,-4.29405,-4.797,7.61505,-4.20694,-5.38079,2.42648
Daniyal,382,1771509802380,-4.29405,-4.797,7.61505,-2.25316,-4.46692,3.09612
Daniyal,383,1771509802389,-3.966,-4.38495,7.35105,-0.97689,-3.37186,3.71062
Daniyal,384,1771509802402,-3.61605,-4.593,7.62,1.15809,-0.01576,2.24528
Daniyal,385,1771509802414,-3.61605,-4.593,7.62,3.04885,3.09612,-0.19695
Daniyal,386,1771509802425,-4.38705,-4.76505,7.37295,3.84455,5.71167,-1.78047
Daniyal,387,1771509802438,-4.38705,-4.76505,7.37295,3.16702,5.71167,-1.89864
Daniyal,388,1771509802446,-4.87305,-4.971,6.954,2.49738,7.60243,-2.45011
Daniyal,389,1771509802456,-4.87305,-4.971,6.954,4.32512,15.83512,-2.51314
Daniyal,390,1771509802467,-4.81305,-4.87095,6.39405,10.24162,43.03056,-0.2521
Daniyal,391,1771509802478,-4.81305,-4.87095,6.39405,13.71589,61.19762,1.51261
Daniyal,392,1771509802491,-4.24095,-4.81095,7.086,15.55151,65.22337,2.06408
Daniyal,393,1771509802501,-4.24095,-4.81095,7.086,15.79573,63.57683,1.63866
Daniyal,394,1771509802514,-3.90105,-4.71,7.416,16.76475,60.16558,-2.14286
Daniyal,395,1771509802524,-4.12095,-4.75095,8.09595,18.65551,58.0306,-6.3498
Daniyal,396,1771509802534,-4.12095,-4.75095,8.09595,23.23272,50.956,-9.34351
Daniyal,397,1771509802546,-4.96905,-3.939,8.03895,21.46013,37.72855,-8.48479
Daniyal,398,1771509802557,-4.96905,-3.939,8.03895,13.66075,10.83248,-6.531
Daniyal,399,1771509802568,-5.09595,-4.73895,8.769,-1.03992,-50.93237,-7.57092
Daniyal,400,1771509802580,-5.09595,-4.73895,8.769,-5.24686,-63.00172,-9.46168
Daniyal,401,1771509802591,-5.172,-5.421,5.83095,-4.02574,-42.9439,-9.8871
Daniyal,402,1771509802607,-5.172,-5.421,5.83095,0.42542,-4.2227,-6.65705
Daniyal,403,1771509802613,-4.854,-4.70595,6.13005,0.1812,16.26054,-7.26367
Daniyal,404,1771509802622,-4.854,-4.70595,6.13005,4.26997,29.31467,-12.62871
Daniyal,405,1771509802633,-5.766,-6.25905,4.689,35.85355,123.4588,-25.06834
Daniyal,406,1771509802646,-10.368,-0.72405,8.37405,32.67865,118.09377,-25.06834
Daniyal,407,1771509802657,-10.368,-0.72405,8.37405,26.39975,90.95347,-23.17758
Daniyal,408,1771509802667,-10.02105,-1.39695,7.96905,53.72124,147.84961,-24.46172
Daniyal,409,1771509802680,-10.02105,-1.39695,7.96905,55.1787,151.68628,-37.50797
Daniyal,410,1771509802692,-5.805,-5.36895,7.665,46.27637,132.47931,-62.81264
Daniyal,411,1771509802701,-5.805,-5.36895,7.665,31.95386,106.63103,-76.04797
Daniyal,412,1771509802713,-5.83605,-6.741,6.291,7.56304,61.7491,-35.43601
Daniyal,413,1771509802723,-4.00605,-5.37795,5.92905,-4.87659,38.27215,9.3829
Daniyal,414,1771509802735,-4.00605,-5.37795,5.92905,-10.73007,37.66553,31.08726
Daniyal,415,1771509802746,-0.954,-4.54995,7.107,-9.14655,32.3005,40.17079
Daniyal,416,1771509802757,-0.954,-4.54995,7.107,-5.18384,28.27475,34.25428
Daniyal,417,1771509802767,1.21005,-4.11195,8.151,6.40495,29.18862,8.9496
Daniyal,418,1771509802781,1.21005,-4.11195,8.151,16.15812,32.36352,0.41754
Daniyal,419,1771509802790,-1.80405,-4.16205,7.31295,21.03471,31.20543,-5.01052
Daniyal,420,1771509802801,-1.80405,-4.16205,7.31295,19.27,26.87244,-11.28942
Daniyal,421,1771509802814,-2.57505,-4.63095,6.60405,10.30465,1.44958,-18.78943
Daniyal,422,1771509802824,-4.155,-5.268,6.43005,3.84455,-20.38083,-22.81518
Daniyal,423,1771509802834,-4.155,-5.268,6.43005,-2.98583,-39.46963,-27.75479
Daniyal,424,1771509802846,-6.07005,-5.64195,5.862,-10.48584,-54.22544,-33.11983
Daniyal,425,1771509802856,-6.07005,-5.64195,5.862,-17.25319,-64.10467,-36.5941
Daniyal,426,1771509802870,-7.842,-5.54805,7.05,-20.49112,-70.44659,-33.11983
Daniyal,427,1771509802884,-8.72295,-4.83495,7.155,-18.47431,-72.45553,-27.93599
Daniyal,428,1771509802889,-8.72295,-4.83495,7.155,-20.18387,-78.06478,-24.82411
Daniyal,429,1771509802901,-8.72295,-4.83495,7.155,-28.84198,-103.24341,-12.75476
Daniyal,430,1771509802911,-9.42195,-3.24705,6.71895,-23.78419,-92.15096,3.09612
Daniyal,431,1771509802924,-6.73605,-4.32195,6.774,-11.34456,-54.89509,10.54099
Daniyal,432,1771509802935,-6.73605,-4.32195,6.774,-6.0977,-45.74853,-1.29202
Daniyal,433,1771509802946,-6.86295,-3.43905,6.37905,-10.12345,-48.86041,-0.19695
Daniyal,434,1771509802957,-6.86295,-3.43905,6.37905,-13.1723,-51.42081,10.29677
Daniyal,435,1771509802968,-4.55505,-3.903,7.00905,-15.42546,-59.89773,22.00373
Daniyal,436,1771509802978,-4.55505,-3.903,7.00905,-13.10927,-53.61094,19.25425
Daniyal,437,1771509802991,-4.176,-5.02605,6.93,-9.94225,-41.90398,18.95488
Daniyal,438,1771509803001,-4.176,-5.02605,6.93,-8.65811,-32.70228,22.1219
Daniyal,439,1771509803011,-4.41105,-5.00505,7.062,-7.38184,-25.74586,24.25688
Daniyal,440,1771509803023,-4.79205,-4.76805,7.34895,-5.85348,-19.83723,28.10143
Daniyal,441,1771509803034,-4.79205,-4.76805,7.34895,-4.93961,-16.5993,29.62192
Daniyal,442,1771509803046,-4.74105,-4.60695,7.335,-3.96272,-15.63029,29.0153
Daniyal,443,1771509803057,-4.74105,-4.60695,7.335,-2.56041,-14.0389,27.66813
Daniyal,444,1771509803068,-4.77,-4.22895,7.011,-1.09507,-11.05307,26.0216
Daniyal,445,1771509803079,-4.77,-4.22895,7.011,0.11817,-10.3204,24.25688
Daniyal,446,1771509803091,-4.69095,-4.236,6.88005,-0.24422,-10.07618,21.9407
Daniyal,447,1771509803101,-4.69095,-4.236,6.88005,-1.58351,-10.44645,19.74269
Daniyal,448,1771509803111,-5.00205,-4.38,7.095,-2.68646,-12.14814,17.55256
Daniyal,449,1771509803123,-5.20095,-4.581,7.11405,-3.3561,-13.12503,15.11033
Daniyal,450,1771509803134,-5.20095,-4.581,7.11405,-3.60032,-12.45539,13.58984
Daniyal,451,1771509803149,-4.97895,-4.76295,7.32705,-1.70956,-7.76,8.16178
Daniyal,452,1771509803157,-4.97895,-4.76295,7.32705,-0.60662,-5.80621,5.60138
Daniyal,453,1771509803166,-5.08395,-4.64295,7.248,0.85084,-2.27679,0.84296
Daniyal,454,1771509803178,-5.08395,-4.64295,7.248,1.95379,-1.41807,1.20536
Daniyal,455,1771509803188,-4.56,-4.62705,7.39905,2.31618,-3.43488,1.26839
Daniyal,456,1771509803202,-4.56,-4.62705,7.39905,2.62343,-5.50684,0.84296
Daniyal,457,1771509803213,-4.51605,-4.536,7.45395,3.04885,-6.66493,1.15021
Daniyal,458,1771509803222,-4.51605,-4.536,7.45395,4.56934,-9.71378,5.53835
Daniyal,459,1771509803235,-4.30095,-4.45905,7.26795,5.72743,-7.27155,4.49843
Daniyal,460,1771509803245,-4.44495,-4.605,7.347,6.21588,-4.71115,4.19906
Daniyal,461,1771509803256,-4.44495,-4.605,7.347,7.68122,-3.79728,4.19906
Daniyal,462,1771509803267,-4.50705,-4.51605,7.48095,8.41389,-2.75736,3.04097
Daniyal,463,1771509803280,-4.50705,-4.51605,7.48095,5.42806,3.63971,-2.14286
Daniyal,464,1771509803292,-4.96395,-4.44705,7.869,3.04885,0.29149,-0.74055
Daniyal,465,1771509803302,-4.96395,-4.44705,7.869,1.89076,-1.96954,-0.31513
Daniyal,466,1771509803313,-5.10495,-4.44495,7.51905,1.46534,-0.56723,0.29149
Daniyal,467,1771509803324,-5.10495,-4.44495,7.51905,0.97689,0.10242,0.59874
Daniyal,468,1771509803333,-4.914,-4.44,7.23195,-0.12605,-0.63025,0.35452
Daniyal,469,1771509803345,-4.63905,-4.35795,7.30395,-0.7957,-1.2999,0.04727
Daniyal,470,1771509803357,-4.63905,-4.35795,7.30395,0.1812,-0.5042,0.90599
Daniyal,471,1771509803368,-4.674,-4.37805,7.37805,-0.06303,-1.90652,1.81986
Daniyal,472,1771509803378,-4.674,-4.37805,7.37805,-0.55147,-5.44382,1.26839
Daniyal,473,1771509803390,-5.06895,-4.60305,7.29195,-2.68646,-9.65076,2.73372
Daniyal,474,1771509803402,-5.06895,-4.60305,7.29195,-2.93068,-11.41547,3.15915
Daniyal,475,1771509803414,-5.11995,-4.65105,7.37295,-2.93068,-10.5016,3.46639
Daniyal,476,1771509803429,-4.749,-4.524,7.45005,-2.31618,-8.24844,2.91492
Daniyal,477,1771509803436,-4.749,-4.524,7.45005,-0.24422,-4.15967,1.81986
Daniyal,478,1771509803446,-4.485,-4.39695,7.05495,1.95379,1.81198,0.84296
Daniyal,479,1771509803456,-4.485,-4.39695,7.05495,2.31618,4.86083,0.77994
Daniyal,480,1771509803466,-3.894,-4.31805,7.08795,1.64654,5.83772,-0.62238
Daniyal,481,1771509803479,-3.894,-4.31805,7.08795,0.97689,5.65653,-2.20589
Daniyal,482,1771509803489,-4.31295,-4.30095,7.25295,-0.12605,3.45852,-2.56828
Daniyal,483,1771509803500,-4.31295,-4.30095,7.25295,-0.24422,3.15127,-2.14286
Daniyal,484,1771509803512,-4.761,-4.39905,7.40595,0.7957,5.34928,-1.41019
Daniyal,485,1771509803524,-4.761,-4.39905,7.40595,1.40231,7.84666,-0.67752
Daniyal,486,1771509803536,-4.65495,-4.497,7.368,2.31618,9.00475,-1.11082
Daniyal,487,1771509803546,-4.59795,-4.39395,7.19295,3.04885,9.312,-1.59927
Daniyal,488,1771509803557,-4.59795,-4.39395,7.19295,2.56041,7.54729,-2.38709
Daniyal,489,1771509803567,-4.73895,-4.368,7.21305,1.95379,6.01892,-3.36398
Daniyal,490,1771509803579,-4.73895,-4.368,7.21305,0.06303,1.56776,-3.72637
Daniyal,491,1771509803590,-5.02395,-4.38495,7.19805,-1.52837,-1.4811,-3.30095
Daniyal,492,1771509803602,-5.02395,-4.38495,7.19805,-2.93068,-2.08771,-1.89864
Daniyal,493,1771509803613,-5.19195,-4.416,7.40595,-3.5373,-1.96954,-0.0709
Daniyal,494,1771509803625,-5.19195,-4.416,7.40595,-3.47427,-0.19695,1.51261
Daniyal,495,1771509803635,-4.713,-4.43505,7.344,-2.86765,0.40966,2.00106
Daniyal,496,1771509803645,-4.38495,-4.41105,7.28895,-2.68646,-1.23687,1.88288
Daniyal,497,1771509803655,-4.38495,-4.41105,7.28895,-2.86765,-2.08771,0.96114
Daniyal,498,1771509803667,-4.38495,-4.36995,7.36305,-3.29307,-1.23687,0.53572
Daniyal,499,1771509803676,-4.38495,-4.36995,7.36305,-3.84455,-2.21377,0.17332
Daniyal,500,1771509803688,-4.81995,-4.42095,7.64595,-2.93068,-2.82038,-0.13393
Daniyal,501,1771509803700,-4.81995,-4.42095,7.64595,-1.95379,-2.15074,0.96114
Daniyal,502,1771509803711,-5.06205,-4.35795,7.54995,-1.89076,-0.63025,2.60767
Daniyal,503,1771509803723,-5.06205,-4.35795,7.54995,-2.19801,0.59086,4.25421
Daniyal,504,1771509803735,-4.63395,-4.33905,7.359,-1.22112,3.15127,5.8456
Daniyal,505,1771509803746,-4.56705,-4.488,7.248,-0.48845,1.93015,4.93173
Daniyal,506,1771509803755,-4.56705,-4.488,7.248,-0.42542,1.38656,3.77364
Daniyal,507,1771509803767,-4.90395,-4.524,7.32495,-1.22112,-0.01576,3.09612
Daniyal,508,1771509803779,-4.90395,-4.524,7.32495,-2.07196,-2.15074,3.09612
Daniyal,509,1771509803792,-5.23695,-4.47105,7.57605,-1.58351,-1.05567,4.13604
Daniyal,510,1771509803800,-5.23695,-4.47105,7.57605,-0.42542,-0.323,4.80568
Daniyal,511,1771509803813,-5.26605,-4.497,7.46895,-0.1812,-1.78834,5.11293
Daniyal,512,1771509803821,-5.26605,-4.497,7.46895,0.1812,-3.79728,5.29413
Daniyal,513,1771509803833,-4.923,-4.47105,6.99195,0.11817,-6.11346,4.93173
Daniyal,514,1771509803844,-4.41105,-4.674,7.143,-2.7416,-6.42071,2.8519
Daniyal,515,1771509803856,-4.41105,-4.674,7.143,-4.08877,-7.33458,2.36345
Daniyal,516,1771509803868,-4.54305,-4.548,7.23195,-3.96272,-8.49267,1.81986
Daniyal,517,1771509803879,-4.54305,-4.548,7.23195,-2.49738,-6.60191,2.60767
Daniyal,518,1771509803890,-4.48305,-4.36995,7.167,-2.25316,-4.28572,3.22217
Daniyal,519,1771509803901,-4.48305,-4.36995,7.167,-2.80463,-3.30883,2.60767
Daniyal,520,1771509803911,-4.06095,-4.39695,7.19595,-2.56041,-1.41807,1.51261
Daniyal,521,1771509803922,-4.06095,-4.39695,7.19595,-2.00893,1.20536,0.35452
Daniyal,522,1771509803934,-4.011,-4.35795,7.5,-1.15809,1.56776,-0.44118
Daniyal,523,1771509803951,-4.46895,-4.30305,7.572,1.03992,1.81198,-0.80357
Daniyal,524,1771509803958,-4.46895,-4.30305,7.572,1.33929,1.56776,-0.37815
Daniyal,525,1771509803966,-4.99995,-4.43295,7.521,2.31618,0.29149,0.66177
Daniyal,526,1771509803978,-4.99995,-4.43295,7.521,2.86765,-0.19695,1.20536
Daniyal,527,1771509803990,-5.23695,-4.56195,7.098,1.58351,-0.323,3.77364
Daniyal,528,1771509804002,-5.23695,-4.56195,7.098,0.73267,0.16544,3.77364
Daniyal,529,1771509804014,-4.78695,-4.75095,7.227,0.7957,-0.07878,2.91492
Daniyal,530,1771509804023,-4.78695,-4.75095,7.227,0.7957,-1.66229,2.12711
Daniyal,531,1771509804033,-4.56195,-4.734,7.43805,2.00893,0.04727,0.77994
Daniyal,532,1771509804045,-4.569,-4.58805,7.56495,4.87659,-1.2999,0.29149
Daniyal,533,1771509804055,-4.569,-4.58805,7.56495,6.58615,-4.8372,0.23635
Daniyal,534,1771509804068,-4.356,-4.22895,7.31805,8.41389,-8.67386,2.73372
Daniyal,535,1771509804078,-4.356,-4.22895,7.31805,7.61819,-3.73425,0.96114
Daniyal,536,1771509804088,-4.35795,-4.27005,7.383,7.43699,0.89811,1.08719
Daniyal,537,1771509804101,-4.35795,-4.27005,7.383,7.19277,5.46745,-1.22899
Daniyal,538,1771509804112,-4.56,-4.44495,7.50495,7.01157,6.14497,-1.89864
Daniyal,539,1771509804122,-4.56,-4.44495,7.50495,5.42806,1.81198,-3.36398
Daniyal,540,1771509804133,-4.947,-4.404,7.476,5.05779,1.99318,-3.9706
Daniyal,541,1771509804143,-4.947,-4.404,7.476,5.00264,2.2374,-4.03362
Daniyal,542,1771509804157,-5.14395,-4.212,7.49295,4.87659,1.44958,-4.03362
Daniyal,543,1771509804169,-5.295,-4.107,7.5,4.87659,-0.74843,-3.11976
Daniyal,544,1771509804179,-5.295,-4.107,7.5,3.65547,-4.0415,-1.59927
Daniyal,545,1771509804189,-5.05995,-4.392,6.954,1.82774,-5.19959,-1.22899
Daniyal,546,1771509804207,-5.05995,-4.392,6.954,-0.06303,-2.39496,-1.11082
Daniyal,547,1771509804213,-4.68405,-4.24095,7.119,-1.15809,-0.63025,-1.11082
Daniyal,548,1771509804222,-4.68405,-4.24095,7.119,-1.40231,1.63078,-1.89864
Daniyal,549,1771509804234,-4.45395,-4.36095,7.536,-0.7957,3.27732,-2.38709
Daniyal,550,1771509804246,-4.722,-4.14495,7.557,2.31618,5.4123,-3.11976
Daniyal,551,1771509804255,-4.722,-4.14495,7.557,2.56041,3.82091,-3.24581
Daniyal,552,1771509804267,-5.27295,-4.251,7.13595,0.11817,-1.96954,-2.14286
Daniyal,553,1771509804280,-5.27295,-4.251,7.13595,-2.00893,-5.01839,-1.16597
Daniyal,554,1771509804291,-4.749,-4.50705,7.17195,-1.95379,-0.56723,-0.19695
Daniyal,555,1771509804301,-4.749,-4.50705,7.17195,-2.13498,-0.81145,-0.44118
Daniyal,556,1771509804312,-4.50195,-4.39005,7.296,-2.49738,-1.23687,-1.22899
Daniyal,557,1771509804323,-4.50195,-4.39005,7.296,-2.49738,-1.41807,-1.53624
Daniyal,558,1771509804333,-4.73895,-4.39005,7.44495,-2.56041,-1.72532,-1.35505
Daniyal,559,1771509804345,-4.73895,-4.39005,7.44495,-3.04885,-2.70221,-1.47322
Daniyal,560,1771509804355,-4.818,-4.404,7.59795,-2.25316,-1.96954,-0.74055
Daniyal,561,1771509804367,-4.38,-4.45905,7.371,-2.07196,-1.05567,-0.2521
Daniyal,562,1771509804378,-4.38,-4.45905,7.371,-1.52837,0.52784,-0.44118
Daniyal,563,1771509804389,-4.119,-4.464,7.311,-0.66964,0.65389,-0.98477
Daniyal,564,1771509804401,-4.119,-4.464,7.311,-0.06303,0.89811,-2.26891
Daniyal,565,1771509804413,-4.17405,-4.416,7.215,-0.30725,3.0331,-3.18278
Daniyal,566,1771509804424,-4.17405,-4.416,7.215,-0.55147,2.17437,-3.427
Daniyal,567,1771509804433,-4.84005,-4.40895,7.476,0.1812,0.04727,-3.30095
Daniyal,568,1771509804451,-4.84005,-4.40895,7.476,0.66964,0.77206,-2.75736
Daniyal,569,1771509804456,-5.09595,-4.33905,7.46205,0.1812,0.52784,-1.11082
Daniyal,570,1771509804465,-4.63395,-4.30305,7.36305,-0.06303,1.93015,-0.49632
Daniyal,571,1771509804478,-4.63395,-4.30305,7.36305,-0.06303,3.70274,-0.13393
Daniyal,572,1771509804490,-4.45905,-4.227,7.40205,0,2.72585,-1.0478
Daniyal,573,1771509804501,-4.45905,-4.227,7.40205,0.24422,3.57669,-1.71744
Daniyal,574,1771509804511,-4.617,-4.2,7.347,0,3.33247,-1.47322
Daniyal,575,1771509804521,-4.617,-4.2,7.347,-0.30725,2.66282,-1.35505
Daniyal,576,1771509804534,-4.82805,-4.32,7.49505,-0.1812,2.8519,-0.98477
Daniyal,577,1771509804546,-4.82805,-4.32,7.49505,0.30725,3.82091,-0.31513
Daniyal,578,1771509804555,-4.947,-4.49505,7.54095,0.55147,3.70274,-0.0709
Daniyal,579,1771509804569,-4.96905,-4.476,7.43805,1.27626,4.25421,0.04727
Daniyal,580,1771509804578,-4.96905,-4.476,7.43805,2.07196,2.78887,0.77994
Daniyal,581,1771509804589,-4.86795,-4.33695,7.23405,1.15809,3.27732,0.48057
Daniyal,582,1771509804600,-4.86795,-4.33695,7.23405,-0.24422,2.0562,0.77994
Daniyal,583,1771509804611,-4.785,-4.224,7.428,-1.33929,-1.54412,0.66177
Daniyal,584,1771509804622,-4.785,-4.224,7.428,-2.07196,-1.78834,0.59874
Daniyal,585,1771509804633,-4.89705,-4.23195,7.569,-2.56041,-2.21377,0.84296
Daniyal,586,1771509804644,-4.89705,-4.23195,7.569,-2.7416,-3.55305,0.84296
Daniyal,587,1771509804655,-4.87995,-4.437,7.41405,-1.22112,-0.92962,-0.00788
Daniyal,588,1771509804667,-4.794,-4.52805,7.32495,0,-0.87448,-0.31513
Daniyal,589,1771509804677,-4.794,-4.52805,7.32495,-0.12605,-2.57616,-0.8666
Daniyal,590,1771509804687,-4.63905,-4.473,7.32,0.11817,-3.12763,-1.47322
Daniyal,591,1771509804703,-4.63905,-4.473,7.32,-0.24422,-4.46692,-1.59927
Daniyal,592,1771509804709,-4.653,-4.31295,7.251,-0.85084,-4.95537,-1.22899
Daniyal,593,1771509804720,-4.653,-4.31295,7.251,-0.55147,-4.15967,0.11029
Daniyal,594,1771509804733,-4.749,-4.36095,7.21995,0,-3.43488,1.63866
Daniyal,595,1771509804745,-4.749,-4.36095,7.21995,0.11817,-2.21377,2.6707
Daniyal,596,1771509804757,-4.425,-4.44705,7.179,0.91387,0.34664,3.15915
Daniyal,597,1771509804766,-3.95895,-4.35405,7.368,0.48845,-2.27679,5.4123
Daniyal,598,1771509804778,-3.95895,-4.35405,7.368,-0.24422,-3.61608,4.13604
Daniyal,599,1771509804789,-4.30095,-4.42095,7.57905,0.66964,-0.6854,1.26839
Daniyal,600,1771509804800,-4.30095,-4.42095,7.57905,1.76471,-0.92962,1.57563
Daniyal,601,1771509804812,-4.57095,-4.43505,7.53105,2.9228,-0.44118,1.15021
Daniyal,602,1771509804822,-4.57095,-4.43505,7.53105,3.96272,0.83509,0.96114
Daniyal,603,1771509804834,-4.76295,-4.452,7.36305,4.45117,1.74895,-0.0709
Daniyal,604,1771509804846,-4.76295,-4.452,7.36305,4.69539,3.76576,-1.16597
Daniyal,605,1771509804855,-4.62405,-4.476,7.296,4.69539,4.30936,-1.41019
Daniyal,606,1771509804867,-4.49505,-4.392,7.15995,3.7185,1.99318,-0.2521
Daniyal,607,1771509804878,-4.49505,-4.392,7.15995,2.19013,3.09612,-2.69433
Daniyal,608,1771509804891,-4.96905,-4.21995,7.33905,1.52049,2.90704,-2.87553
Daniyal,609,1771509804901,-4.96905,-4.21995,7.33905,1.03204,0.40966,-0.49632
Daniyal,610,1771509804911,-5.055,-4.26495,7.68405,1.40231,-2.03257,-0.44118
Daniyal,611,1771509804922,-5.055,-4.26495,7.68405,2.43435,-3.06461,-1.41019
Daniyal,612,1771509804934,-5.17995,-4.36305,7.45695,2.49738,-3.43488,-0.98477
Daniyal,613,1771509804946,-5.17995,-4.36305,7.45695,2.31618,-3.37186,-0.62238
Daniyal,614,1771509804954,-4.84905,-4.22895,7.203,1.27626,-3.37186,-0.31513
Daniyal,615,1771509804974,-4.713,-4.26705,7.18605,-0.37027,-3.67911,-0.37815
Daniyal,616,1771509804979,-4.713,-4.26705,7.18605,-1.58351,-3.73425,-0.74055
Daniyal,617,1771509804987,-4.95,-4.28895,7.31805,-2.19801,-4.8372,-0.55935
Daniyal,618,1771509804999,-4.95,-4.28895,7.31805,-3.29307,-5.62501,-0.13393
Daniyal,619,1771509805009,-4.84005,-4.31805,7.44495,-3.23005,-5.01839,-0.00788
Daniyal,620,1771509805021,-4.84005,-4.31805,7.44495,-3.5373,-4.15967,0.90599
Daniyal,621,1771509805033,-4.37505,-4.272,7.323,-3.66335,-2.75736,0.53572
Daniyal,622,1771509805044,-4.37505,-4.272,7.323,-3.1749,-0.92962,0.23635
Daniyal,623,1771509805057,-4.33005,-4.31505,7.31595,-3.60032,-0.63025,-0.37815
Daniyal,624,1771509805068,-4.35105,-4.40595,7.40895,-3.60032,0.52784,-0.6854
Daniyal,625,1771509805078,-4.35105,-4.40595,7.40895,-4.14392,0.16544,-0.6854
Daniyal,626,1771509805089,-4.57905,-4.53105,7.56495,-4.33299,-1.90652,-0.2521
Daniyal,627,1771509805098,-4.57905,-4.53105,7.56495,-4.20694,-2.82038,-0.00788
Daniyal,628,1771509805112,-4.73895,-4.42305,7.632,-3.3561,-2.21377,0.04727
Daniyal,629,1771509805123,-4.73895,-4.42305,7.632,-2.98583,-1.4811,0.48057
Daniyal,630,1771509805133,-4.45695,-4.39005,7.296,-3.04885,0.16544,0.23635
Daniyal,631,1771509805144,-4.45695,-4.39005,7.296,-2.7416,0.77994,-0.31513
Daniyal,632,1771509805154,-4.31805,-4.332,7.356,-2.44223,0.40966,-0.8666
Daniyal,633,1771509805165,-4.31805,-4.332,7.356,-2.19801,-0.07878,-1.59927
Daniyal,634,1771509805177,-4.44195,-4.449,7.56,-1.28414,1.26051,-2.38709
Daniyal,635,1771509805188,-4.68405,-4.536,7.45395,-1.22112,-1.11082,-0.37815
Daniyal,636,1771509805202,-4.68405,-4.536,7.45395,-1.22112,0.04727,-2.20589
Daniyal,637,1771509805209,-4.88805,-4.464,7.50495,-0.91387,0.40966,-1.59927
Daniyal,638,1771509805221,-4.88805,-4.464,7.50495,-1.40231,0.22847,-0.98477
Daniyal,639,1771509805232,-4.42095,-4.43505,7.416,-1.46534,0.89811,-1.78047
Daniyal,640,1771509805244,-4.42095,-4.43505,7.416,-0.91387,1.50473,-2.08771
Daniyal,641,1771509805255,-4.37805,-4.35405,7.596,-0.6145,-0.07878,-2.63131
Daniyal,642,1771509805266,-4.57905,-4.39695,7.845,0.54359,-0.323,-2.81251
Daniyal,643,1771509805276,-4.57905,-4.39695,7.845,0.54359,-0.323,-2.81251
Daniyal,644,1771509805288,-5.03595,-4.32495,7.41405,2.56041,0.34664,-0.2521
Daniyal,645,1771509805299,-5.03595,-4.32495,7.41405,2.7416,3.09612,1.08719
Daniyal,646,1771509805311,-5.079,-4.42095,7.395,2.43435,4.12816,2.36345
Daniyal,647,1771509805321,-5.079,-4.42095,7.395,0.91387,2.6707,2.4895
Daniyal,648,1771509805334,-4.66695,-4.52595,7.41105,1.09507,2.97007,2.00106
Daniyal,649,1771509805344,-4.66695,-4.52595,7.41105,0.7957,1.44958,1.39444
Daniyal,650,1771509805356,-4.44705,-4.32705,7.42305,-0.1812,-0.25998,1.08719
Daniyal,651,1771509805365,-4.44705,-4.32705,7.42305,-0.30725,0.22847,0.66177
Daniyal,652,1771509805377,-4.57395,-4.34895,7.42095,-0.91387,-2.08771,1.15021
Daniyal,653,1771509805388,-4.86405,-4.37295,7.24605,-1.58351,-3.24581,1.26839
Daniyal,654,1771509805400,-4.86405,-4.37295,7.24605,-1.64654,-1.84349,1.63866
Daniyal,655,1771509805410,-4.81095,-4.38195,7.39905,-1.95379,-1.2999,1.93803
Daniyal,656,1771509805422,-4.81095,-4.38195,7.39905,-0.66964,1.02416,2.06408
Daniyal,657,1771509805433,-4.30605,-4.46895,7.497,0.73267,3.34034,2.18225
Daniyal,658,1771509805443,-4.30605,-4.46895,7.497,1.46534,3.0331,1.33141
Daniyal,659,1771509805457,-4.25295,-4.43505,7.28205,1.46534,3.0331,0.35452
Daniyal,660,1771509805463,-4.25295,-4.43505,7.28205,0.48845,1.93803,-0.2521
Daniyal,661,1771509805476,-4.782,-4.30095,7.41105,-0.97689,-0.8666,-0.00788
Daniyal,662,1771509805489,-4.95495,-4.39695,7.584,-0.66964,-0.25998,1.39444
Daniyal,663,1771509805500,-4.95495,-4.39695,7.584,0.66964,1.93803,2.37133
Daniyal,664,1771509805510,-4.63905,-4.45905,7.26,1.82774,3.52154,3.15915
Daniyal,665,1771509805522,-4.63905,-4.45905,7.26,3.16702,4.43541,2.97795
Daniyal,666,1771509805534,-4.416,-4.50405,7.098,2.67858,2.2374,1.88288
Daniyal,667,1771509805545,-4.416,-4.50405,7.098,1.15809,0.71691,0.17332
Daniyal,668,1771509805556,-4.368,-4.45395,7.284,-0.37027,0.89811,-0.8666
Daniyal,669,1771509805566,-4.368,-4.45395,7.284,-1.89076,-0.6854,-1.53624
Daniyal,670,1771509805578,-4.725,-4.464,7.63605,-0.97689,-1.59927,-1.59927
Daniyal,671,1771509805586,-4.84005,-4.34895,7.581,0.66964,-0.74843,-0.98477
Daniyal,672,1771509805601,-4.84005,-4.34895,7.581,1.22112,-1.23687,-0.6854
Daniyal,673,1771509805611,-4.545,-4.39005,7.179,1.95379,-0.01576,-0.2521
Daniyal,674,1771509805622,-4.545,-4.39005,7.179,2.19801,1.74895,-0.31513
Daniyal,675,1771509805633,-4.548,-4.35105,7.28895,1.46534,0.34664,-1.16597
Daniyal,676,1771509805645,-4.548,-4.35105,7.28895,0.85084,0.59086,-1.59927
Daniyal,677,1771509805653,-4.78005,-4.31505,7.40895,-0.30725,-0.5042,-1.29202
Daniyal,678,1771509805666,-4.78005,-4.31505,7.40895,-1.22112,-1.96954,-0.8666
Daniyal,679,1771509805678,-4.899,-4.332,7.56705,0.11817,-1.4811,0.11029
Daniyal,680,1771509805688,-4.806,-4.332,7.27995,0.60662,-0.44118,0.84296
Daniyal,681,1771509805707,-4.806,-4.332,7.27995,0.85084,1.69381,0.71691
Daniyal,682,1771509805713,-4.59795,-4.40895,7.21695,0.42542,0.16544,0.35452
Daniyal,683,1771509805722,-4.59795,-4.40895,7.21695,0.24422,-1.11082,-0.00788
Daniyal,684,1771509805734,-4.54005,-4.368,7.37505,0.3624,0.22847,-0.55935
Daniyal,685,1771509805745,-4.54005,-4.368,7.37505,-0.42542,0.16544,-0.37815
Daniyal,686,1771509805756,-4.98105,-4.32705,7.632,-0.06303,-0.56723,0.04727
Daniyal,687,1771509805765,-4.98105,-4.32705,7.632,1.46534,1.50473,0.96114
Daniyal,688,1771509805776,-5.08905,-4.33005,7.51695,1.76471,1.56776,2.18225
Daniyal,689,1771509805787,-4.48005,-4.42095,7.20795,1.33929,0.59086,2.11923
Daniyal,690,1771509805799,-4.48005,-4.42095,7.20795,1.40231,1.32353,1.33141
Daniyal,691,1771509805811,-4.32195,-4.38705,7.308,0.97689,-0.74843,0.11029
Daniyal,692,1771509805821,-4.32195,-4.38705,7.308,0.78782,-2.02469,-1.11082
Daniyal,693,1771509805834,-4.56,-4.32705,7.35105,0.1812,-1.66229,-1.71744
Daniyal,694,1771509805843,-4.56,-4.32705,7.35105,-0.42542,-2.21377,-1.53624
Daniyal,695,1771509805853,-4.782,-4.33395,7.536,0.3624,-1.35505,-0.37815
Daniyal,696,1771509805866,-4.782,-4.33395,7.536,1.58351,-0.62238,0.41754
Daniyal,697,1771509805878,-4.71795,-4.368,7.371,2.37921,1.44958,0.84296
Daniyal,698,1771509805889,-4.51905,-4.44195,7.30395,2.37921,1.93803,0.23635
Daniyal,699,1771509805900,-4.51905,-4.44195,7.30395,2.13498,-0.01576,-0.44118
Daniyal,700,1771509805912,-4.47105,-4.33395,7.32705,1.52049,-0.01576,-1.29202
Daniyal,701,1771509805921,-4.47105,-4.33395,7.32705,1.03204,0.29149,-1.71744
Daniyal,702,1771509805939,-4.84905,-4.275,7.51695,-0.30725,-1.78834,-1.29202
Daniyal,703,1771509805944,-4.84905,-4.275,7.51695,0,-1.05567,-0.6854
Daniyal,704,1771509805955,-4.83495,-4.13295,7.632,0.91387,0.59086,0.47269
Daniyal,705,1771509805965,-4.83495,-4.13295,7.632,1.03204,1.32353,1.15021
Daniyal,706,1771509805977,-4.452,-4.18095,7.51905,2.56041,3.63971,1.93803
Daniyal,707,1771509805987,-4.34895,-4.27005,7.46205,3.83667,5.10505,1.20536
Daniyal,708,1771509805998,-4.34895,-4.27005,7.46205,2.98583,3.09612,0.04727
Daniyal,709,1771509806010,-4.54995,-4.35405,7.31595,2.25316,2.66282,-0.62238
Daniyal,710,1771509806021,-4.54995,-4.35405,7.31595,1.09507,1.38656,-0.8666
Daniyal,711,1771509806032,-4.91895,-4.32495,7.43805,-0.24422,0.22847,-0.6854
Daniyal,712,1771509806043,-4.91895,-4.32495,7.43805,-0.06303,1.07931,0.17332
Daniyal,713,1771509806055,-5.031,-4.311,7.51905,0.91387,2.54465,0.96114
Daniyal,714,1771509806067,-5.031,-4.311,7.51905,1.64654,4.79781,0.96114
Daniyal,715,1771509806077,-4.926,-4.34205,7.37805,1.94591,4.06514,0.90599
Daniyal,716,1771509806086,-4.926,-4.34205,7.37805,1.58351,1.81198,1.02416
Daniyal,717,1771509806097,-4.90695,-4.263,7.38495,0.24422,-0.25998,0.84296
Daniyal,718,1771509806111,-5.02605,-4.287,7.34895,-0.73267,-2.26891,1.15021
Daniyal,719,1771509806122,-5.02605,-4.287,7.34895,-1.28414,-3.37186,1.08719
Daniyal,720,1771509806131,-4.89,-4.287,7.49295,-0.7957,-3.30883,1.93803
Daniyal,721,1771509806143,-4.89,-4.287,7.49295,-0.66964,-4.15967,2.11923
Daniyal,722,1771509806156,-4.63605,-4.37295,7.18095,-0.42542,-2.75736,2.06408
Daniyal,723,1771509806169,-4.63605,-4.37295,7.18095,0.29937,-1.11082,1.69381
Daniyal,724,1771509806176,-4.42995,-4.497,7.30095,0.60662,-1.17385,1.33141
Daniyal,725,1771509806187,-4.42995,-4.497,7.30095,0.97689,-1.2999,0.41754
Daniyal,726,1771509806199,-4.34895,-4.51605,7.39005,0.48845,-1.17385,-0.31513
Daniyal,727,1771509806210,-4.51605,-4.42095,7.521,-0.37027,-3.12763,-0.62238
Daniyal,728,1771509806221,-4.51605,-4.42095,7.521,0.29937,-3.30883,-0.37815
Daniyal,729,1771509806233,-4.51395,-4.413,7.51905,1.70168,-2.45799,-0.00788
Daniyal,730,1771509806244,-4.51395,-4.413,7.51905,2.37921,-0.323,-0.31513
Daniyal,731,1771509806257,-4.19295,-4.47105,7.29405,2.9228,1.26051,-0.8666
Daniyal,732,1771509806266,-4.19295,-4.47105,7.29405,2.67858,1.38656,-1.53624
Daniyal,733,1771509806277,-4.24305,-4.34895,7.356,2.31618,1.20536,-2.02469
Daniyal,734,1771509806289,-4.437,-4.24095,7.60305,2.67858,2.60767,-2.08771
Daniyal,735,1771509806299,-4.437,-4.24095,7.60305,2.37921,1.38656,-1.89864
Daniyal,736,1771509806311,-4.82505,-4.19295,7.69395,2.86765,1.99318,-1.65442
Daniyal,737,1771509806323,-4.82505,-4.19295,7.69395,3.78152,3.52154,0.23635
Daniyal,738,1771509806331,-4.734,-4.05705,7.797,4.26997,3.34034,2.79675
Daniyal,739,1771509806343,-4.734,-4.05705,7.797,4.93961,4.61661,1.69381
Daniyal,740,1771509806354,-4.96905,-4.23405,7.39695,5.48321,7.72848,1.51261
Daniyal,741,1771509806367,-4.96905,-4.23405,7.39695,4.32512,7.17701,0.90599
Daniyal,742,1771509806377,-4.69605,-4.07595,7.43505,2.7416,5.53048,-0.0709
Daniyal,743,1771509806387,-4.69605,-4.07595,7.43505,1.58351,4.12816,-0.98477
Daniyal,744,1771509806398,-5.307,-3.98205,7.87305,2.07196,2.54465,-1.47322
Daniyal,745,1771509806408,-5.95305,-4.07295,7.605,3.34822,3.27732,-1.41019
Daniyal,746,1771509806421,-5.95305,-4.07295,7.605,4.87659,1.14233,2.24528
Daniyal,747,1771509806433,-5.517,-4.272,7.26,3.78152,2.0562,-1.59927
Daniyal,748,1771509806444,-5.517,-4.272,7.26,2.19013,-0.56723,-2.87553
Daniyal,749,1771509806454,-5.13405,-4.37505,7.32,1.70168,-3.24581,-3.73425
Daniyal,750,1771509806466,-5.13405,-4.37505,7.32,1.15809,-4.71115,-3.7894
Daniyal,751,1771509806476,-5.031,-4.299,7.16505,0.78782,-3.73425,-2.75736
Daniyal,752,1771509806488,-5.031,-4.299,7.16505,-0.12605,-5.26262,-1.78047
Daniyal,753,1771509806499,-5.175,-4.30095,7.15305,-2.62343,-10.1392,0.11029
Daniyal,754,1771509806509,-5.00205,-4.36095,7.21005,-4.02574,-10.69068,1.51261
Daniyal,755,1771509806521,-5.00205,-4.36095,7.21005,-5.00264,-9.09929,2.36345
Daniyal,756,1771509806533,-4.25505,-4.26705,7.26495,-4.02574,-7.20853,3.82879
Daniyal,757,1771509806541,-4.25505,-4.26705,7.26495,-2.62343,-4.10453,3.52154
Daniyal,758,1771509806552,-3.78405,-4.05,7.42995,-1.15809,-2.57616,2.97795
Daniyal,759,1771509806565,-3.78405,-4.05,7.42995,1.03204,1.32353,0.96114
Daniyal,760,1771509806576,-3.858,-3.93,7.52895,1.70168,2.97007,0.47269
Daniyal,761,1771509806586,-3.858,-3.93,7.52895,1.52049,3.09612,0.29149
Daniyal,762,1771509806597,-4.344,-4.07595,7.57905,2.07196,4.43541,0.41754
Daniyal,763,1771509806609,-4.662,-4.23195,7.533,3.5373,7.97271,0.90599
Daniyal,764,1771509806624,-4.662,-4.23195,7.533,3.04885,6.81462,1.08719
Daniyal,765,1771509806629,-4.725,-4.54305,7.344,3.04885,6.57039,0.66177
Daniyal,766,1771509806642,-4.725,-4.54305,7.344,3.29307,6.32617,0.71691
Daniyal,767,1771509806653,-4.87605,-4.57395,7.287,1.82774,4.43541,0.84296
Daniyal,768,1771509806665,-4.87605,-4.57395,7.287,0.60662,2.36345,0.53572
Daniyal,769,1771509806676,-4.91895,-4.44195,7.43295,-0.24422,0.34664,0.90599
Daniyal,770,1771509806689,-4.91895,-4.44195,7.43295,-0.48845,-0.8666,1.51261
Daniyal,771,1771509806700,-4.89495,-4.296,7.48305,-0.48845,-0.38603,2.24528
Daniyal,772,1771509806710,-4.662,-4.152,7.40595,-1.22112,0.29149,3.22217
Daniyal,773,1771509806721,-4.662,-4.152,7.40595,-1.28414,0.89811,4.07301
Daniyal,774,1771509806733,-4.32195,-4.20795,7.548,-0.7957,3.45852,3.52154
Daniyal,775,1771509806743,-4.32195,-4.20795,7.548,-0.48845,3.88394,3.22217
Daniyal,776,1771509806753,-4.227,-4.13805,7.49295,-0.30725,2.78887,3.64759
Daniyal,777,1771509806765,-4.227,-4.13805,7.49295,-0.7957,1.99318,3.34034
Daniyal,778,1771509806777,-4.66005,-4.083,7.65495,-1.15809,0.22847,3.95484
Daniyal,779,1771509806789,-4.66005,-4.083,7.65495,-0.85872,-1.17385,4.49843
Daniyal,780,1771509806798,-4.878,-4.06395,7.60305,-0.73267,-2.15074,5.71955
Daniyal,781,1771509806811,-4.902,-3.987,7.28895,-1.46534,0.04727,6.208
Daniyal,782,1771509806822,-4.902,-3.987,7.28895,-1.46534,1.50473,7.12187
Daniyal,783,1771509806834,-4.59795,-4.04505,7.24605,-1.77259,0.34664,7.97271
Daniyal,784,1771509806847,-4.59795,-4.04505,7.24605,-2.50526,1.07931,7.36609
Daniyal,785,1771509806861,-4.52595,-4.16205,7.54305,-2.68646,1.93803,6.94067
Daniyal,786,1771509806868,-4.713,-4.18095,8.08395,-0.24422,4.43541,6.08983
Daniyal,787,1771509806877,-4.713,-4.18095,8.08395,1.76471,6.81462,5.60138
Daniyal,788,1771509806888,-4.713,-4.18095,8.08395,7.56304,15.52787,4.86871
Daniyal,789,1771509806898,-5.13195,-4.062,7.63605,8.53206,17.48166,5.29413
Daniyal,790,1771509806909,-5.148,-3.99195,7.70295,9.57198,19.19122,7.00369
Daniyal,791,1771509806920,-5.148,-3.99195,7.70295,9.8162,16.74899,7.67334
Daniyal,792,1771509806932,-4.99005,-4.07805,7.25295,8.83931,12.29782,7.91756
Daniyal,793,1771509806941,-4.99005,-4.07805,7.25295,6.0977,8.27208,7.00369
Daniyal,794,1771509806954,-5.19195,-4.05405,7.33905,1.82774,1.81198,5.29413
Daniyal,795,1771509806965,-5.19195,-4.05405,7.33905,1.52049,0.34664,4.25421
Daniyal,796,1771509806978,-5.39295,-4.191,7.914,3.34822,1.01628,3.09612
Daniyal,797,1771509806988,-5.39295,-4.191,7.914,4.75054,0.77206,2.42648
Daniyal,798,1771509806999,-5.694,-4.25295,7.146,4.81356,1.26051,2.4895
Daniyal,799,1771509807009,-5.18205,-4.20795,6.918,4.14392,2.60767,3.40337
Daniyal,800,1771509807021,-5.18205,-4.20795,6.918,1.89076,-1.4811,2.4895
Daniyal,801,1771509807033,-4.53795,-4.251,7.12395,-0.6145,-5.50684,0.53572
Daniyal,802,1771509807042,-4.53795,-4.251,7.12395,-2.07196,-8.42964,-1.59927
Daniyal,803,1771509807053,-4.51395,-3.95895,7.275,-2.31618,-12.14814,0.66177
Daniyal,804,1771509807065,-4.51395,-3.95895,7.275,-0.91387,-7.51577,-0.37815
Daniyal,805,1771509807074,-5.115,-3.70695,7.24605,0.91387,-0.56723,0.29149
Daniyal,806,1771509807087,-5.115,-3.70695,7.24605,0.91387,0.71691,1.20536
Daniyal,807,1771509807097,-4.60695,-3.78405,7.27995,0.11817,2.78887,1.69381
Daniyal,808,1771509807109,-4.60995,-3.666,7.40895,-1.33929,1.56776,0.53572
Daniyal,809,1771509807121,-4.60995,-3.666,7.40895,-1.52837,2.30043,0.17332
Daniyal,810,1771509807132,-4.93995,-3.74805,7.66995,-0.7957,3.70274,-1.35505
Daniyal,811,1771509807142,-4.93995,-3.74805,7.66995,-0.06303,2.97007,-0.74055
Daniyal,812,1771509807154,-5.44095,-3.786,7.53105,0.42542,2.18225,0.23635
Daniyal,813,1771509807165,-5.44095,-3.786,7.53105,0.54359,2.36345,0.84296
Daniyal,814,1771509807176,-5.28705,-3.97995,7.19805,0.66964,2.4186,1.26839
Daniyal,815,1771509807187,-5.28705,-3.97995,7.19805,0.66964,2.18225,1.08719
Daniyal,816,1771509807198,-5.04795,-4.11195,7.04505,0.54359,1.07931,0.53572
Daniyal,817,1771509807210,-5.019,-4.038,7.27995,0,0.71691,-0.2521
Daniyal,818,1771509807221,-5.019,-4.038,7.27995,-0.1812,1.20536,-0.8666
Daniyal,819,1771509807233,-5.21805,-4.05,7.56495,-0.12605,1.01628,-1.47322
Daniyal,820,1771509807242,-5.21805,-4.05,7.56495,0.48845,0.34664,-1.47322
Daniyal,821,1771509807253,-5.23695,-3.97095,7.50495,0.97689,0.65389,-0.6854
Daniyal,822,1771509807264,-5.23695,-3.97095,7.50495,0.06303,-0.19695,0.41754
Daniyal,823,1771509807275,-4.935,-4.04205,7.32495,-0.42542,-0.56723,0.71691
Daniyal,824,1771509807287,-4.935,-4.04205,7.32495,-0.55147,0.65389,0.71691
Daniyal,825,1771509807296,-4.689,-3.97995,7.356,-0.85872,0.96114,0.35452
Daniyal,826,1771509807312,-4.76295,-3.77205,7.596,-0.73267,1.38656,0.23635
Daniyal,827,1771509807320,-4.76295,-3.77205,7.596,-0.7957,1.69381,0.84296
Daniyal,828,1771509807332,-5.12205,-3.83205,7.69905,-0.30725,3.76576,1.44958
Daniyal,829,1771509807342,-5.12205,-3.83205,7.69905,1.40231,4.12816,2.8519
Daniyal,830,1771509807352,-5.35005,-3.96105,7.53105,2.7416,4.49843,3.76576
Daniyal,831,1771509807364,-5.35005,-3.96105,7.53105,1.94591,4.86083,4.00999
Daniyal,832,1771509807375,-5.21595,-3.951,7.38495,1.03204,2.78887,3.34034
Daniyal,833,1771509807387,-5.21595,-3.951,7.38495,0.06303,1.44958,2.11923
Daniyal,834,1771509807398,-5.019,-3.87,7.371,-0.6145,2.48162,1.15021
Daniyal,835,1771509807409,-5.019,-3.87,7.371,-1.52837,3.63971,0.23635
Daniyal,836,1771509807419,-4.88805,-3.82395,7.41795,-1.70956,2.2374,-0.6854
Daniyal,837,1771509807432,-5.388,-3.86505,7.43505,-1.52837,1.99318,-0.49632
Daniyal,838,1771509807443,-5.388,-3.86505,7.43505,-1.52837,1.38656,-0.13393
Daniyal,839,1771509807453,-5.34195,-3.86805,7.299,-1.95379,0.10242,0.11029
Daniyal,840,1771509807465,-5.34195,-3.86805,7.299,-2.13498,0.16544,0.59874
Daniyal,841,1771509807474,-4.914,-4.047,7.25805,-1.77259,1.875,-0.0709
Daniyal,842,1771509807486,-4.914,-4.047,7.25805,-1.58351,2.60767,-0.98477
Daniyal,843,1771509807498,-5.04105,-3.939,7.371,-2.19801,1.14233,-1.84349
Daniyal,844,1771509807509,-5.04105,-3.939,7.371,-3.66335,-1.23687,-1.89864
Daniyal,845,1771509807519,-5.38305,-3.82005,7.38705,-5.06566,-2.26891,-1.0478
Daniyal,846,1771509807535,-5.29005,-3.94905,7.521,-4.75841,-1.66229,1.75683
Daniyal,847,1771509807542,-5.29005,-3.94905,7.521,-4.82144,-1.23687,2.36345
Daniyal,848,1771509807554,-4.749,-4.176,7.15005,-5.06566,-0.38603,2.97795
Daniyal,849,1771509807566,-4.749,-4.176,7.15005,-5.18384,0.47269,3.46639
Daniyal,850,1771509807576,-4.56195,-4.17405,7.146,-5.30989,1.50473,3.52154
Daniyal,851,1771509807586,-4.56195,-4.17405,7.146,-6.03468,1.875,3.76576
Daniyal,852,1771509807599,-4.5,-4.11195,7.43295,-6.58615,0.47269,3.46639
Daniyal,853,1771509807610,-4.5,-4.11195,7.43295,-5.24686,1.56776,3.15915
Daniyal,854,1771509807620,-4.797,-3.96795,7.54305,-3.29307,5.65653,3.52154
Daniyal,855,1771509807631,-4.797,-3.96795,7.54305,-2.31618,7.17701,3.89182
Daniyal,856,1771509807642,-5.17695,-3.87,7.45395,-1.10294,7.42124,4.68751
Daniyal,857,1771509807653,-5.235,-4.00395,7.33695,-0.73267,8.57933,3.82879
Daniyal,858,1771509807665,-5.235,-4.00395,7.33695,-0.06303,8.76052,3.52154
Daniyal,859,1771509807674,-5.55795,-3.90795,7.272,-0.1812,7.66546,3.22217
Daniyal,860,1771509807687,-5.55795,-3.90795,7.272,-1.64654,3.52154,3.46639
Daniyal,861,1771509807698,-5.70195,-3.999,7.19295,-2.68646,1.81198,2.6707
Daniyal,862,1771509807709,-5.70195,-3.999,7.19295,-2.26103,0.34664,2.11923
Daniyal,863,1771509807720,-5.86905,-3.89595,7.42095,-1.95379,-1.96954,1.93803
Daniyal,864,1771509807731,-5.781,-3.99705,7.38705,-0.97689,-2.75736,1.75683
Daniyal,865,1771509807750,-5.781,-3.99705,7.38705,1.46534,-0.25998,2.3083
Daniyal,866,1771509807755,-5.70195,-3.82005,6.90405,2.37921,2.60767,4.07301
Daniyal,867,1771509807763,-5.70195,-3.82005,6.90405,1.27626,2.30043,4.19906
Daniyal,868,1771509807775,-5.16,-3.987,6.98295,-3.5373,-4.8372,2.6707
Daniyal,869,1771509807786,-5.16,-3.987,6.98295,-6.22375,-8.06725,1.75683
Daniyal,870,1771509807798,-4.854,-3.92505,7.524,-6.83037,-10.01315,1.26839
Daniyal,871,1771509807810,-4.854,-3.92505,7.524,-5.85348,-10.80885,0.84296
Daniyal,872,1771509807820,-4.677,-4.188,7.39005,-3.96272,-8.31147,0.53572
Daniyal,873,1771509807833,-4.88805,-4.05405,7.33905,-1.15809,1.32353,-0.0709
Daniyal,874,1771509807842,-4.88805,-4.05405,7.33905,0.3624,6.62554,0.04727
Daniyal,875,1771509807854,-5.32305,-4.059,7.09995,0.1812,9.24897,0.47269
Daniyal,876,1771509807865,-5.32305,-4.059,7.09995,-1.89076,9.1308,1.02416
Daniyal,877,1771509807876,-5.307,-4.06395,7.272,-5.85348,3.52154,1.33141
Daniyal,878,1771509807888,-5.307,-4.06395,7.272,-7.62607,-1.41807,3.46639
Daniyal,879,1771509807899,-4.95,-4.11405,7.25295,-8.47691,-3.49003,4.98688
Daniyal,880,1771509807910,-4.95,-4.11405,7.25295,-7.56304,-2.88341,4.92386
Daniyal,881,1771509807919,-5.043,-4.14105,7.296,-5.36503,-2.33194,5.47533
Daniyal,882,1771509807932,-5.271,-4.00905,7.08105,-1.77259,2.30043,5.2311
Daniyal,883,1771509807942,-5.271,-4.00905,7.08105,-0.85872,3.39549,6.14497
Daniyal,884,1771509807961,-5.51505,-4.00605,6.95595,-1.10294,3.0331,6.75947
Daniyal,885,1771509807967,-5.51505,-4.00605,6.95595,-1.64654,1.93803,7.00369
Daniyal,886,1771509807973,-5.29695,-4.059,6.954,-2.19801,1.07931,6.51525
Daniyal,887,1771509807987,-5.29695,-4.059,6.954,-1.77259,0.96114,0.96114
Daniyal,888,1771509807997,-5.20395,-3.97095,7.05495,-0.66964,3.27732,0.23635
Daniyal,889,1771509808009,-5.20395,-3.97095,7.05495,0.60662,3.52154,-0.49632
Daniyal,890,1771509808021,-4.91895,-3.80805,7.323,1.33929,0.89811,-2.87553
Daniyal,891,1771509808032,-5.65605,-3.87,7.17705,0.73267,-0.01576,-2.69433
Daniyal,892,1771509808042,-5.65605,-3.87,7.17705,0.11817,0.47269,-0.44118
Daniyal,893,1771509808052,-5.50005,-3.72405,7.28205,-0.85872,-0.01576,0.96114
Daniyal,894,1771509808066,-5.50005,-3.72405,7.28205,0.24422,0.47269,-0.0709
Daniyal,895,1771509808075,-5.34705,-4.25295,7.00395,0.73267,1.69381,0.35452
Daniyal,896,1771509808087,-5.34705,-4.25295,7.00395,0.91387,1.44958,-0.80357
Daniyal,897,1771509808098,-4.995,-4.29105,7.119,0.24422,0.10242,-1.71744
Daniyal,898,1771509808109,-4.995,-4.29105,7.119,-1.15809,-3.61608,-2.26891
Daniyal,899,1771509808120,-5.21295,-4.299,7.035,-2.44223,-5.99529,-1.59927
Daniyal,900,1771509808130,-5.21295,-4.299,7.035,-2.7416,-5.56199,-0.44118
Daniyal,901,1771509808143,-5.091,-4.176,7.122,-3.1749,-6.05043,1.39444
Daniyal,902,1771509808152,-4.81605,-4.18095,6.99495,-2.86765,-2.82038,0.96114
Daniyal,903,1771509808170,-4.81605,-4.18095,6.99495,-1.89076,1.01628,-0.98477
Daniyal,904,1771509808176,-4.926,-4.188,7.27695,-0.66964,2.48162,-1.29202
Daniyal,905,1771509808183,-4.926,-4.188,7.27695,-0.6145,1.81198,-0.92962
Daniyal,906,1771509808196,-5.02905,-4.01805,7.347,-1.82774,-0.81145,-0.55935
Daniyal,907,1771509808208,-5.02905,-4.01805,7.347,-2.7416,-2.45799,0.35452
Daniyal,908,1771509808219,-5.17995,-3.87,7.70805,-2.01681,-4.52995,1.20536
Daniyal,909,1771509808230,-5.17995,-3.87,7.70805,-0.7957,-3.73425,2.00106
Daniyal,910,1771509808241,-5.53605,-3.90105,7.72695,5.05779,4.74266,4.13604
Daniyal,911,1771509808254,-5.922,-3.621,6.882,8.72113,9.91862,6.33405
Daniyal,912,1771509808265,-5.922,-3.621,6.882,10.66704,14.614,7.24792
Daniyal,913,1771509808276,-5.781,-4.023,6.35295,9.635,18.03313,6.81462
Daniyal,914,1771509808289,-5.781,-4.023,6.35295,2.19013,15.10245,1.33141
Daniyal,915,1771509808298,-5.63505,-4.311,7.64595,-2.80463,5.83772,1.81986
Daniyal,916,1771509808309,-5.63505,-4.311,7.64595,-4.38814,-3.73425,2.00106
Daniyal,917,1771509808319,-4.80405,-4.35405,7.57905,-2.62343,-5.26262,1.44958
Daniyal,918,1771509808330,-4.80405,-4.35405,7.57905,-0.66964,-0.8666,2.00106
Daniyal,919,1771509808343,-4.662,-4.03305,7.18905,1.09507,1.38656,1.63866
Daniyal,920,1771509808354,-4.983,-4.062,7.14795,2.37921,1.56776,0.77994
Daniyal,921,1771509808364,-4.983,-4.062,7.14795,2.86765,4.30936,-0.0709
Daniyal,922,1771509808375,-5.52,-4.07595,7.074,2.31618,7.35821,-0.6854
Daniyal,923,1771509808387,-5.52,-4.07595,7.074,1.27626,7.60243,-1.16597
Daniyal,924,1771509808397,-5.907,-3.99405,7.16205,0.11817,5.53048,-1.29202
Daniyal,925,1771509808408,-5.907,-3.99405,7.16205,-1.22112,3.21429,-0.37815
Daniyal,926,1771509808419,-5.754,-3.85605,6.95205,-1.64654,1.20536,0.96114
Daniyal,927,1771509808429,-5.754,-3.85605,6.95205,-2.26103,-2.94644,2.00106
Daniyal,928,1771509808443,-5.469,-3.84105,6.93705,-3.41913,-6.7831,2.3083
Daniyal,929,1771509808454,-5.16795,-3.915,7.02105,-3.84455,-7.15338,2.3083
Daniyal,930,1771509808465,-5.16795,-3.915,7.02105,-3.60032,-8.24844,1.20536
Daniyal,931,1771509808475,-5.448,-3.80505,7.134,-3.41913,-8.00422,0.71691
Daniyal,932,1771509808487,-5.448,-3.80505,7.134,-1.70956,-3.24581,0.77994
Daniyal,933,1771509808497,-5.15805,-3.798,7.059,0,0.89811,-0.0709
Daniyal,934,1771509808509,-5.15805,-3.798,7.059,0.97689,2.11923,-0.92962
Daniyal,935,1771509808519,-5.046,-3.81705,7.19595,0.97689,0.65389,-2.02469
Daniyal,936,1771509808532,-5.244,-3.94905,7.21005,-0.42542,-3.30883,-2.93856
Daniyal,937,1771509808541,-5.244,-3.94905,7.21005,-2.01681,-7.02733,-3.54518
Daniyal,938,1771509808554,-5.68005,-4.03305,7.10505,-4.02574,-9.46956,-3.427
Daniyal,939,1771509808565,-5.68005,-4.03305,7.10505,-4.82144,-12.09299,-0.0709
Daniyal,940,1771509808575,-5.35005,-3.939,7.13595,-5.24686,-11.23427,0.35452
Daniyal,941,1771509808586,-5.35005,-3.939,7.13595,-3.7185,-4.28572,-1.29202
Daniyal,942,1771509808603,-5.67495,-3.894,7.536,-0.1812,0.71691,-0.13393
Daniyal,943,1771509808610,-5.67495,-3.894,7.536,2.31618,5.53048,2.06408
Daniyal,944,1771509808617,-5.60805,-3.87705,7.37505,3.89969,8.70538,3.40337
Daniyal,945,1771509808630,-5.60805,-3.87705,7.37505,3.47427,9.43805,4.92386
Daniyal,946,1771509808641,-5.87205,-3.98205,6.95205,-0.55147,7.30306,5.71955
Daniyal,947,1771509808653,-5.52405,-4.36305,7.17705,-3.29307,3.27732,5.11293
Daniyal,948,1771509808665,-5.52405,-4.36305,7.17705,-6.0977,-1.35505,3.89182
Daniyal,949,1771509808675,-4.84395,-4.44195,7.545,-6.34193,-4.34875,2.8519
Daniyal,950,1771509808686,-4.84395,-4.44195,7.545,-4.33299,-4.8372,1.69381
Daniyal,951,1771509808698,-4.88505,-4.14495,7.55295,2.00893,-0.14181,0.47269
Daniyal,952,1771509808709,-4.88505,-4.14495,7.55295,4.63236,2.90704,0.59874
Daniyal,953,1771509808722,-5.01195,-4.01805,6.70005,4.45117,2.78887,0.17332
Daniyal,954,1771509808732,-5.07705,-3.84105,6.91995,1.33929,1.44958,-0.0709
Daniyal,955,1771509808742,-5.07705,-3.84105,6.91995,0,0.83509,-0.55935
Daniyal,956,1771509808753,-5.04795,-3.999,7.39695,0.24422,2.36345,-0.92962
Daniyal,957,1771509808764,-5.04795,-3.999,7.39695,3.23005,5.90075,-1.41019
Daniyal,958,1771509808775,-5.42595,-4.06605,7.134,6.03468,7.84666,-1.89864
Daniyal,959,1771509808786,-5.42595,-4.06605,7.134,6.83037,7.11399,-2.02469
Daniyal,960,1771509808798,-5.71095,-4.152,6.91995,3.89969,1.26051,-2.93856
Daniyal,961,1771509808809,-5.71095,-4.152,6.91995,0.78782,-3.97848,-2.87553
Daniyal,962,1771509808823,-5.637,-4.215,7.11705,-1.03992,-6.84613,-2.63131
Daniyal,963,1771509808830,-5.637,-4.215,7.11705,-0.91387,-6.29466,-2.56828
Daniyal,964,1771509808842,-5.53905,-4.10205,6.96405,0,-1.84349,-2.38709
Daniyal,965,1771509808854,-5.47395,-3.83895,6.885,0.48845,0.34664,-1.71744
Daniyal,966,1771509808865,-5.47395,-3.83895,6.885,0.66964,0.10242,-0.98477
Daniyal,967,1771509808874,-5.51505,-3.801,7.00395,0.78782,0.10242,-1.11082
Daniyal,968,1771509808886,-5.51505,-3.801,7.00395,0.3624,1.07931,-0.6854
Daniyal,969,1771509808897,-5.472,-3.91305,7.06395,-0.73267,-0.63025,-0.55935
Daniyal,970,1771509808909,-5.472,-3.91305,7.06395,-1.10294,-1.11082,-0.13393
Daniyal,971,1771509808921,-5.283,-3.975,7.19595,-1.22112,-1.2999,0.23635
Daniyal,972,1771509808931,-5.283,-3.975,7.19595,-1.22112,-0.8666,0.96114
Daniyal,973,1771509808942,-4.986,-3.954,7.02105,-0.55147,1.74895,1.08719
Daniyal,974,1771509808953,-4.86405,-3.83895,7.10205,-0.24422,4.55358,1.20536
Daniyal,975,1771509808964,-4.86405,-3.83895,7.10205,0.06303,5.04203,0.66177
Daniyal,976,1771509808975,-5.07405,-3.82905,7.13595,-0.1812,4.98688,0.23635
Daniyal,977,1771509808986,-5.07405,-3.82905,7.13595,-0.97689,4.49843,-0.0709
Daniyal,978,1771509808997,-5.352,-3.927,7.323,-1.89076,3.45852,-0.0709
Daniyal,979,1771509809008,-5.352,-3.927,7.323,-1.95379,3.82091,-0.00788
Daniyal,980,1771509809018,-5.29005,-4.047,7.347,-2.80463,4.37238,0.47269
Daniyal,981,1771509809030,-5.29005,-4.047,7.347,-2.37921,4.25421,-0.13393
Daniyal,982,1771509809040,-5.35005,-4.07805,7.308,-2.44223,1.44958,-0.55935
Daniyal,983,1771509809050,-5.35005,-4.07805,7.308,-2.7416,-1.11082,-0.49632
Daniyal,984,1771509809061,-5.247,-4.00605,7.143,-3.11188,-1.4811,-2.20589
Daniyal,985,1771509809074,-5.59395,-3.99195,7.10505,-3.96272,-5.13657,-1.89864
Daniyal,986,1771509809086,-5.59395,-3.99195,7.10505,-4.26997,-6.05043,-0.8666
Daniyal,987,1771509809099,-5.81895,-4.10505,7.06395,-4.33299,-4.59297,-0.55935
Daniyal,988,1771509809110,-5.81895,-4.10505,7.06395,-4.1518,-3.8603,-1.0478
Daniyal,989,1771509809121,-5.706,-4.224,7.12605,-3.29307,-1.72532,-0.44118
Daniyal,990,1771509809131,-5.706,-4.224,7.12605,-2.37921,-0.01576,-0.00788
Daniyal,991,1771509809141,-5.26095,-3.95895,7.275,-2.26103,0.16544,-0.19695
Daniyal,992,1771509809153,-5.23695,-3.77205,7.347,-3.04885,-1.84349,-1.41019
Daniyal,993,1771509809165,-5.23695,-3.77205,7.347,-4.02574,-2.08771,-1.11082
Daniyal,994,1771509809176,-5.41395,-3.61905,7.926,-2.7416,-2.15074,-0.37815
Daniyal,995,1771509809187,-5.41395,-3.61905,7.926,0.97689,0.29149,1.26839
Daniyal,996,1771509809198,-5.98905,-3.80505,8.13705,11.21851,11.38396,5.4123
Daniyal,997,1771509809209,-5.98905,-3.80505,8.13705,16.76475,20.04206,9.7453
Daniyal,998,1771509809219,-6.50595,-3.76905,6.29595,17.13502,26.75426,14.74793
Daniyal,999,1771509809231,-6.50595,-3.76905,6.29595,11.09246,27.66813,13.03837
Daniyal,1000,1771509809242,-5.72595,-4.18605,6.159,2.67858,18.39553,8.40601
Daniyal,1001,1771509809253,-5.72595,-4.18605,6.159,-4.63236,4.98688,4.74266
Daniyal,1002,1771509809261,-5.71605,-4.40595,7.77795,-5.00264,-11.1161,1.81986
Daniyal,1003,1771509809274,-4.89705,-4.65495,7.203,-3.11188,-14.77157,-0.37815
Daniyal,1004,1771509809285,-4.89705,-4.65495,7.203,-2.26103,-13.25108,-3.427
Daniyal,1005,1771509809295,-4.76295,-4.476,6.69495,-1.28414,-9.22534,-6.23163
Daniyal,1006,1771509809306,-4.76295,-4.476,6.69495,0.73267,-7.69697,-8.12239
Daniyal,1007,1771509809318,-5.60805,-4.42095,6.50595,1.82774,-5.93226,-7.01945
Daniyal,1008,1771509809329,-5.60805,-4.42095,6.50595,1.58351,-4.52995,-5.56199
Daniyal,1009,1771509809341,-5.661,-4.25805,6.47505,-0.37027,-4.89234,-4.4039
Daniyal,1010,1771509809354,-5.316,-4.10895,7.11705,-2.26103,-10.74582,-3.11976
Daniyal,1011,1771509809364,-5.316,-4.10895,7.11705,-2.07196,-11.41547,-3.00158
Daniyal,1012,1771509809376,-5.235,-3.84105,7.10205,-0.48845,-8.55569,-3.49003
Daniyal,1013,1771509809386,-5.235,-3.84105,7.10205,1.27626,-5.99529,-3.67123
Daniyal,1014,1771509809397,-4.93305,-3.63495,7.06395,2.67858,-3.97848,-3.6082
Daniyal,1015,1771509809415,-4.93305,-3.63495,7.06395,3.04885,-0.92962,-3.54518
Daniyal,1016,1771509809419,-4.899,-3.68295,7.06905,3.41125,-0.5042,-3.36398
Daniyal,1017,1771509809429,-4.899,-3.68295,7.06905,3.65547,1.20536,-3.30095
Daniyal,1018,1771509809440,-5.18895,-3.72195,7.06395,3.65547,2.48162,-2.51314
Daniyal,1019,1771509809452,-5.18895,-3.72195,7.06395,3.29307,2.72585,-1.89864
Daniyal,1020,1771509809462,-5.30205,-3.94395,6.85095,3.16702,5.83772,-0.6854
Daniyal,1021,1771509809474,-5.29695,-4.09305,6.96795,2.9228,6.57039,-0.13393
Daniyal,1022,1771509809486,-5.29695,-4.09305,6.96795,2.86765,6.26314,-0.13393
Daniyal,1023,1771509809497,-5.40195,-4.11705,7.13595,2.62343,5.28625,-0.31513
Daniyal,1024,1771509809508,-5.40195,-4.11705,7.13595,1.64654,4.61661,-0.2521
Daniyal,1025,1771509809518,-5.52405,-4.12905,7.32495,-0.37027,2.36345,1.08719
Daniyal,1026,1771509809529,-5.52405,-4.12905,7.32495,-1.28414,1.44958,0.23635
Daniyal,1027,1771509809541,-5.77305,-3.999,7.22205,-1.77259,1.14233,1.02416
Daniyal,1028,1771509809551,-5.77305,-3.999,7.22205,-1.40231,2.2374,1.63866
Daniyal,1029,1771509809564,-5.307,-4.03305,7.13595,-0.6145,1.38656,1.39444
Daniyal,1030,1771509809577,-5.20095,-4.03305,7.21695,-1.03992,0.29149,-1.0478
Daniyal,1031,1771509809585,-5.20095,-4.03305,7.21695,-2.19801,-1.4811,-1.96166
Daniyal,1032,1771509809597,-5.39505,-4.059,7.335,-3.3561,-4.77417,-2.93856
Daniyal,1033,1771509809609,-5.39505,-4.059,7.335,-3.90757,-7.76,-1.59927
Daniyal,1034,1771509809621,-5.469,-3.89595,7.251,-4.45117,-6.90915,-0.49632
Daniyal,1035,1771509809628,-5.469,-3.89595,7.251,-5.12081,-5.08142,-0.62238
Daniyal,1036,1771509809640,-5.68695,-3.84405,7.47795,-3.47427,-2.75736,-0.13393
Daniyal,1037,1771509809652,-5.68695,-3.84405,7.47795,-1.22112,-1.11082,1.63866
Daniyal,1038,1771509809663,-5.48805,-3.77205,7.344,0.54359,0.22847,1.93803
Daniyal,1039,1771509809675,-5.31405,-3.88695,6.99705,-0.48845,-0.8666,1.93803
Daniyal,1040,1771509809684,-5.31405,-3.88695,6.99705,-2.44223,-3.73425,1.44958
Daniyal,1041,1771509809696,-5.38095,-3.942,7.12395,-3.84455,-5.44382,1.26839
Daniyal,1042,1771509809707,-5.38095,-3.942,7.12395,-4.02574,-4.64812,1.69381
Daniyal,1043,1771509809718,-5.35905,-3.99195,7.05495,-3.04885,-2.33194,2.24528
Daniyal,1044,1771509809729,-5.35905,-3.99195,7.05495,-2.37921,0.29149,2.8519
Daniyal,1045,1771509809741,-5.36205,-3.93,7.038,-1.22112,1.44958,3.58457
Daniyal,1046,1771509809753,-5.36205,-3.93,7.038,-0.06303,1.69381,3.76576
Daniyal,1047,1771509809765,-5.41905,-3.97995,7.09005,-0.42542,2.72585,4.68751
Daniyal,1048,1771509809773,-5.517,-4.13295,7.143,-1.95379,1.14233,4.74266
Daniyal,1049,1771509809785,-5.517,-4.13295,7.143,-2.86765,-0.63025,4.00999
Daniyal,1050,1771509809798,-5.35695,-4.23405,7.41795,-2.93068,-2.45799,4.00999
Daniyal,1051,1771509809809,-5.35695,-4.23405,7.41795,-3.23005,-3.30883,3.76576
Daniyal,1052,1771509809823,-5.23905,-4.30605,7.20795,-2.19801,-2.08771,3.46639
Daniyal,1053,1771509809839,-5.03805,-4.24095,7.07805,-1.40231,-1.4811,3.82879
Daniyal,1054,1771509809844,-5.03805,-4.24095,7.07805,-1.95379,-1.59927,2.91492
Daniyal,1055,1771509809851,-5.03805,-4.24095,7.07805,-2.62343,-1.72532,2.42648
Daniyal,1056,1771509809864,-4.89705,-4.21695,7.05705,-5.18384,-4.52995,1.15021
Daniyal,1057,1771509809877,-5.43795,-4.002,7.33905,-7.74424,-9.89498,1.33141
Daniyal,1058,1771509809885,-5.43795,-4.002,7.33905,-8.29571,-11.05307,2.06408
Daniyal,1059,1771509809897,-5.14095,-3.987,7.26,-4.69539,-4.4039,2.73372
Daniyal,1060,1771509809906,-5.14095,-3.987,7.26,-1.77259,-0.6854,1.08719
Daniyal,1061,1771509809917,-5.56695,-3.91995,6.88005,-0.97689,-2.45799,-0.00788
Daniyal,1062,1771509809929,-5.56695,-3.91995,6.88005,-2.01681,-6.66493,-0.8666
Daniyal,1063,1771509809941,-5.20095,-4.10895,7.014,-2.44223,-7.15338,-1.59927
Daniyal,1064,1771509809952,-5.20095,-4.10895,7.014,-2.01681,-6.9643,-2.33194
Daniyal,1065,1771509809963,-5.40195,-4.09005,7.098,-1.89076,-6.90915,-2.45011
Daniyal,1066,1771509809974,-5.63205,-3.951,7.15305,-1.58351,-6.84613,-1.96166
Daniyal,1067,1771509809986,-5.63205,-3.951,7.15305,-1.10294,-6.05043,-1.0478
Daniyal,1068,1771509809996,-5.21805,-3.90795,7.01595,-0.66964,-3.79728,-0.0709
Daniyal,1069,1771509810007,-5.21805,-3.90795,7.01595,0.66964,-1.4811,1.20536
Daniyal,1070,1771509810020,-4.947,-3.91305,7.01895,1.33929,-4.34875,0.53572
Daniyal,1071,1771509810034,-5.09805,-4.13595,6.99495,0.60662,-3.30883,-0.2521
Daniyal,1072,1771509810041,-5.09805,-4.13595,6.99495,0.1812,-3.8603,-0.13393
Daniyal,1073,1771509810052,-5.09805,-4.13595,6.99495,-0.30725,-4.8372,-0.44118
Daniyal,1074,1771509810064,-5.33505,-4.23195,7.26,0.78782,1.26051,1.26839
Daniyal,1075,1771509810074,-5.33505,-4.23195,7.26,1.15809,2.97007,1.93803
Daniyal,1076,1771509810085,-5.10795,-4.11405,7.239,1.27626,3.76576,2.00106
Daniyal,1077,1771509810097,-4.959,-4.20495,7.098,1.94591,5.10505,0.84296
Daniyal,1078,1771509810108,-4.959,-4.20495,7.098,2.37921,4.67963,-0.0709
Daniyal,1079,1771509810119,-5.05305,-4.14495,7.18905,1.52049,1.69381,-2.69433
Daniyal,1080,1771509810129,-5.05305,-4.14495,7.18905,0.11817,0.53572,-2.75736
Daniyal,1081,1771509810139,-5.21805,-4.095,7.36305,-1.15809,1.01628,-2.69433
Daniyal,1082,1771509810152,-5.21805,-4.095,7.36305,-0.12605,3.52154,-2.63131
Daniyal,1083,1771509810163,-5.307,-3.99195,7.50705,1.03204,3.21429,-1.59927
Daniyal,1084,1771509810174,-5.02395,-4.164,6.94395,1.22112,5.16808,0.41754
Daniyal,1085,1771509810186,-5.02395,-4.164,6.94395,2.49738,6.75159,1.20536
Daniyal,1086,1771509810196,-5.37405,-4.12905,6.753,1.52049,-2.45799,2.60767
Daniyal,1087,1771509810215,-5.37405,-4.12905,6.753,-0.66964,-3.06461,-0.55935
Daniyal,1088,1771509810221,-6.13995,-4.08795,7.11405,-2.98583,-5.38079,-1.53624
Daniyal,1089,1771509810229,-6.13995,-4.08795,7.11405,-3.04885,-3.06461,-0.13393
Daniyal,1090,1771509810243,-5.46195,-4.07595,7.51905,-1.89076,-0.19695,1.33141
Daniyal,1091,1771509810253,-5.46195,-4.07595,7.51905,0.06303,3.21429,1.57563
Daniyal,1092,1771509810265,-4.92105,-3.90795,7.37505,1.52049,3.94696,1.69381
Daniyal,1093,1771509810276,-4.62705,-3.89205,7.251,3.23005,6.86976,1.88288
Daniyal,1094,1771509810287,-4.62705,-3.89205,7.251,5.05779,9.61924,1.44958
Daniyal,1095,1771509810296,-4.749,-3.94905,7.026,5.48321,12.0536,0.90599
Daniyal,1096,1771509810309,-4.749,-3.94905,7.026,5.05779,12.4869,0.23635
Daniyal,1097,1771509810319,-5.148,-3.91095,7.18905,4.99476,12.84929,0.47269
Daniyal,1098,1771509810333,-5.148,-3.91095,7.18905,4.75054,12.6681,-0.6854
Daniyal,1099,1771509810341,-5.70405,-3.894,7.086,4.08089,10.53311,-1.16597
Daniyal,1100,1771509810351,-5.70405,-3.894,7.086,2.67858,9.61924,-1.89864
Daniyal,1101,1771509810362,-5.64195,-3.903,6.897,1.89076,8.27208,-0.98477
Daniyal,1102,1771509810374,-5.64195,-3.903,6.897,2.37921,7.05884,-0.37815
Daniyal,1103,1771509810385,-5.30895,-4.02105,7.04505,2.19013,7.11399,-0.6854
Daniyal,1104,1771509810396,-5.541,-4.16205,7.19295,1.58351,5.28625,-0.55935
Daniyal,1105,1771509810413,-5.541,-4.16205,7.19295,0.29937,3.88394,0.35452
Daniyal,1106,1771509810419,-5.685,-4.20495,7.371,-0.24422,3.0331,1.51261
Daniyal,1107,1771509810429,-5.685,-4.20495,7.371,-0.55147,1.81198,2.06408
Daniyal,1108,1771509810440,-5.47695,-4.062,7.011,-1.10294,1.20536,2.55253
Daniyal,1109,1771509810452,-5.47695,-4.062,7.011,-1.03992,0.65389,2.18225
Daniyal,1110,1771509810462,-5.232,-3.894,7.071,-0.1812,0.29149,0.66177
Daniyal,1111,1771509810474,-5.52405,-3.82395,7.05495,0.1812,-0.92962,-0.98477
Daniyal,1112,1771509810487,-5.52405,-3.82395,7.05495,-0.42542,-3.00158,-1.53624
Daniyal,1113,1771509810496,-5.93895,-3.82395,7.15005,-0.85872,-4.4039,-1.59927
Daniyal,1114,1771509810505,-5.93895,-3.82395,7.15005,-0.66964,-6.23951,-0.62238
Daniyal,1115,1771509810519,-5.89605,-3.79605,6.87495,-0.97689,-6.05043,-0.13393
Daniyal,1116,1771509810530,-5.89605,-3.79605,6.87495,-1.33929,-4.0415,1.51261
Daniyal,1117,1771509810541,-5.493,-3.942,7.119,-0.6145,-5.13657,0.96114
Daniyal,1118,1771509810552,-5.493,-3.942,7.119,0.1812,-5.13657,-0.00788
Daniyal,1119,1771509810563,-5.39295,-3.999,6.954,0,-5.38079,-0.49632
Daniyal,1120,1771509810574,-5.39295,-3.999,6.954,-0.73267,-6.84613,-0.8666
Daniyal,1121,1771509810586,-5.50005,-4.227,7.04505,-0.97689,-6.53888,-0.74055
Daniyal,1122,1771509810604,-5.30205,-4.29405,6.97095,-1.22112,-5.86924,-0.49632
Daniyal,1123,1771509810609,-5.30205,-4.29405,6.97095,-1.10294,-3.67911,-0.6854
Daniyal,1124,1771509810617,-4.95705,-4.33905,6.93495,-1.03992,-2.70221,-0.8666
Daniyal,1125,1771509810629,-4.95705,-4.33905,6.93495,-0.30725,-1.11082,-1.22899
Daniyal,1126,1771509810638,-4.95705,-4.33905,6.93495,0.24422,-1.11082,-1.84349
Daniyal,1127,1771509810650,-4.938,-4.16205,7.28205,1.03204,-1.78834,-2.63131
Daniyal,1128,1771509810661,-5.32095,-4.09995,7.17405,0.3624,-2.75736,-1.29202
Daniyal,1129,1771509810674,-5.32095,-4.09995,7.17405,0.06303,-3.8603,-0.19695
Daniyal,1130,1771509810683,-5.35695,-4.16895,7.15995,-0.24422,-4.34875,-0.37815
Daniyal,1131,1771509810698,-5.06895,-4.212,6.97995,-1.10294,-3.43488,-0.8666
Daniyal,1132,1771509810708,-5.06895,-4.212,6.97995,-1.52837,-3.73425,-0.44118
Daniyal,1133,1771509810717,-4.84905,-3.96795,7.131,-2.13498,-5.68804,-0.55935
Daniyal,1134,1771509810729,-4.84905,-3.96795,7.131,-2.68646,-6.23951,-0.98477
Daniyal,1135,1771509810741,-4.90905,-3.86505,7.038,-4.1518,-6.66493,-0.37815
Daniyal,1136,1771509810750,-4.90905,-3.86505,7.038,-4.38814,-6.53888,-0.49632
Daniyal,1137,1771509810762,-5.21595,-3.729,7.25295,-4.08877,-4.46692,-0.80357
Daniyal,1138,1771509810774,-5.21595,-3.729,7.25295,-4.26997,-3.49003,-0.98477
Daniyal,1139,1771509810787,-5.364,-3.702,7.23195,-4.26997,-2.63919,-0.98477
Daniyal,1140,1771509810796,-5.35695,-3.90105,7.296,-2.80463,1.32353,-1.0478
Daniyal,1141,1771509810807,-5.35695,-3.90105,7.296,-2.07196,2.72585,-0.55935
Daniyal,1142,1771509810817,-5.271,-3.96105,7.36305,-1.58351,2.78887,0.11029
Daniyal,1143,1771509810829,-5.271,-3.96105,7.36305,-2.13498,1.20536,0.53572
Daniyal,1144,1771509810840,-5.484,-4.12605,7.21305,-3.41913,-0.6854,1.39444
Daniyal,1145,1771509810851,-5.484,-4.12605,7.21305,-3.84455,-1.59927,2.60767
Daniyal,1146,1771509810861,-5.58705,-4.14795,7.34895,-3.66335,-2.63919,3.15915
Daniyal,1147,1771509810872,-5.58705,-4.14795,7.34895,-3.3561,-1.72532,2.79675
Daniyal,1148,1771509810884,-5.694,-4.176,7.42305,-1.77259,-0.81145,2.79675
Daniyal,1149,1771509810897,-5.57505,-4.08105,7.84005,1.22112,1.56776,4.44329
Daniyal,1150,1771509810909,-5.57505,-4.08105,7.84005,4.63236,5.5935,5.4123
Daniyal,1151,1771509810917,-5.98905,-4.035,6.98295,6.83037,7.54729,7.79151
Daniyal,1152,1771509810930,-5.98905,-4.035,6.98295,5.36503,5.71167,10.41494
Daniyal,1153,1771509810941,-5.59395,-4.203,6.68805,2.49738,5.7747,7.18489
Daniyal,1154,1771509810952,-5.59395,-4.203,6.68805,-1.22112,3.88394,5.47533
Daniyal,1155,1771509810962,-5.067,-4.09305,7.80405,-1.33929,2.36345,3.71062
Daniyal,1156,1771509810974,-5.067,-4.09305,7.80405,0.78782,3.0331,4.19906
Daniyal,1157,1771509810989,-5.16795,-3.97995,7.37505,3.5373,4.00999,4.19906
Daniyal,1158,1771509810994,-5.034,-4.071,7.23405,3.7185,0.40966,2.73372
Daniyal,1159,1771509811005,-5.034,-4.071,7.23405,1.64654,-7.20853,0.66177
Daniyal,1160,1771509811016,-5.03805,-4.2,6.70005,-1.40231,-11.65969,-0.98477
Daniyal,1161,1771509811028,-5.03805,-4.2,6.70005,-2.44223,-10.80885,-1.96166
Daniyal,1162,1771509811038,-4.93995,-4.203,6.96105,-1.40231,-8.18542,-3.05673
Daniyal,1163,1771509811052,-4.93995,-4.203,6.96105,0.91387,-0.44118,-3.7894
Daniyal,1164,1771509811064,-4.76805,-3.99705,6.68295,2.80463,5.7747,-3.67123
Daniyal,1165,1771509811072,-4.76805,-3.99705,6.68295,4.93961,11.13973,-3.00158
Daniyal,1166,1771509811084,-5.08095,-3.48705,6.96405,5.12081,11.99845,-1.59927
Daniyal,1167,1771509811096,-5.83095,-3.75495,7.11705,2.98583,6.32617,-0.44118
Daniyal,1168,1771509811108,-5.83095,-3.75495,7.11705,0.97689,2.48162,0.04727
Daniyal,1169,1771509811119,-5.91705,-4.00905,7.09305,-0.1812,0.34664,0.77994
Daniyal,1170,1771509811128,-5.91705,-4.00905,7.09305,-1.70956,-0.8666,1.33141
Daniyal,1171,1771509811139,-5.54595,-4.14105,6.918,-2.37921,-0.99265,1.93803
Daniyal,1172,1771509811152,-5.54595,-4.14105,6.918,-3.3561,-1.4811,2.6707
Daniyal,1173,1771509811162,-5.199,-3.999,7.00395,-3.60032,-0.99265,1.88288
Daniyal,1174,1771509811178,-5.199,-3.999,7.00395,-4.26997,-2.15074,1.69381
Daniyal,1175,1771509811183,-5.091,-3.91995,7.02795,-6.0977,-2.88341,1.44958
Daniyal,1176,1771509811197,-5.36595,-3.89205,7.44705,-7.87029,-4.15967,2.79675
Daniyal,1177,1771509811206,-5.36595,-3.89205,7.44705,-7.92544,-6.90915,3.82879
Daniyal,1178,1771509811216,-5.601,-4.12395,7.524,-6.64918,-7.69697,4.38026
Daniyal,1179,1771509811230,-5.601,-4.12395,7.524,-5.55411,-8.00422,4.80568
Daniyal,1180,1771509811239,-5.613,-4.188,7.29195,-4.75841,-6.9643,4.56146
Daniyal,1181,1771509811250,-5.613,-4.188,7.29195,-3.23005,-0.01576,3.82879
Daniyal,1182,1771509811262,-5.115,-4.22205,7.203,-3.5373,1.875,3.52154
Daniyal,1183,1771509811274,-5.115,-4.22205,7.203,-3.1749,3.58457,3.15915
Daniyal,1184,1771509811285,-4.82295,-3.954,7.56495,-2.62343,6.81462,4.38026
Daniyal,1185,1771509811297,-5.04795,-3.97995,7.68405,1.52049,13.03049,7.18489
Daniyal,1186,1771509811309,-5.04795,-3.97995,7.68405,6.58615,20.22326,9.68227
Daniyal,1187,1771509811319,-5.33805,-3.858,6.79605,8.16966,25.28892,11.99845
Daniyal,1188,1771509811328,-5.33805,-3.858,6.79605,6.88552,24.67443,11.63606
Daniyal,1189,1771509811340,-5.26605,-4.10895,7.107,5.42806,18.82095,9.43805
Daniyal,1190,1771509811351,-5.26605,-4.10895,7.107,1.52049,5.28625,4.98688
Daniyal,1191,1771509811367,-5.658,-4.16205,7.32705,2.43435,0.04727,0.90599
Daniyal,1192,1771509811373,-5.658,-4.16205,7.32705,3.47427,-1.05567,-0.49632
Daniyal,1193,1771509811382,-5.43795,-4.26705,6.81,4.45117,-1.90652,-3.427
Daniyal,1194,1771509811394,-5.43795,-4.26705,6.81,4.56934,-0.07878,-5.19171
Daniyal,1195,1771509811406,-5.328,-4.026,6.59205,5.67228,1.81198,-5.61713
Daniyal,1196,1771509811416,-5.57505,-3.69495,6.91605,7.0746,3.88394,-4.89234
Daniyal,1197,1771509811430,-5.57505,-3.69495,6.91605,7.0746,5.65653,-3.91545
Daniyal,1198,1771509811441,-5.85705,-3.765,6.83895,5.12081,4.43541,-2.81251
Daniyal,1199,1771509811450,-5.85705,-3.765,6.83895,3.78152,2.78887,-2.38709
Daniyal,1200,1771509811462,-6.32595,-3.76005,6.95895,1.70168,0.16544,-1.71744
Daniyal,1201,1771509811474,-6.32595,-3.76005,6.95895,-0.85872,-4.46692,-1.53624
Daniyal,1202,1771509811487,-6.054,-3.94695,6.99705,-1.52837,-6.35768,-1.65442
Daniyal,1203,1771509811496,-5.52405,-3.88395,6.93495,-0.91387,-5.99529,-1.11082
Daniyal,1204,1771509811506,-5.52405,-3.88395,6.93495,-0.6145,-6.05043,-1.11082
Daniyal,1205,1771509811518,-5.39805,-3.81,7.002,-1.40231,-5.44382,-1.11082
Daniyal,1206,1771509811531,-5.39805,-3.81,7.002,-1.33929,-3.8603,-0.74055
Daniyal,1207,1771509811541,-5.70195,-3.79605,7.00395,-1.28414,-2.33194,-0.0709
Daniyal,1208,1771509811555,-5.70195,-3.79605,7.00395,-1.58351,-1.23687,2.3083
Daniyal,1209,1771509811561,-5.36895,-3.90105,6.94395,-1.52837,-0.14181,3.64759
Daniyal,1210,1771509811573,-5.36895,-3.90105,6.94395,-0.85872,2.36345,3.95484
Daniyal,1211,1771509811586,-4.82805,-4.06395,7.09305,0.78782,1.01628,1.75683
Daniyal,1212,1771509811597,-4.95705,-4.10895,7.04505,0.91387,-0.38603,0.11029
Daniyal,1213,1771509811606,-4.95705,-4.10895,7.04505,1.09507,-1.2999,-1.16597
Daniyal,1214,1771509811618,-5.61495,-3.93495,7.086,1.46534,-1.17385,-1.41019
Daniyal,1215,1771509811629,-5.61495,-3.93495,7.086,1.22112,0.04727,-0.80357
Daniyal,1216,1771509811641,-5.89995,-3.717,7.01895,0.48845,0.71691,0.23635
Daniyal,1217,1771509811652,-5.89995,-3.717,7.01895,0,2.78887,1.02416
Daniyal,1218,1771509811662,-5.67495,-3.86295,6.99195,0.66964,4.19119,1.15021
Daniyal,1219,1771509811672,-5.67495,-3.86295,6.99195,0.91387,3.0331,0.71691
Daniyal,1220,1771509811682,-5.45505,-3.85995,7.04505,0.29937,0.96114,0.35452
Daniyal,1221,1771509811695,-5.45505,-3.85995,7.04505,-0.97689,-0.63025,-0.00788
Daniyal,1222,1771509811706,-5.76105,-3.90795,7.026,-2.13498,-1.66229,0.11029
Daniyal,1223,1771509811718,-5.96295,-3.939,7.368,-2.13498,-1.41807,0.84296
Daniyal,1224,1771509811729,-5.96295,-3.939,7.368,-2.01681,-1.72532,0.90599
Daniyal,1225,1771509811739,-5.682,-4.02105,6.88005,-1.33929,-0.01576,1.33141
Daniyal,1226,1771509811753,-5.682,-4.02105,6.88005,-1.52837,-2.08771,0.59874
Daniyal,1227,1771509811761,-5.53605,-3.93,6.999,-2.19801,-4.89234,0.77994
Daniyal,1228,1771509811772,-5.53605,-3.93,6.999,-3.11188,-7.15338,0.29149
Daniyal,1229,1771509811783,-5.556,-3.89895,7.04295,-4.08877,-10.5016,-0.62238
Daniyal,1230,1771509811795,-5.556,-3.89895,7.04295,-5.36503,-11.41547,0.77994
Daniyal,1231,1771509811806,-5.685,-3.81,7.09305,-6.8934,-12.39236,2.91492
Daniyal,1232,1771509811818,-5.34195,-3.82395,7.023,-6.03468,-5.56199,4.74266
Daniyal,1233,1771509811830,-5.34195,-3.82395,7.023,-6.46798,-4.28572,7.12187
Daniyal,1234,1771509811840,-5.12205,-3.98205,7.26495,-6.40495,-6.66493,6.27102
Daniyal,1235,1771509811850,-5.12205,-3.98205,7.26495,-5.97953,-9.09929,4.19906
Daniyal,1236,1771509811861,-5.187,-3.97095,7.107,-5.85348,-9.09929,3.2852
Daniyal,1237,1771509811873,-5.187,-3.97095,7.107,-6.34193,-8.61084,2.55253
Daniyal,1238,1771509811884,-5.35395,-3.93,7.32,-6.76735,-8.91809,3.15915
Daniyal,1239,1771509811897,-4.86795,-4.02105,7.27005,-2.26103,-0.56723,3.04097
Daniyal,1240,1771509811908,-4.86795,-4.02105,7.27005,1.52049,5.16808,3.2852
Daniyal,1241,1771509811918,-4.81305,-3.96795,7.03995,2.56041,7.48426,4.00999
Daniyal,1242,1771509811933,-4.81305,-3.96795,7.03995,2.31618,6.62554,4.19906
Daniyal,1243,1771509811940,-4.72905,-4.023,7.236,1.76471,6.20012,3.64759
Daniyal,1244,1771509811949,-4.72905,-4.023,7.236,2.9228,13.03049,4.00999
Daniyal,1245,1771509811961,-5.11695,-3.77205,7.30095,2.86765,12.96747,5.78258
Daniyal,1246,1771509811973,-5.11695,-3.77205,7.30095,0.66964,6.50737,5.47533
Daniyal,1247,1771509811983,-5.18205,-4.107,7.63605,2.43435,7.90968,2.79675
Daniyal,1248,1771509811994,-5.18205,-4.107,7.63605,6.52312,12.60507,-0.49632
Daniyal,1249,1771509812006,-5.66595,-4.03305,7.323,9.9974,13.15654,-5.13657
Daniyal,1250,1771509812017,-6.39105,-3.94395,6.918,9.44593,9.312,-6.7831
Daniyal,1251,1771509812029,-6.39105,-3.94395,6.918,7.86241,4.30936,-8.18542
Daniyal,1252,1771509812039,-6.714,-3.98205,6.78195,4.81356,-3.24581,-8.91021
Daniyal,1253,1771509812049,-6.714,-3.98205,6.78195,1.22112,-10.80885,-8.36662
Daniyal,1254,1771509812062,-6.597,-3.78105,6.789,-3.29307,-18.00162,-6.05043
Daniyal,1255,1771509812073,-6.597,-3.78105,6.789,-5.18384,-18.37189,-3.36398
Daniyal,1256,1771509812086,-5.70405,-3.585,6.75,-5.18384,-14.40917,-1.35505
Daniyal,1257,1771509812096,-5.70405,-3.585,6.75,-3.7185,-9.58773,-0.55935
Daniyal,1258,1771509812107,-4.758,-3.53205,7.19595,-1.89076,-7.09035,-0.98477
Daniyal,1259,1771509812121,-4.61895,-3.67605,7.15695,0.60662,-1.11082,-3.85242
Daniyal,1260,1771509812128,-4.61895,-3.67605,7.15695,1.03204,1.01628,-5.01052
Daniyal,1261,1771509812140,-5.26095,-3.77895,7.248,1.70168,2.2374,-5.56199
Daniyal,1262,1771509812150,-5.26095,-3.77895,7.248,2.19013,3.15127,-5.43594
Daniyal,1263,1771509812162,-5.87895,-3.76695,6.942,0.85084,1.44958,-3.54518
Daniyal,1264,1771509812172,-5.87895,-3.76695,6.942,0,1.69381,-2.33194
Daniyal,1265,1771509812184,-5.781,-4.00605,6.69495,-0.30725,4.67963,-1.65442
Daniyal,1266,1771509812195,-5.781,-4.00605,6.69495,-0.85872,3.82091,-0.2521
Daniyal,1267,1771509812206,-5.49795,-4.12605,6.846,-3.11188,-1.4811,-0.13393
Daniyal,1268,1771509812217,-5.565,-4.062,7.05195,-4.45117,-4.71115,0.04727
Daniyal,1269,1771509812229,-5.565,-4.062,7.05195,-5.24686,-6.11346,0.17332
Daniyal,1270,1771509812239,-5.61105,-4.131,7.368,-4.93961,-7.64182,0.23635
Daniyal,1271,1771509812249,-5.61105,-4.131,7.368,-4.38814,-7.27155,0.04727
Daniyal,1272,1771509812261,-5.27295,-4.27695,7.16895,-2.86765,-4.0415,-0.80357
Daniyal,1273,1771509812273,-5.27295,-4.27695,7.16895,-0.55147,-1.96954,-2.14286
Daniyal,1274,1771509812284,-5.01195,-4.296,7.21005,0.1812,-2.21377,-3.73425
Daniyal,1275,1771509812299,-5.01195,-4.296,7.21005,0.42542,-3.8603,-5.86136
Daniyal,1276,1771509812304,-5.13195,-4.332,7.15695,0.54359,-7.15338,-7.38972
Daniyal,1277,1771509812317,-5.13195,-4.332,7.15695,0.48845,-8.42964,-8.97324
Daniyal,1278,1771509812326,-5.26305,-4.179,7.24395,0.66964,-8.42964,-9.09929
Daniyal,1279,1771509812338,-5.22795,-4.179,7.04295,0.54359,-7.76,-8.61084
Daniyal,1280,1771509812350,-5.22795,-4.179,7.04295,0.48845,-5.86924,-7.63395
Daniyal,1281,1771509812361,-5.01405,-4.11705,7.239,0.91387,-3.61608,-7.38972
Daniyal,1282,1771509812373,-5.01405,-4.11705,7.239,2.00893,-4.0415,-8.30359
Daniyal,1283,1771509812385,-4.96695,-4.02105,7.25595,2.07196,-5.80621,-8.91021
Daniyal,1284,1771509812395,-4.96695,-4.02105,7.25595,2.07196,-5.38079,-9.34351
Daniyal,1285,1771509812407,-5.127,-3.91995,7.251,2.31618,-4.64812,-9.39866
Daniyal,1286,1771509812417,-5.127,-3.91995,7.251,2.49738,-4.52995,-8.85506
Daniyal,1287,1771509812429,-5.47695,-3.717,7.14795,1.58351,-1.90652,-8.12239
Daniyal,1288,1771509812440,-5.61795,-3.681,7.12905,0.97689,0.04727,-6.9643
Daniyal,1289,1771509812451,-5.61795,-3.681,7.12905,0.54359,-0.01576,-6.3498
Daniyal,1290,1771509812469,-5.496,-3.597,7.284,-0.85872,-1.17385,-6.41283
Daniyal,1291,1771509812475,-5.496,-3.597,7.284,-2.31618,-5.01839,-4.94749
Daniyal,1292,1771509812482,-5.457,-3.762,7.19805,-2.98583,-6.53888,-4.03362
Daniyal,1293,1771509812493,-5.457,-3.762,7.19805,-2.68646,-5.50684,-3.05673
Daniyal,1294,1771509812506,-5.35395,-3.92505,7.038,-2.62343,-5.86924,-1.71744
Daniyal,1295,1771509812518,-4.986,-4.14105,6.97305,-2.26103,-3.67911,-1.16597
Daniyal,1296,1771509812528,-4.986,-4.14105,6.97305,-1.64654,-1.05567,-1.0478
Daniyal,1297,1771509812540,-4.689,-4.131,7.28895,-0.6145,0.47269,-1.89864
Daniyal,1298,1771509812550,-4.689,-4.131,7.28895,0.06303,0.83509,-2.93856
Daniyal,1299,1771509812562,-5.01705,-4.08105,7.36095,0,-0.19695,-3.24581
Daniyal,1300,1771509812573,-5.01705,-4.08105,7.36095,-0.48845,-0.99265,-2.45011
Daniyal,1301,1771509812585,-5.37795,-4.15695,7.44495,-0.73267,-2.33194,-1.22899
Daniyal,1302,1771509812597,-5.37795,-4.15695,7.44495,-0.7957,-4.15967,-0.00788
Daniyal,1303,1771509812606,-5.34195,-4.33005,7.284,-0.48845,-3.91545,0.53572
Daniyal,1304,1771509812618,-5.34195,-4.33005,7.284,-0.06303,-2.08771,0.84296
Daniyal,1305,1771509812628,-4.96395,-4.32705,7.23195,0.24422,-1.4811,0.66177
Daniyal,1306,1771509812640,-4.818,-4.15995,7.30605,0.29937,0.96114,0.04727
Daniyal,1307,1771509812653,-4.818,-4.15995,7.30605,-0.24422,0.29149,-0.62238
Daniyal,1308,1771509812660,-5.09595,-4.05705,7.48995,0.11817,-2.57616,-1.47322
Daniyal,1309,1771509812672,-5.09595,-4.05705,7.48995,0.24422,-3.30883,-2.14286
Daniyal,1310,1771509812682,-5.57205,-3.93,7.227,0,-2.75736,-2.02469
Daniyal,1311,1771509812694,-5.57205,-3.93,7.227,0.06303,0.04727,-2.20589
Daniyal,1312,1771509812706,-5.505,-4.164,7.20495,0.91387,1.56776,-3.24581
Daniyal,1313,1771509812716,-5.505,-4.164,7.20495,1.40231,1.38656,-4.27785
Daniyal,1314,1771509812727,-5.307,-4.263,7.20495,1.52049,-1.05567,-7.20853
Daniyal,1315,1771509812738,-5.283,-4.15995,7.095,-0.12605,-6.90915,-9.95013
Daniyal,1316,1771509812750,-5.283,-4.15995,7.095,-2.68646,-11.05307,-10.5016
Daniyal,1317,1771509812762,-5.40195,-4.03305,7.30395,-4.75841,-13.18806,-9.8871
Daniyal,1318,1771509812772,-5.40195,-4.03305,7.30395,-5.55411,-12.81778,-7.81514
Daniyal,1319,1771509812785,-5.19195,-3.94905,7.29195,-6.40495,-9.46956,-4.89234
Daniyal,1320,1771509812795,-5.19195,-3.94905,7.29195,-6.0977,-8.24844,-3.67123
Daniyal,1321,1771509812807,-4.63605,-3.954,7.33695,-5.36503,-8.18542,-2.33194
Daniyal,1322,1771509812820,-4.63605,-3.954,7.33695,-4.45117,-6.66493,-1.96166
Daniyal,1323,1771509812838,-4.368,-4.09305,7.16205,-2.93068,-4.34875,-1.47322
Daniyal,1324,1771509812844,-4.57395,-4.27905,7.16505,-2.31618,-1.90652,-1.29202
Daniyal,1325,1771509812849,-4.57395,-4.27905,7.16505,-2.37921,-0.99265,-1.47322
Daniyal,1326,1771509812859,-4.926,-4.5,7.17405,-2.86765,0.10242,-1.22899
Daniyal,1327,1771509812871,-4.926,-4.5,7.17405,-2.44223,1.50473,-1.0478
Daniyal,1328,1771509812882,-5.03595,-4.64595,7.09995,-0.6145,5.28625,0.11029
Daniyal,1329,1771509812895,-5.03595,-4.64595,7.09995,-0.30725,5.10505,1.08719
Daniyal,1330,1771509812906,-4.88805,-4.701,7.21305,-0.1812,3.63971,1.33141
Daniyal,1331,1771509812917,-4.88805,-4.701,7.21305,-0.42542,0.89811,1.02416
Daniyal,1332,1771509812928,-4.82295,-4.842,7.272,-0.73267,-2.39496,-0.19695
Daniyal,1333,1771509812941,-4.92795,-4.69605,7.248,-0.06303,-3.06461,-0.55935
Daniyal,1334,1771509812951,-4.92795,-4.69605,7.248,0.24422,-3.12763,-0.44118
Daniyal,1335,1771509812960,-4.548,-4.62195,7.13805,0.91387,-1.23687,-0.6854
Daniyal,1336,1771509812972,-4.548,-4.62195,7.13805,2.00893,-0.07878,-1.47322
Daniyal,1337,1771509812983,-4.35105,-4.42095,7.37805,3.29307,-0.92962,-2.69433
Daniyal,1338,1771509812994,-4.35105,-4.42095,7.37805,3.96272,0.65389,-3.36398
Daniyal,1339,1771509813010,-4.62705,-4.45395,7.43295,3.83667,-2.26891,-3.85242
Daniyal,1340,1771509813016,-4.62705,-4.45395,7.43295,3.78152,-2.51314,-3.73425
Daniyal,1341,1771509813028,-4.90395,-4.32705,7.51395,4.45117,-0.19695,-3.30095
Daniyal,1342,1771509813039,-5.02605,-4.14495,7.15305,3.96272,0.16544,-2.45011
Daniyal,1343,1771509813050,-5.02605,-4.14495,7.15305,4.14392,2.2374,-2.02469
Daniyal,1344,1771509813060,-4.722,-4.07595,7.29195,4.75054,4.92386,-2.33194
Daniyal,1345,1771509813073,-4.722,-4.07595,7.29195,5.30201,4.98688,-3.24581
Daniyal,1346,1771509813085,-4.99005,-4.07295,7.42305,5.97165,3.21429,-4.27785
Daniyal,1347,1771509813094,-4.99005,-4.07295,7.42305,5.23898,1.875,-3.91545
Daniyal,1348,1771509813106,-5.44095,-4.11405,7.17705,3.29307,1.38656,-3.18278
Daniyal,1349,1771509813118,-5.44095,-4.11405,7.17705,1.64654,0.29149,-2.08771
Daniyal,1350,1771509813130,-5.51505,-4.16205,7.32,0.54359,-0.14181,-0.92962
Daniyal,1351,1771509813140,-5.103,-4.24095,7.311,0.48845,0.47269,-0.74055
Daniyal,1352,1771509813150,-5.103,-4.24095,7.311,0.60662,-0.44118,0.41754
Daniyal,1353,1771509813162,-4.84395,-4.11705,7.29195,0.91387,-1.78834,-0.80357
Daniyal,1354,1771509813172,-4.84395,-4.11705,7.29195,1.22112,-1.17385,-3.00158
Daniyal,1355,1771509813185,-5.20095,-4.09995,7.215,0.1812,-3.19066,-2.20589
Daniyal,1356,1771509813196,-5.20095,-4.09995,7.215,-0.37027,-3.24581,-1.65442
Daniyal,1357,1771509813211,-5.23695,-4.28205,7.40595,-0.97689,-3.73425,-0.80357
Daniyal,1358,1771509813215,-5.23695,-4.28205,7.40595,-1.33929,-4.10453,-0.62238
Daniyal,1359,1771509813230,-4.938,-4.34205,7.191,-1.64654,-3.30883,-0.55935
Daniyal,1360,1771509813237,-4.58595,-4.34205,7.25805,-1.64654,-2.45799,-1.11082
Daniyal,1361,1771509813250,-4.58595,-4.34205,7.25805,-1.15809,-2.63919,-1.96166
Daniyal,1362,1771509813263,-4.72005,-4.236,7.30095,-0.30725,-3.24581,-2.33194
Daniyal,1363,1771509813273,-4.72005,-4.236,7.30095,-0.12605,-4.10453,-2.20589
Daniyal,1364,1771509813284,-4.79205,-4.248,7.33695,-0.48845,-3.55305,-1.59927
Daniyal,1365,1771509813293,-4.79205,-4.248,7.33695,-0.48845,-1.66229,-0.2521
Daniyal,1366,1771509813306,-4.66005,-4.39905,7.18605,-1.52837,-0.25998,4.13604
Daniyal,1367,1771509813317,-4.66005,-4.39905,7.18605,-1.46534,1.20536,0.17332
Daniyal,1368,1771509813327,-4.66695,-4.00905,7.22205,-1.03992,1.01628,-2.14286
Daniyal,1369,1771509813341,-4.69605,-4.16895,7.308,-0.30725,2.8519,-2.51314
Daniyal,1370,1771509813351,-4.69605,-4.16895,7.308,-0.37027,2.11923,0.84296
Daniyal,1371,1771509813363,-4.83495,-4.19805,7.27005,-0.97689,-3.12763,1.69381
Daniyal,1372,1771509813373,-4.83495,-4.19805,7.27005,-0.66964,-3.97848,0.29149
Daniyal,1373,1771509813388,-5.11305,-4.08495,7.30095,-0.37027,-3.49003,-1.47322
Daniyal,1374,1771509813393,-5.11305,-4.08495,7.30095,-1.46534,-4.15967,-3.11976
Daniyal,1375,1771509813405,-4.87995,-4.332,7.14795,-0.91387,-1.23687,-3.00158
Daniyal,1376,1771509813416,-4.87995,-4.332,7.14795,-0.42542,0.96114,-3.11976
Daniyal,1377,1771509813427,-4.83,-4.32,7.47105,-0.1812,1.81198,-4.27785
Daniyal,1378,1771509813437,-4.83,-4.32,7.47105,0.29937,-2.70221,-4.21482
Daniyal,1379,1771509813447,-4.97595,-4.356,7.38495,-0.30725,-5.62501,-4.15967
Daniyal,1380,1771509813460,-5.22495,-4.30095,7.69395,-0.42542,-3.43488,-3.73425
Daniyal,1381,1771509813472,-5.22495,-4.30095,7.69395,-1.82774,-7.45275,-3.00158
Daniyal,1382,1771509813481,-4.66695,-4.485,7.227,-2.07196,-4.28572,-2.81251
Daniyal,1383,1771509813493,-4.66695,-4.485,7.227,-1.77259,2.0562,-3.73425
Daniyal,1384,1771509813505,-4.59105,-4.356,7.63905,-2.49738,-4.28572,-4.27785
Daniyal,1385,1771509813519,-4.59105,-4.356,7.63905,-2.31618,-4.77417,-5.25474
Daniyal,1386,1771509813528,-4.67205,-4.16895,7.47105,-2.44223,-5.86924,-5.19171
Daniyal,1387,1771509813540,-4.67205,-4.16895,7.47105,-4.08877,-6.7831,-0.80357
Daniyal,1388,1771509813549,-4.32,-4.308,7.52595,-3.66335,-5.01839,-2.51314
Daniyal,1389,1771509813560,-4.91895,-4.03995,7.34205,-2.86765,-4.15967,-4.09665
Daniyal,1390,1771509813570,-4.91895,-4.03995,7.34205,-1.95379,-1.11082,-3.00158
Daniyal,1391,1771509813582,-4.76505,-3.90105,7.536,-1.03992,-1.17385,-2.08771
Daniyal,1392,1771509813596,-4.76505,-3.90105,7.536,-1.40231,0.89811,-2.26891
Daniyal,1393,1771509813607,-4.57095,-4.12605,7.54305,-1.46534,-0.19695,-1.89864
Daniyal,1394,1771509813617,-4.57095,-4.12605,7.54305,-1.58351,-1.41807,-1.84349
Daniyal,1395,1771509813629,-4.71,-4.29405,7.395,-0.73267,-0.07878,-1.59927
Daniyal,1396,1771509813640,-4.77495,-4.31805,7.299,-0.7957,0.10242,-1.59927
Daniyal,1397,1771509813651,-4.77495,-4.31805,7.299,-1.40231,0.47269,-0.49632
Daniyal,1398,1771509813662,-4.476,-4.46595,7.248,-2.7416,-0.5042,2.3083
Daniyal,1399,1771509813674,-4.476,-4.46595,7.248,-2.98583,-2.75736,0.29149
Daniyal,1400,1771509813686,-4.84395,-4.332,7.392,-2.13498,-4.10453,-1.59927
Daniyal,1401,1771509813694,-4.84395,-4.332,7.392,-2.44223,-2.39496,-1.65442
Daniyal,1402,1771509813704,-4.698,-4.51605,7.57605,-2.86765,-2.82038,-1.78047
Daniyal,1403,1771509813723,-4.698,-4.51605,7.57605,-2.19801,-6.97218,-1.0478
Daniyal,1404,1771509813729,-4.81305,-4.18095,7.94505,0.42542,-7.45275,-1.29202
Daniyal,1405,1771509813739,-4.81305,-4.18095,7.94505,0.66964,-6.17649,-1.71744
Daniyal,1406,1771509813748,-4.72005,-4.2,7.59105,-0.30725,-6.60191,-1.78047
Daniyal,1407,1771509813761,-4.65795,-3.75705,7.794,-1.52837,-11.96694,-1.84349
Daniyal,1408,1771509813773,-4.65795,-3.75705,7.794,-1.09507,-12.32934,-1.47322
Daniyal,1409,1771509813781,-4.38495,-3.71895,7.833,-0.48845,-8.18542,-1.65442
Daniyal,1410,1771509813794,-4.38495,-3.71895,7.833,0.91387,-9.71378,-3.9706
Daniyal,1411,1771509813807,-4.782,-3.66405,8.01705,1.15809,-10.80885,-4.15967
Daniyal,1412,1771509813817,-4.782,-3.66405,8.01705,1.40231,-5.38079,-4.70327
Daniyal,1413,1771509813828,-4.74105,-3.58995,7.95495,1.89076,-3.12763,-4.45904
Daniyal,1414,1771509813838,-4.74105,-3.58995,7.95495,2.07196,-4.15967,-2.87553
Daniyal,1415,1771509813849,-4.94295,-3.54405,7.548,0.48845,-2.39496,-0.2521
Daniyal,1416,1771509813860,-4.662,-3.37395,7.713,-1.28414,-2.57616,-1.22899
Daniyal,1417,1771509813874,-4.662,-3.37395,7.713,-1.40231,-7.20853,-4.27785
Daniyal,1418,1771509813882,-4.74405,-3.54,7.521,-0.91387,-10.1392,-4.03362
Daniyal,1419,1771509813902,-4.74405,-3.54,7.521,-1.03992,-2.02469,-4.15967
Daniyal,1420,1771509813907,-4.701,-3.62805,7.74195,0.66964,3.21429,-4.88447
Daniyal,1421,1771509813914,-4.701,-3.62805,7.74195,3.11188,3.0331,-3.05673
Daniyal,1422,1771509813925,-4.70595,-3.846,7.629,3.65547,3.88394,-2.63131
Daniyal,1423,1771509813937,-4.70595,-3.846,7.629,2.68646,6.32617,-4.03362
Daniyal,1424,1771509813949,-4.47795,-3.98205,7.701,1.15809,2.11923,-5.25474
Daniyal,1425,1771509813961,-4.37505,-3.94695,7.608,-1.09507,-4.89234,-5.25474
Daniyal,1426,1771509813972,-4.37505,-3.94695,7.608,-4.75841,-8.36662,-5.80621
Daniyal,1427,1771509813984,-4.50195,-4.035,7.77495,-5.54623,-5.75106,-6.29466
Daniyal,1428,1771509813994,-4.50195,-4.035,7.77495,-1.22112,-3.49003,-5.86136
Daniyal,1429,1771509814006,-4.90695,-4.13595,7.749,3.11188,-1.90652,-4.4039
Daniyal,1430,1771509814018,-4.90695,-4.13595,7.749,1.76471,3.09612,-5.68016
Daniyal,1431,1771509814027,-4.86795,-4.13595,7.54305,0.66964,4.61661,-5.31776
Daniyal,1432,1771509814038,-4.86795,-4.13595,7.54305,0.11817,-1.72532,-4.52207
Daniyal,1433,1771509814049,-4.56195,-4.34895,7.54305,-2.31618,-8.55569,-5.43594
Daniyal,1434,1771509814066,-4.36995,-4.26495,7.60995,-6.4601,-9.34351,-8.30359
Daniyal,1435,1771509814072,-4.36995,-4.26495,7.60995,-5.60926,-7.64182,-7.75212
Daniyal,1436,1771509814081,-4.545,-4.30095,7.71495,-3.29307,-6.84613,-5.92438
Daniyal,1437,1771509814093,-4.545,-4.30095,7.71495,-3.5373,-5.38079,-5.86136
Daniyal,1438,1771509814104,-4.57605,-4.14795,7.24605,-4.69539,-1.96954,-6.90128
Daniyal,1439,1771509814115,-4.57605,-4.14795,7.24605,-4.20694,-2.70221,-4.64812
Daniyal,1440,1771509814126,-4.35105,-4.32,7.57605,-4.75841,-3.67123,-4.09665
Daniyal,1441,1771509814137,-4.35105,-4.32,7.57605,-6.03468,-1.90652,-4.76629
Daniyal,1442,1771509814150,-4.05195,-4.33695,7.59105,-5.91651,0.71691,-4.82932
Daniyal,1443,1771509814161,-3.89595,-4.39905,7.677,-3.89969,-1.17385,-3.6082
Daniyal,1444,1771509814170,-3.89595,-4.39905,7.677,-4.33299,-1.05567,-4.34087
Daniyal,1445,1771509814183,-3.96795,-3.88905,7.39695,-4.93961,2.42648,-6.23163
Daniyal,1446,1771509814194,-3.96795,-3.88905,7.39695,-4.20694,1.81198,-5.61713
Daniyal,1447,1771509814204,-4.212,-4.22205,7.53795,-4.02574,-0.5042,-5.68016
Daniyal,1448,1771509814219,-4.212,-4.22205,7.53795,-6.52312,-2.02469,-7.75212
Daniyal,1449,1771509814229,-4.45695,-5.16495,7.45005,-6.76735,0.10242,-7.5079
Daniyal,1450,1771509814242,-4.251,-5.65095,7.52595,-8.23269,-7.82302,-5.74319
Daniyal,1451,1771509814249,-4.251,-5.65095,7.52595,-9.39078,-10.44645,-5.98741
Daniyal,1452,1771509814261,-3.60705,-5.21805,7.04295,-11.58879,-11.84877,-6.47586
Daniyal,1453,1771509814271,-3.60705,-5.21805,7.04295,-10.18647,-11.1161,-6.10558
Daniyal,1454,1771509814282,-3.465,-4.69095,7.71105,-6.70432,-13.61348,-5.86136
Daniyal,1455,1771509814294,-3.465,-4.69095,7.71105,-5.12081,-12.14814,-7.45275
Daniyal,1456,1771509814305,-3.882,-4.76805,7.12395,-1.76471,-0.62238,-8.17754
Daniyal,1457,1771509814315,-3.882,-4.76805,7.12395,0.3624,-0.6854,-8.54781
Daniyal,1458,1771509814326,-4.24305,-5.02605,7.395,-0.06303,-3.19066,-8.97324
Daniyal,1459,1771509814338,-4.24305,-5.02605,7.395,-1.64654,-0.8666,-10.19435
Daniyal,1460,1771509814351,-4.29405,-4.938,7.38705,-1.09507,3.09612,-9.95013
Daniyal,1461,1771509814362,-4.40895,-4.188,7.90695,0.48845,-0.6854,-9.8871
Daniyal,1462,1771509814373,-4.40895,-4.188,7.90695,-11.64394,-23.4927,-5.31776
Daniyal,1463,1771509814384,-3.33795,-5.259,7.18095,-2.93068,-5.07354,-5.61713
Daniyal,1464,1771509814394,-3.33795,-5.259,7.18095,-15.18123,-24.83199,-38.30366
Daniyal,1465,1771509814408,-5.34495,-5.36205,5.86905,-5.97953,19.79784,-47.38719
Daniyal,1466,1771509814416,-5.34495,-5.36205,5.86905,-13.96012,12.60507,-39.70597
Daniyal,1467,1771509814425,-3.77895,-5.06205,7.48605,-14.39342,5.83772,-23.91025
Daniyal,1468,1771509814436,-3.77895,-5.06205,7.48605,-11.64394,-2.33194,-6.41283
Daniyal,1469,1771509814449,-1.39695,-6.70695,7.08795,-8.59508,-10.99005,9.62712
Daniyal,1470,1771509814459,-1.39695,-6.70695,7.08795,-13.47167,-13.36925,4.80568
Daniyal,1471,1771509814471,-2.43105,-7.12395,7.32705,-14.14919,-17.26895,0.90599
Daniyal,1472,1771509814483,-3.858,-6.54195,7.77,-9.39078,-13.43228,-3.11976
Daniyal,1473,1771509814493,-3.858,-6.54195,7.77,-9.14655,-13.73165,-3.05673
Daniyal,1474,1771509814506,-4.58805,-5.04105,7.45905,-7.38184,2.30043,1.81986
Daniyal,1475,1771509814514,-4.58805,-5.04105,7.45905,-8.53994,4.79781,5.47533
Daniyal,1476,1771509814528,-3.891,-5.23905,7.569,-10.4307,-3.49003,6.208
Daniyal,1477,1771509814539,-3.891,-5.23905,7.569,-10.36767,-11.36032,0.90599
Daniyal,1478,1771509814549,-3.918,-5.88405,7.236,-5.00264,-10.87187,-8.97324
Daniyal,1479,1771509814561,-3.918,-5.88405,7.236,6.2789,-6.42071,-18.48219
Daniyal,1480,1771509814578,-4.74405,-5.46705,7.42605,16.95382,-7.02733,-22.08251
Daniyal,1481,1771509814584,-3.348,-5.66805,7.02795,22.374,2.60767,-19.21486
Daniyal,1482,1771509814591,-3.348,-5.66805,7.02795,22.1928,12.78627,-18.60824
Daniyal,1483,1771509814603,-3.85095,-4.56195,7.69095,17.00897,12.0536,-21.05047
Daniyal,1484,1771509814615,-3.85095,-4.56195,7.69095,6.21588,-3.79728,-17.75739
Daniyal,1485,1771509814625,-3.12795,-3.56595,7.72995,5.60926,-3.30883,-15.86663
Daniyal,1486,1771509814639,-3.12795,-3.56595,7.72995,7.50002,1.74895,-16.11086
Daniyal,1487,1771509814650,-3.801,-2.733,7.52595,6.0977,-0.37815,-14.33827
Daniyal,1488,1771509814662,-3.57495,-3.32205,7.80405,3.96272,-7.51577,-11.53364
Daniyal,1489,1771509814672,-3.57495,-3.32205,7.80405,4.56934,-7.15338,-11.84089
Daniyal,1490,1771509814682,-3.657,-3.468,8.35905,5.67228,-7.15338,-12.02209
Daniyal,1491,1771509814693,-3.657,-3.468,8.35905,8.77628,-7.69697,-11.04519
Daniyal,1492,1771509814705,-3.49395,-4.01805,8.56095,15.24426,-2.39496,-10.61977
Daniyal,1493,1771509814716,-3.49395,-4.01805,8.56095,20.72746,1.69381,-7.87817
Daniyal,1494,1771509814726,-4.14795,-4.059,8.11305,21.21591,1.20536,-9.21746
Daniyal,1495,1771509814743,-4.14795,-4.059,8.11305,20.36507,-0.07878,-14.82672
Daniyal,1496,1771509814749,-4.33905,-3.801,7.70295,19.51423,0.10242,-14.64552
Daniyal,1497,1771509814760,-4.33905,-3.801,7.70295,16.2763,0.47269,-14.09405
Daniyal,1498,1771509814771,-4.16205,-3.37905,8.07705,14.33039,4.25421,-14.70854
Daniyal,1499,1771509814783,-3.99195,-3.47505,8.41695,16.76475,6.93279,-15.43334
Daniyal,1500,1771509814793,-3.99195,-3.47505,8.41695,17.00897,9.49319,-16.71748
Daniyal,1501,1771509814804,-4.308,-2.87895,7.98405,14.75581,9.06777,-17.75739
Daniyal,1502,1771509814814,-4.308,-2.87895,7.98405,12.43963,7.35821,-16.71748
Daniyal,1503,1771509814827,-3.762,-2.74695,7.05705,6.4601,4.30936,-15.49636
Daniyal,1504,1771509814840,-3.762,-2.74695,7.05705,4.45117,2.0562,-16.83565
Daniyal,1505,1771509814849,-3.276,-2.80695,7.893,5.24686,-0.56723,-17.02472
Daniyal,1506,1771509814861,-3.702,-3.13005,8.08395,12.43963,6.93279,-16.29206
Daniyal,1507,1771509814872,-3.702,-3.13005,8.08395,14.02314,11.75423,-15.74058
Daniyal,1508,1771509814883,-4.38,-3.31695,7.605,13.29047,13.51894,-15.86663
Daniyal,1509,1771509814895,-4.38,-3.31695,7.605,10.06042,15.29153,-14.2201
Daniyal,1510,1771509814905,-4.53795,-3.3,8.721,9.08353,16.74899,-15.31516
Daniyal,1511,1771509814916,-4.53795,-3.3,8.721,9.32775,15.47272,-15.19699
Daniyal,1512,1771509814924,-5.05305,-3.10905,8.98395,10.12345,13.70014,-14.09405
Daniyal,1513,1771509814937,-5.05305,-3.10905,8.98395,12.3766,11.32881,-5.07354
Daniyal,1514,1771509814948,-4.42095,-2.02905,9.99495,19.4512,1.38656,-3.9706
Daniyal,1515,1771509814959,-4.42095,-2.02905,9.99495,22.92547,0.47269,-3.05673
Daniyal,1516,1771509814971,-5.61495,-4.42095,8.673,27.55784,0.65389,2.06408
Daniyal,1517,1771509814981,-4.54995,-3.83595,9.387,26.3446,-3.61608,3.09612
Daniyal,1518,1771509814992,-4.54995,-3.83595,9.387,26.64397,-6.35768,4.68751
Daniyal,1519,1771509815007,-4.61895,-3.41505,9.60405,28.84198,-17.2138,6.08983
Daniyal,1520,1771509815014,-4.61895,-3.41505,9.60405,32.009,-17.02472,7.30306
Daniyal,1521,1771509815030,-5.211,-2.934,9.35805,32.31625,-6.66493,17.06412
Daniyal,1522,1771509815037,-5.211,-2.934,9.35805,27.37664,-2.51314,25.8404
Daniyal,1523,1771509815045,-4.42305,-3.528,10.34205,24.94229,-1.35505,34.13611
Daniyal,1524,1771509815063,-4.416,-4.524,9.954,31.40239,15.10245,39.43812
Daniyal,1525,1771509815071,-4.416,-4.524,9.954,33.53737,34.79787,45.96124
Daniyal,1526,1771509815088,-4.476,-5.658,9.08505,21.09774,41.321,51.27113
Daniyal,1527,1771509815097,-4.476,-5.658,9.08505,21.09774,41.321,51.27113
Daniyal,1528,1771509815104,-4.476,-5.658,9.08505,21.09774,41.321,51.27113
Daniyal,1529,1771509815112,-4.476,-5.658,9.08505,21.09774,41.321,51.27113
Daniyal,1530,1771509815124,-4.476,-5.658,9.08505,21.09774,41.321,51.27113
Daniyal,1531,1771509815131,-4.30305,-4.95705,6.33405,-0.7957,35.6566,73.46393
Daniyal,1532,1771509815137,-4.30305,-4.95705,6.33405,-5.12081,35.0421,74.86624
Daniyal,1533,1771509815147,-3.681,-6.22095,7.51695,-9.8162,20.90078,71.32895
Daniyal,1534,1771509815156,-3.681,-6.22095,7.51695,-4.45117,10.53311,63.89195
Daniyal,1535,1771509815163,-3.61905,-7.82505,8.95095,0.97689,9.55622,59.31474
Daniyal,1536,1771509815175,-3.61905,-7.82505,8.95095,13.84194,13.76316,48.8289
Daniyal,1537,1771509815178,-3.61905,-7.82505,8.95095,20.12085,18.45855,42.1876
Daniyal,1538,1771509815187,-3.28095,-9.74595,7.76595,20.79049,28.09355,29.50375
Daniyal,1539,1771509815195,-3.28095,-9.74595,7.76595,15.24426,31.44965,17.00109
Daniyal,1540,1771509815204,-3.28095,-9.74595,7.76595,15.24426,31.44965,17.00109
Daniyal,1541,1771509815250,-2.46195,-3.48405,9.549,14.93701,-16.23691,2.42648
Daniyal,1542,1771509815288,-2.424,-2.69895,8.37105,0,0,0
Daniyal,1543,1771509815911,-2.424,-2.69895,8.37105,0,0,0
Daniyal,1544,1771509816071,-2.424,-2.69895,8.37105,0,0,0
Daniyal,1545,1771509816150,-2.424,-2.69895,8.37105,0,0,0
Daniyal,1546,1771509816161,-2.424,-2.69895,8.37105,0,0,0
Daniyal,1547,1771509816173,-2.424,-2.69895,8.37105,0,0,0
Daniyal,1548,1771509816202,-2.424,-2.69895,8.37105,0,0,0
Daniyal,1549,1771509816217,-2.424,-2.69895,8.37105,0,0,0
Daniyal,1550,1771509816280,-2.424,-2.69895,8.37105,0,0,0
Daniyal,1551,1771509816299,-2.424,-2.69895,8.37105,0,0,0
Daniyal,1552,1771509816389,-2.424,-2.69895,8.37105,0,0,0
Daniyal,1553,1771509816401,-2.424,-2.69895,8.37105,0,0,0
Daniyal,1554,1771509816408,-2.424,-2.69895,8.37105,0,0,0
Daniyal,1555,1771509816418,-2.424,-2.69895,8.37105,0,0,0
Daniyal,1556,1771509816433,-2.424,-2.69895,8.37105,0,0,0
Daniyal,1557,1771509816440,-2.424,-2.69895,8.37105,0,0,0
Daniyal,1558,1771509816452,-2.424,-2.69895,8.37105,0,0,0
Daniyal,1559,1771509816464,-2.424,-2.69895,8.37105,0,0,0
Daniyal,1560,1771509816478,-2.424,-2.69895,8.37105,0,0,0
Daniyal,1561,1771509816487,-2.424,-2.69895,8.37105,0,0,0
Daniyal,1562,1771509816500,-2.424,-2.69895,8.37105,0,0,0
Daniyal,1563,1771509816511,-2.424,-2.69895,8.37105,0,0,0
Daniyal,1564,1771509816531,-2.424,-2.69895,8.37105,0,0,0
Daniyal,1565,1771509816538,-2.424,-2.69895,8.37105,0,0,0
Daniyal,1566,1771509816548,-2.424,-2.69895,8.37105,0,0,0
Daniyal,1567,1771509816554,-2.424,-2.69895,8.37105,0,0,0
Daniyal,1568,1771509816575,-2.424,-2.69895,8.37105,0,0,0
Daniyal,1569,1771509816581,-2.424,-2.69895,8.37105,0,0,0
Daniyal,1570,1771509816588,-2.424,-2.69895,8.37105,0,0,0
Daniyal,1571,1771509816594,-2.424,-2.69895,8.37105,0,0,0
Daniyal,1572,1771509816602,-2.424,-2.69895,8.37105,0,0,0
Daniyal,1573,1771509816628,-2.424,-2.69895,8.37105,0,0,0
Daniyal,1574,1771509816635,-2.424,-2.69895,8.37105,0,0,0
Daniyal,1575,1771509816643,-2.424,-2.69895,8.37105,0,0,0
Daniyal,1576,1771509816651,-2.424,-2.69895,8.37105,0,0,0
Daniyal,1577,1771509816658,-2.424,-2.69895,8.37105,0,0,0
Daniyal,1578,1771509816664,-2.424,-2.69895,8.37105,0,0,0
Daniyal,1579,1771509816677,-2.424,-2.69895,8.37105,0,0,0
Daniyal,1580,1771509816683,-2.424,-2.69895,8.37105,0,0,0
Daniyal,1581,1771509816690,-2.424,-2.69895,8.37105,0,0,0
Daniyal,1582,1771509816701,-2.424,-2.69895,8.37105,0,0,0
Daniyal,1583,1771509816712,-2.424,-2.69895,8.37105,0,0,0
Daniyal,1584,1771509816718,-2.424,-2.69895,8.37105,0,0,0
Daniyal,1585,1771509816725,-2.424,-2.69895,8.37105,0,0,0
Daniyal,1586,1771509816733,-2.424,-2.69895,8.37105,0,0,0
Daniyal,1587,1771509816745,-2.424,-2.69895,8.37105,0,0,0
Daniyal,1588,1771509816752,-2.424,-2.69895,8.37105,0,0,0
Daniyal,1589,1771509816757,-2.424,-2.69895,8.37105,0,0,0
Daniyal,1590,1771509816764,-2.424,-2.69895,8.37105,0,0,0
Daniyal,1591,1771509816770,-2.424,-2.69895,8.37105,0,0,0
Daniyal,1592,1771509816776,-2.424,-2.69895,8.37105,0,0,0
Daniyal,1593,1771509816800,-2.424,-2.69895,8.37105,0,0,0
Daniyal,1594,1771509816808,-2.424,-2.69895,8.37105,0,0,0
Daniyal,1595,1771509816814,-2.424,-2.69895,8.37105,0,0,0
Daniyal,1596,1771509816831,-2.424,-2.69895,8.37105,0,0,0
Daniyal,1597,1771509816838,-2.424,-2.69895,8.37105,0,0,0
Daniyal,1598,1771509816844,-2.424,-2.69895,8.37105,0,0,0
Daniyal,1599,1771509816850,-2.424,-2.69895,8.37105,0,0,0
Daniyal,1600,1771509816856,-2.424,-2.69895,8.37105,0,0,0
Daniyal,1601,1771509816864,-2.424,-2.69895,8.37105,0,0,0
Daniyal,1602,1771509816870,-2.424,-2.69895,8.37105,0,0,0
Daniyal,1603,1771509816878,-2.424,-2.69895,8.37105,0,0,0
Daniyal,1604,1771509816892,-2.424,-2.69895,8.37105,0,0,0
Daniyal,1605,1771509816901,-2.424,-2.69895,8.37105,0,0,0
Daniyal,1606,1771509816907,-2.424,-2.69895,8.37105,0,0,0
Daniyal,1607,1771509816923,-2.424,-2.69895,8.37105,0,0,0
Daniyal,1608,1771509816931,-2.424,-2.69895,8.37105,0,0,0
Daniyal,1609,1771509816937,-2.424,-2.69895,8.37105,0,0,0
Daniyal,1610,1771509816944,-2.424,-2.69895,8.37105,0,0,0
Daniyal,1611,1771509816949,-2.424,-2.69895,8.37105,0,0,0
Daniyal,1612,1771509816957,-2.424,-2.69895,8.37105,0,0,0
Daniyal,1613,1771509816964,-2.424,-2.69895,8.37105,0,0,0
Daniyal,1614,1771509816980,-2.424,-2.69895,8.37105,0,0,0
Daniyal,1615,1771509816987,-2.424,-2.69895,8.37105,0,0,0
Daniyal,1616,1771509816994,-2.424,-2.69895,8.37105,0,0,0
Daniyal,1617,1771509817003,-2.424,-2.69895,8.37105,0,0,0
Daniyal,1618,1771509817018,-2.424,-2.69895,8.37105,0,0,0
Daniyal,1619,1771509817025,-2.424,-2.69895,8.37105,0,0,0
Daniyal,1620,1771509817032,-2.424,-2.69895,8.37105,0,0,0
Daniyal,1621,1771509817039,-2.424,-2.69895,8.37105,0,0,0
Daniyal,1622,1771509817045,-2.424,-2.69895,8.37105,0,0,0
Daniyal,1623,1771509817065,-2.424,-2.69895,8.37105,0,0,0
Daniyal,1624,1771509817071,-2.424,-2.69895,8.37105,0,0,0
Daniyal,1625,1771509817077,-2.424,-2.69895,8.37105,0,0,0
Daniyal,1626,1771509817083,-2.424,-2.69895,8.37105,0,0,0
Daniyal,1627,1771509817090,-2.424,-2.69895,8.37105,0,0,0
Daniyal,1628,1771509817101,-2.424,-2.69895,8.37105,0,0,0
Daniyal,1629,1771509817108,-2.424,-2.69895,8.37105,0,0,0
Daniyal,1630,1771509817114,-2.424,-2.69895,8.37105,0,0,0
Daniyal,1631,1771509817123,-2.424,-2.69895,8.37105,0,0,0
Daniyal,1632,1771509817137,-2.424,-2.69895,8.37105,0,0,0
Daniyal,1633,1771509817143,-2.424,-2.69895,8.37105,0,0,0
Daniyal,1634,1771509817149,-2.424,-2.69895,8.37105,0,0,0
Daniyal,1635,1771509817159,-2.424,-2.69895,8.37105,0,0,0
Daniyal,1636,1771509817172,-2.424,-2.69895,8.37105,0,0,0
Daniyal,1637,1771509817180,-2.424,-2.69895,8.37105,0,0,0
Daniyal,1638,1771509817187,-2.424,-2.69895,8.37105,0,0,0
Daniyal,1639,1771509817196,-2.424,-2.69895,8.37105,0,0,0
Daniyal,1640,1771509817204,-2.424,-2.69895,8.37105,0,0,0
Daniyal,1641,1771509817220,-2.424,-2.69895,8.37105,0,0,0
Daniyal,1642,1771509817227,-2.424,-2.69895,8.37105,0,0,0
Daniyal,1643,1771509817233,-2.424,-2.69895,8.37105,0,0,0
Daniyal,1644,1771509817239,-2.424,-2.69895,8.37105,0,0,0
Daniyal,1645,1771509817247,-2.424,-2.69895,8.37105,0,0,0
Daniyal,1646,1771509817258,-2.424,-2.69895,8.37105,0,0,0
Daniyal,1647,1771509817266,-2.424,-2.69895,8.37105,0,0,0
Daniyal,1648,1771509817274,-2.424,-2.69895,8.37105,0,0,0
Daniyal,1649,1771509817281,-2.424,-2.69895,8.37105,0,0,0
Daniyal,1650,1771509817298,-2.424,-2.69895,8.37105,0,0,0
Daniyal,1651,1771509817305,-2.424,-2.69895,8.37105,0,0,0
Daniyal,1652,1771509817315,-2.424,-2.69895,8.37105,0,0,0
Daniyal,1653,1771509817321,-2.424,-2.69895,8.37105,0,0,0
Daniyal,1654,1771509817333,-2.424,-2.69895,8.37105,0,0,0
Daniyal,1655,1771509817346,-2.424,-2.69895,8.37105,0,0,0
Daniyal,1656,1771509817353,-2.424,-2.69895,8.37105,0,0,0
Daniyal,1657,1771509817361,-2.424,-2.69895,8.37105,0,0,0
Daniyal,1658,1771509817370,-2.424,-2.69895,8.37105,0,0,0
Daniyal,1659,1771509817378,-2.424,-2.69895,8.37105,0,0,0
Daniyal,1660,1771509817399,-2.424,-2.69895,8.37105,0,0,0
Daniyal,1661,1771509817422,-2.424,-2.69895,8.37105,0,0,0
Daniyal,1662,1771509817433,-2.424,-2.69895,8.37105,0,0,0
Daniyal,1663,1771509817439,-2.424,-2.69895,8.37105,0,0,0
Daniyal,1664,1771509817460,-2.424,-2.69895,8.37105,0,0,0
Daniyal,1665,1771509817473,-2.424,-2.69895,8.37105,0,0,0
Daniyal,1666,1771509817486,-2.424,-2.69895,8.37105,0,0,0
Daniyal,1667,1771509817514,-2.424,-2.69895,8.37105,0,0,0
Daniyal,1668,1771509817532,-2.424,-2.69895,8.37105,0,0,0
Daniyal,1669,1771509817540,-2.424,-2.69895,8.37105,0,0,0
Daniyal,1670,1771509817553,-2.424,-2.69895,8.37105,0,0,0
Daniyal,1671,1771509817560,-2.424,-2.69895,8.37105,0,0,0
Daniyal,1672,1771509817578,-2.424,-2.69895,8.37105,0,0,0
Daniyal,1673,1771509817585,-2.424,-2.69895,8.37105,0,0,0
Daniyal,1674,1771509817592,-2.424,-2.69895,8.37105,0,0,0
Daniyal,1675,1771509817606,-2.424,-2.69895,8.37105,0,0,0
Daniyal,1676,1771509817637,-2.424,-2.69895,8.37105,0,0,0
Daniyal,1677,1771509817647,-2.424,-2.69895,8.37105,0,0,0
Daniyal,1678,1771509817659,-2.424,-2.69895,8.37105,0,0,0
Daniyal,1679,1771509817682,-2.424,-2.69895,8.37105,0,0,0
Daniyal,1680,1771509817690,-2.424,-2.69895,8.37105,0,0,0
Daniyal,1681,1771509817698,-2.424,-2.69895,8.37105,0,0,0
Daniyal,1682,1771509817707,-2.424,-2.69895,8.37105,0,0,0
Daniyal,1683,1771509817724,-2.424,-2.69895,8.37105,0,0,0
Daniyal,1684,1771509817743,-2.424,-2.69895,8.37105,0,0,0
Daniyal,1685,1771509817749,-2.424,-2.69895,8.37105,0,0,0
Daniyal,1686,1771509817756,-2.424,-2.69895,8.37105,0,0,0
Daniyal,1687,1771509817763,-2.424,-2.69895,8.37105,0,0,0
Daniyal,1688,1771509817774,-2.424,-2.69895,8.37105,0,0,0
Daniyal,1689,1771509817796,-2.424,-2.69895,8.37105,0,0,0
Daniyal,1690,1771509817805,-2.424,-2.69895,8.37105,0,0,0
Daniyal,1691,1771509817812,-2.424,-2.69895,8.37105,0,0,0
Daniyal,1692,1771509817821,-2.424,-2.69895,8.37105,0,0,0
Daniyal,1693,1771509817828,-2.424,-2.69895,8.37105,0,0,0
Daniyal,1694,1771509817848,-2.424,-2.69895,8.37105,0,0,0
Daniyal,1695,1771509817854,-2.424,-2.69895,8.37105,0,0,0
Daniyal,1696,1771509817860,-2.424,-2.69895,8.37105,0,0,0
Daniyal,1697,1771509817866,-2.424,-2.69895,8.37105,0,0,0
Daniyal,1698,1771509817874,-2.424,-2.69895,8.37105,0,0,0
Daniyal,1699,1771509817883,-2.424,-2.69895,8.37105,0,0,0
Daniyal,1700,1771509817891,-2.424,-2.69895,8.37105,0,0,0
Daniyal,1701,1771509817903,-2.424,-2.69895,8.37105,0,0,0
Daniyal,1702,1771509817913,-2.424,-2.69895,8.37105,0,0,0
Daniyal,1703,1771509817933,-2.424,-2.69895,8.37105,0,0,0
Daniyal,1704,1771509817942,-2.424,-2.69895,8.37105,0,0,0
Daniyal,1705,1771509817950,-2.424,-2.69895,8.37105,0,0,0
Daniyal,1706,1771509817958,-2.424,-2.69895,8.37105,0,0,0
Daniyal,1707,1771509817974,-2.424,-2.69895,8.37105,0,0,0
Daniyal,1708,1771509817985,-2.424,-2.69895,8.37105,0,0,0
Daniyal,1709,1771509817993,-2.424,-2.69895,8.37105,0,0,0
Daniyal,1710,1771509818003,-2.424,-2.69895,8.37105,0,0,0
Daniyal,1711,1771509818024,-2.424,-2.69895,8.37105,0,0,0
Daniyal,1712,1771509818041,-2.424,-2.69895,8.37105,0,0,0
Daniyal,1713,1771509818053,-2.424,-2.69895,8.37105,0,0,0
Daniyal,1714,1771509818061,-2.424,-2.69895,8.37105,0,0,0
Daniyal,1715,1771509818068,-2.424,-2.69895,8.37105,0,0,0
Daniyal,1716,1771509818074,-2.424,-2.69895,8.37105,0,0,0
Daniyal,1717,1771509818084,-2.424,-2.69895,8.37105,0,0,0
Daniyal,1718,1771509818095,-2.424,-2.69895,8.37105,0,0,0
Daniyal,1719,1771509818102,-2.424,-2.69895,8.37105,0,0,0
Daniyal,1720,1771509818109,-2.424,-2.69895,8.37105,0,0,0
Daniyal,1721,1771509818122,-2.424,-2.69895,8.37105,0,0,0
Daniyal,1722,1771509818131,-2.424,-2.69895,8.37105,0,0,0
Daniyal,1723,1771509818151,-2.424,-2.69895,8.37105,0,0,0
Daniyal,1724,1771509818157,-2.424,-2.69895,8.37105,0,0,0
Daniyal,1725,1771509818164,-2.424,-2.69895,8.37105,0,0,0
Daniyal,1726,1771509818169,-2.424,-2.69895,8.37105,0,0,0
Daniyal,1727,1771509818196,-2.424,-2.69895,8.37105,0,0,0
Daniyal,1728,1771509818202,-2.424,-2.69895,8.37105,0,0,0
Daniyal,1729,1771509818208,-2.424,-2.69895,8.37105,0,0,0
Daniyal,1730,1771509818215,-2.424,-2.69895,8.37105,0,0,0
Daniyal,1731,1771509818220,-2.424,-2.69895,8.37105,0,0,0
Daniyal,1732,1771509818230,-2.424,-2.69895,8.37105,0,0,0
Daniyal,1733,1771509818243,-2.424,-2.69895,8.37105,0,0,0
Daniyal,1734,1771509818249,-2.424,-2.69895,8.37105,0,0,0
Daniyal,1735,1771509818255,-2.424,-2.69895,8.37105,0,0,0
Daniyal,1736,1771509818264,-2.424,-2.69895,8.37105,0,0,0
Daniyal,1737,1771509818282,-2.424,-2.69895,8.37105,0,0,0
Daniyal,1738,1771509818289,-2.424,-2.69895,8.37105,0,0,0
Daniyal,1739,1771509818296,-2.424,-2.69895,8.37105,0,0,0
Daniyal,1740,1771509818314,-2.424,-2.69895,8.37105,0,0,0
Daniyal,1741,1771509818321,-2.424,-2.69895,8.37105,0,0,0
Daniyal,1742,1771509818332,-2.424,-2.69895,8.37105,0,0,0
Daniyal,1743,1771509818350,-2.424,-2.69895,8.37105,0,0,0
Daniyal,1744,1771509818360,-2.424,-2.69895,8.37105,0,0,0
Daniyal,1745,1771509818379,-2.424,-2.69895,8.37105,0,0,0
Daniyal,1746,1771509818390,-2.424,-2.69895,8.37105,0,0,0
Daniyal,1747,1771509818411,-2.424,-2.69895,8.37105,0,0,0
Daniyal,1748,1771509818419,-2.424,-2.69895,8.37105,0,0,0
Daniyal,1749,1771509818430,-2.424,-2.69895,8.37105,0,0,0
Daniyal,1750,1771509818439,-2.424,-2.69895,8.37105,0,0,0
Daniyal,1751,1771509818446,-2.424,-2.69895,8.37105,0,0,0
Daniyal,1752,1771509818452,-2.424,-2.69895,8.37105,0,0,0
Daniyal,1753,1771509818462,-2.424,-2.69895,8.37105,0,0,0
Daniyal,1754,1771509818476,-2.424,-2.69895,8.37105,0,0,0
Daniyal,1755,1771509818482,-2.424,-2.69895,8.37105,0,0,0
Daniyal,1756,1771509818488,-2.424,-2.69895,8.37105,0,0,0
Daniyal,1757,1771509818494,-2.424,-2.69895,8.37105,0,0,0
Daniyal,1758,1771509818505,-2.424,-2.69895,8.37105,0,0,0
Daniyal,1759,1771509818523,-2.424,-2.69895,8.37105,0,0,0
Daniyal,1760,1771509818530,-2.424,-2.69895,8.37105,0,0,0
Daniyal,1761,1771509818537,-2.424,-2.69895,8.37105,0,0,0
Daniyal,1762,1771509818551,-2.424,-2.69895,8.37105,0,0,0
Daniyal,1763,1771509818559,-2.424,-2.69895,8.37105,0,0,0
Daniyal,1764,1771509818574,-2.424,-2.69895,8.37105,0,0,0
Daniyal,1765,1771509818583,-2.424,-2.69895,8.37105,0,0,0
Daniyal,1766,1771509818590,-2.424,-2.69895,8.37105,0,0,0
Daniyal,1767,1771509818599,-2.424,-2.69895,8.37105,0,0,0
Daniyal,1768,1771509818609,-2.424,-2.69895,8.37105,0,0,0
Daniyal,1769,1771509818623,-2.424,-2.69895,8.37105,0,0,0
Daniyal,1770,1771509818638,-2.424,-2.69895,8.37105,0,0,0
Daniyal,1771,1771509818645,-2.424,-2.69895,8.37105,0,0,0
Daniyal,1772,1771509818654,-2.424,-2.69895,8.37105,0,0,0
Daniyal,1773,1771509818667,-2.424,-2.69895,8.37105,0,0,0
Daniyal,1774,1771509818675,-2.424,-2.69895,8.37105,0,0,0
Daniyal,1775,1771509818692,-2.424,-2.69895,8.37105,0,0,0
Daniyal,1776,1771509818701,-2.424,-2.69895,8.37105,0,0,0
Daniyal,1777,1771509818709,-2.424,-2.69895,8.37105,0,0,0
Daniyal,1778,1771509818717,-2.424,-2.69895,8.37105,0,0,0
Daniyal,1779,1771509818743,-2.424,-2.69895,8.37105,0,0,0
Daniyal,1780,1771509818763,-2.424,-2.69895,8.37105,0,0,0
Daniyal,1781,1771509818769,-2.424,-2.69895,8.37105,0,0,0
Daniyal,1782,1771509818775,-2.424,-2.69895,8.37105,0,0,0
Daniyal,1783,1771509818782,-2.424,-2.69895,8.37105,0,0,0
Daniyal,1784,1771509818789,-2.424,-2.69895,8.37105,0,0,0
Daniyal,1785,1771509818796,-2.424,-2.69895,8.37105,0,0,0
Daniyal,1786,1771509818804,-2.424,-2.69895,8.37105,0,0,0
Daniyal,1787,1771509818817,-2.424,-2.69895,8.37105,0,0,0
Daniyal,1788,1771509818824,-2.424,-2.69895,8.37105,0,0,0
Daniyal,1789,1771509818843,-2.424,-2.69895,8.37105,0,0,0
Daniyal,1790,1771509818850,-2.424,-2.69895,8.37105,0,0,0
Daniyal,1791,1771509818856,-2.424,-2.69895,8.37105,0,0,0
Daniyal,1792,1771509818863,-2.424,-2.69895,8.37105,0,0,0
Daniyal,1793,1771509818870,-2.424,-2.69895,8.37105,0,0,0
Daniyal,1794,1771509818876,-2.424,-2.69895,8.37105,0,0,0
Daniyal,1795,1771509818884,-2.424,-2.69895,8.37105,0,0,0
Daniyal,1796,1771509818902,-2.424,-2.69895,8.37105,0,0,0
Daniyal,1797,1771509818909,-2.424,-2.69895,8.37105,0,0,0
Daniyal,1798,1771509818917,-2.424,-2.69895,8.37105,0,0,0
Daniyal,1799,1771509818925,-2.424,-2.69895,8.37105,0,0,0
Daniyal,1800,1771509818933,-2.424,-2.69895,8.37105,0,0,0
Daniyal,1801,1771509818945,-2.424,-2.69895,8.37105,0,0,0
Daniyal,1802,1771509818951,-2.424,-2.69895,8.37105,0,0,0
Daniyal,1803,1771509818957,-2.424,-2.69895,8.37105,0,0,0
Daniyal,1804,1771509818972,-2.424,-2.69895,8.37105,0,0,0
Daniyal,1805,1771509818979,-2.424,-2.69895,8.37105,0,0,0
Daniyal,1806,1771509818985,-2.424,-2.69895,8.37105,0,0,0
Daniyal,1807,1771509818992,-2.424,-2.69895,8.37105,0,0,0
Daniyal,1808,1771509819007,-2.424,-2.69895,8.37105,0,0,0
Daniyal,1809,1771509819014,-2.424,-2.69895,8.37105,0,0,0
Daniyal,1810,1771509819023,-2.424,-2.69895,8.37105,0,0,0
Daniyal,1811,1771509819034,-2.424,-2.69895,8.37105,0,0,0
Daniyal,1812,1771509819048,-2.424,-2.69895,8.37105,0,0,0
Daniyal,1813,1771509819065,-2.424,-2.69895,8.37105,0,0,0
Daniyal,1814,1771509819073,-2.424,-2.69895,8.37105,0,0,0
Daniyal,1815,1771509819080,-2.424,-2.69895,8.37105,0,0,0
Daniyal,1816,1771509819096,-2.424,-2.69895,8.37105,0,0,0
Daniyal,1817,1771509819102,-2.424,-2.69895,8.37105,0,0,0
Daniyal,1818,1771509819112,-2.424,-2.69895,8.37105,0,0,0
Daniyal,1819,1771509819135,-2.424,-2.69895,8.37105,0,0,0
Daniyal,1820,1771509819145,-2.424,-2.69895,8.37105,0,0,0
Daniyal,1821,1771509819155,-2.424,-2.69895,8.37105,0,0,0
Daniyal,1822,1771509819163,-2.424,-2.69895,8.37105,0,0,0
Daniyal,1823,1771509819174,-2.424,-2.69895,8.37105,0,0,0
Daniyal,1824,1771509819184,-2.424,-2.69895,8.37105,0,0,0
Daniyal,1825,1771509819205,-2.424,-2.69895,8.37105,0,0,0
Daniyal,1826,1771509819221,-2.424,-2.69895,8.37105,0,0,0
Daniyal,1827,1771509819230,-2.424,-2.69895,8.37105,0,0,0
Daniyal,1828,1771509819239,-2.424,-2.69895,8.37105,0,0,0
Daniyal,1829,1771509819258,-2.424,-2.69895,8.37105,0,0,0
Daniyal,1830,1771509819265,-2.424,-2.69895,8.37105,0,0,0
Daniyal,1831,1771509819274,-2.424,-2.69895,8.37105,0,0,0
Daniyal,1832,1771509819281,-2.424,-2.69895,8.37105,0,0,0
Daniyal,1833,1771509819288,-2.424,-2.69895,8.37105,0,0,0
Daniyal,1834,1771509819302,-2.424,-2.69895,8.37105,0,0,0
Daniyal,1835,1771509819309,-2.424,-2.69895,8.37105,0,0,0
Daniyal,1836,1771509819316,-2.424,-2.69895,8.37105,0,0,0
Daniyal,1837,1771509819327,-2.424,-2.69895,8.37105,0,0,0
Daniyal,1838,1771509819343,-2.424,-2.69895,8.37105,0,0,0
Daniyal,1839,1771509819351,-2.424,-2.69895,8.37105,0,0,0
Daniyal,1840,1771509819360,-2.424,-2.69895,8.37105,0,0,0
Daniyal,1841,1771509819370,-2.424,-2.69895,8.37105,0,0,0
Daniyal,1842,1771509819378,-2.424,-2.69895,8.37105,0,0,0
Daniyal,1843,1771509819394,-2.424,-2.69895,8.37105,0,0,0
Daniyal,1844,1771509819411,-2.424,-2.69895,8.37105,0,0,0
Daniyal,1845,1771509819429,-2.424,-2.69895,8.37105,0,0,0
Daniyal,1846,1771509819485,-2.424,-2.69895,8.37105,0,0,0
Daniyal,1847,1771509819495,-2.424,-2.69895,8.37105,0,0,0
Daniyal,1848,1771509819502,-2.424,-2.69895,8.37105,0,0,0
Daniyal,1849,1771509819512,-2.424,-2.69895,8.37105,0,0,0
Daniyal,1850,1771509819519,-2.424,-2.69895,8.37105,0,0,0
Daniyal,1851,1771509819546,-2.424,-2.69895,8.37105,0,0,0
Daniyal,1852,1771509819555,-2.424,-2.69895,8.37105,0,0,0
Daniyal,1853,1771509819568,-2.424,-2.69895,8.37105,0,0,0
Daniyal,1854,1771509819574,-2.424,-2.69895,8.37105,0,0,0
Daniyal,1855,1771509819600,-2.424,-2.69895,8.37105,0,0,0
Daniyal,1856,1771509819699,-2.424,-2.69895,8.37105,0,0,0
Daniyal,1857,1771509819711,-2.424,-2.69895,8.37105,0,0,0
Daniyal,1858,1771509819721,-2.424,-2.69895,8.37105,0,0,0
Daniyal,1859,1771509819740,-2.424,-2.69895,8.37105,0,0,0
Daniyal,1860,1771509819750,-2.424,-2.69895,8.37105,0,0,0
Daniyal,1861,1771509819788,-2.424,-2.69895,8.37105,0,0,0
Daniyal,1862,1771509819799,-2.424,-2.69895,8.37105,0,0,0
Daniyal,1863,1771509819821,-2.424,-2.69895,8.37105,0,0,0
Daniyal,1864,1771509819828,-2.424,-2.69895,8.37105,0,0,0
Daniyal,1865,1771509819835,-2.424,-2.69895,8.37105,0,0,0
Daniyal,1866,1771509819871,-2.424,-2.69895,8.37105,0,0,0
Daniyal,1867,1771509819878,-2.424,-2.69895,8.37105,0,0,0
Daniyal,1868,1771509819888,-2.424,-2.69895,8.37105,0,0,0
Daniyal,1869,1771509819895,-2.424,-2.69895,8.37105,0,0,0
Daniyal,1870,1771509819913,-2.424,-2.69895,8.37105,0,0,0
Daniyal,1871,1771509819920,-2.424,-2.69895,8.37105,0,0,0
Daniyal,1872,1771509819928,-2.424,-2.69895,8.37105,0,0,0
Daniyal,1873,1771509819935,-2.424,-2.69895,8.37105,0,0,0
Daniyal,1874,1771509819946,-2.424,-2.69895,8.37105,0,0,0
Daniyal,1875,1771509819954,-2.424,-2.69895,8.37105,0,0,0
Daniyal,1876,1771509819966,-2.424,-2.69895,8.37105,0,0,0
Daniyal,1877,1771509819971,-2.424,-2.69895,8.37105,0,0,0
Daniyal,1878,1771509819977,-2.424,-2.69895,8.37105,0,0,0
Daniyal,1879,1771509819982,-2.424,-2.69895,8.37105,0,0,0
Daniyal,1880,1771509819989,-2.424,-2.69895,8.37105,0,0,0
Daniyal,1881,1771509819996,-2.424,-2.69895,8.37105,0,0,0
Daniyal,1882,1771509820018,-2.424,-2.69895,8.37105,0,0,0
Daniyal,1883,1771509820025,-2.424,-2.69895,8.37105,0,0,0
Daniyal,1884,1771509820033,-2.424,-2.69895,8.37105,0,0,0
Daniyal,1885,1771509820044,-2.424,-2.69895,8.37105,0,0,0
Daniyal,1886,1771509820051,-2.424,-2.69895,8.37105,0,0,0
Daniyal,1887,1771509820058,-2.424,-2.69895,8.37105,0,0,0
Daniyal,1888,1771509820090,-2.424,-2.69895,8.37105,0,0,0
Daniyal,1889,1771509820107,-2.424,-2.69895,8.37105,0,0,0
Daniyal,1890,1771509820120,-2.424,-2.69895,8.37105,0,0,0
Daniyal,1891,1771509820132,-2.424,-2.69895,8.37105,0,0,0
Daniyal,1892,1771509820161,-2.424,-2.69895,8.37105,0,0,0
Daniyal,1893,1771509820179,-2.424,-2.69895,8.37105,0,0,0
Daniyal,1894,1771509820188,-2.424,-2.69895,8.37105,0,0,0
Daniyal,1895,1771509820203,-2.424,-2.69895,8.37105,0,0,0
Daniyal,1896,1771509820213,-2.424,-2.69895,8.37105,0,0,0
Daniyal,1897,1771509820219,-2.424,-2.69895,8.37105,0,0,0
Daniyal,1898,1771509820257,-2.424,-2.69895,8.37105,0,0,0
Daniyal,1899,1771509820265,-2.424,-2.69895,8.37105,0,0,0
Daniyal,1900,1771509820272,-2.424,-2.69895,8.37105,0,0,0
Daniyal,1901,1771509820296,-2.424,-2.69895,8.37105,0,0,0
Daniyal,1902,1771509820303,-2.424,-2.69895,8.37105,0,0,0
Daniyal,1903,1771509820310,-2.424,-2.69895,8.37105,0,0,0
Daniyal,1904,1771509820320,-2.424,-2.69895,8.37105,0,0,0
Daniyal,1905,1771509820339,-2.424,-2.69895,8.37105,0,0,0
Daniyal,1906,1771509820363,-2.424,-2.69895,8.37105,0,0,0
Daniyal,1907,1771509820371,-2.424,-2.69895,8.37105,0,0,0
Daniyal,1908,1771509820379,-2.424,-2.69895,8.37105,0,0,0
Daniyal,1909,1771509820390,-2.424,-2.69895,8.37105,0,0,0
Daniyal,1910,1771509820397,-2.424,-2.69895,8.37105,0,0,0
Daniyal,1911,1771509820413,-2.424,-2.69895,8.37105,0,0,0
Daniyal,1912,1771509820420,-2.424,-2.69895,8.37105,0,0,0
Daniyal,1913,1771509820427,-2.424,-2.69895,8.37105,0,0,0
Daniyal,1914,1771509820447,-2.424,-2.69895,8.37105,0,0,0
Daniyal,1915,1771509820466,-2.424,-2.69895,8.37105,0,0,0
Daniyal,1916,1771509820473,-2.424,-2.69895,8.37105,0,0,0
Daniyal,1917,1771509820482,-2.424,-2.69895,8.37105,0,0,0
Daniyal,1918,1771509820503,-2.424,-2.69895,8.37105,0,0,0
Daniyal,1919,1771509820515,-2.424,-2.69895,8.37105,0,0,0
Daniyal,1920,1771509820528,-2.424,-2.69895,8.37105,0,0,0
Daniyal,1921,1771509820542,-2.424,-2.69895,8.37105,0,0,0
Daniyal,1922,1771509820553,-2.424,-2.69895,8.37105,0,0,0
Daniyal,1923,1771509820559,-2.424,-2.69895,8.37105,0,0,0
Daniyal,1924,1771509820577,-2.424,-2.69895,8.37105,0,0,0
Daniyal,1925,1771509820583,-2.424,-2.69895,8.37105,0,0,0
Daniyal,1926,1771509820608,-2.424,-2.69895,8.37105,0,0,0
Daniyal,1927,1771509820628,-2.424,-2.69895,8.37105,0,0,0
Daniyal,1928,1771509820649,-2.424,-2.69895,8.37105,0,0,0
Daniyal,1929,1771509820655,-2.424,-2.69895,8.37105,0,0,0
Daniyal,1930,1771509820668,-2.424,-2.69895,8.37105,0,0,0
Daniyal,1931,1771509820691,-2.424,-2.69895,8.37105,0,0,0
Daniyal,1932,1771509820707,-2.424,-2.69895,8.37105,0,0,0
Daniyal,1933,1771509820720,-2.424,-2.69895,8.37105,0,0,0
Daniyal,1934,1771509820726,-2.424,-2.69895,8.37105,0,0,0
Daniyal,1935,1771509820761,-2.424,-2.69895,8.37105,0,0,0
Daniyal,1936,1771509820771,-2.424,-2.69895,8.37105,0,0,0
Daniyal,1937,1771509820781,-2.424,-2.69895,8.37105,0,0,0
Daniyal,1938,1771509820809,-2.424,-2.69895,8.37105,0,0,0
Daniyal,1939,1771509820831,-2.424,-2.69895,8.37105,0,0,0
Daniyal,1940,1771509820836,-2.424,-2.69895,8.37105,0,0,0
Daniyal,1941,1771509820888,-2.424,-2.69895,8.37105,0,0,0
Daniyal,1942,1771509820913,-2.424,-2.69895,8.37105,0,0,0
Daniyal,1943,1771509820934,-2.424,-2.69895,8.37105,0,0,0
Daniyal,1944,1771509820942,-2.424,-2.69895,8.37105,0,0,0
Daniyal,1945,1771509820957,-2.424,-2.69895,8.37105,0,0,0
Daniyal,1946,1771509820989,-2.424,-2.69895,8.37105,0,0,0
Daniyal,1947,1771509821009,-2.424,-2.69895,8.37105,0,0,0
Daniyal,1948,1771509821026,-2.424,-2.69895,8.37105,0,0,0
Daniyal,1949,1771509821061,-2.424,-2.69895,8.37105,0,0,0
Daniyal,1950,1771509821075,-2.424,-2.69895,8.37105,0,0,0
Daniyal,1951,1771509821093,-2.424,-2.69895,8.37105,0,0,0
Daniyal,1952,1771509821101,-2.424,-2.69895,8.37105,0,0,0
Daniyal,1953,1771509821117,-2.424,-2.69895,8.37105,0,0,0
Daniyal,1954,1771509821143,-2.424,-2.69895,8.37105,0,0,0
Daniyal,1955,1771509821161,-2.424,-2.69895,8.37105,0,0,0
Daniyal,1956,1771509821171,-2.424,-2.69895,8.37105,0,0,0
Daniyal,1957,1771509821178,-2.424,-2.69895,8.37105,0,0,0
Daniyal,1958,1771509821187,-2.424,-2.69895,8.37105,0,0,0
Daniyal,1959,1771509821197,-2.424,-2.69895,8.37105,0,0,0
Daniyal,1960,1771509821203,-2.424,-2.69895,8.37105,0,0,0
Daniyal,1961,1771509821217,-2.424,-2.69895,8.37105,0,0,0
Daniyal,1962,1771509821242,-2.424,-2.69895,8.37105,0,0,0
Daniyal,1963,1771509821258,-2.424,-2.69895,8.37105,0,0,0
Daniyal,1964,1771509821265,-2.424,-2.69895,8.37105,0,0,0
Daniyal,1965,1771509821272,-2.424,-2.69895,8.37105,0,0,0
Daniyal,1966,1771509821311,-2.424,-2.69895,8.37105,0,0,0
Daniyal,1967,1771509821402,-2.424,-2.69895,8.37105,0,0,0
Daniyal,1968,1771509821409,-2.424,-2.69895,8.37105,0,0,0
Daniyal,1969,1771509821419,-2.424,-2.69895,8.37105,0,0,0
Daniyal,1970,1771509821441,-2.424,-2.69895,8.37105,0,0,0
Daniyal,1971,1771509821459,-2.424,-2.69895,8.37105,0,0,0
Daniyal,1972,1771509821466,-2.424,-2.69895,8.37105,0,0,0
Daniyal,1973,1771509821473,-2.424,-2.69895,8.37105,0,0,0
Daniyal,1974,1771509821479,-2.424,-2.69895,8.37105,0,0,0
Daniyal,1975,1771509821486,-2.424,-2.69895,8.37105,0,0,0
Daniyal,1976,1771509821525,-2.424,-2.69895,8.37105,0,0,0
Daniyal,1977,1771509821544,-2.424,-2.69895,8.37105,0,0,0
Daniyal,1978,1771509821549,-2.424,-2.69895,8.37105,0,0,0
Daniyal,1979,1771509821560,-2.424,-2.69895,8.37105,0,0,0
Daniyal,1980,1771509821581,-2.424,-2.69895,8.37105,0,0,0
Daniyal,1981,1771509821591,-2.424,-2.69895,8.37105,0,0,0
Daniyal,1982,1771509821601,-2.424,-2.69895,8.37105,0,0,0
Daniyal,1983,1771509821627,-2.424,-2.69895,8.37105,0,0,0
Daniyal,1984,1771509821667,-2.424,-2.69895,8.37105,0,0,0
Daniyal,1985,1771509821676,-2.424,-2.69895,8.37105,0,0,0
Daniyal,1986,1771509821683,-2.424,-2.69895,8.37105,0,0,0
Daniyal,1987,1771509821689,-2.424,-2.69895,8.37105,0,0,0
Daniyal,1988,1771509821697,-2.424,-2.69895,8.37105,0,0,0
Daniyal,1989,1771509821704,-2.424,-2.69895,8.37105,0,0,0
Daniyal,1990,1771509821711,-2.424,-2.69895,8.37105,0,0,0
Daniyal,1991,1771509821717,-2.424,-2.69895,8.37105,0,0,0
Daniyal,1992,1771509821724,-2.424,-2.69895,8.37105,0,0,0
Daniyal,1993,1771509821750,-2.424,-2.69895,8.37105,0,0,0
Daniyal,1994,1771509821770,-2.424,-2.69895,8.37105,0,0,0
Daniyal,1995,1771509821896,-2.424,-2.69895,8.37105,0,0,0
Daniyal,1996,1771509821907,-2.424,-2.69895,8.37105,0,0,0
Daniyal,1997,1771509821995,-2.424,-2.69895,8.37105,0,0,0
Daniyal,1998,1771509822031,-2.424,-2.69895,8.37105,0,0,0
Daniyal,1999,1771509822121,-2.424,-2.69895,8.37105,0,0,0
Daniyal,2000,1771509822183,-2.424,-2.69895,8.37105,0,0,0
Daniyal,2001,1771509822289,-2.424,-2.69895,8.37105,0,0,0
Daniyal,2002,1771509822294,-2.424,-2.69895,8.37105,0,0,0
Daniyal,2003,1771509822387,-2.424,-2.69895,8.37105,0,0,0
Daniyal,2004,1771509822400,-2.424,-2.69895,8.37105,0,0,0
Daniyal,2005,1771509822421,-2.424,-2.69895,8.37105,0,0,0
Daniyal,2006,1771509822429,-2.424,-2.69895,8.37105,0,0,0
Daniyal,2007,1771509822445,-2.424,-2.69895,8.37105,0,0,0
Daniyal,2008,1771509822496,-2.424,-2.69895,8.37105,0,0,0
Daniyal,2009,1771509822597,-2.424,-2.69895,8.37105,0,0,0
Daniyal,2010,1771509822643,-2.424,-2.69895,8.37105,0,0,0
Daniyal,2011,1771509822753,-2.424,-2.69895,8.37105,0,0,0
Daniyal,2012,1771509822774,-2.424,-2.69895,8.37105,0,0,0
Daniyal,2013,1771509822780,-2.424,-2.69895,8.37105,0,0,0
Daniyal,2014,1771509822786,-2.424,-2.69895,8.37105,0,0,0
Daniyal,2015,1771509822802,-2.424,-2.69895,8.37105,0,0,0
Daniyal,2016,1771509822813,-2.424,-2.69895,8.37105,0,0,0
Daniyal,2017,1771509822820,-2.424,-2.69895,8.37105,0,0,0
Daniyal,2018,1771509822828,-2.424,-2.69895,8.37105,0,0,0
Daniyal,2019,1771509822842,-2.424,-2.69895,8.37105,0,0,0
Daniyal,2020,1771509822848,-2.424,-2.69895,8.37105,0,0,0
Daniyal,2021,1771509822854,-2.424,-2.69895,8.37105,0,0,0
Daniyal,2022,1771509822862,-2.424,-2.69895,8.37105,0,0,0
Daniyal,2023,1771509822882,-2.424,-2.69895,8.37105,0,0,0
Daniyal,2024,1771509822890,-2.424,-2.69895,8.37105,0,0,0
Daniyal,2025,1771509822898,-2.424,-2.69895,8.37105,0,0,0
Daniyal,2026,1771509822905,-2.424,-2.69895,8.37105,0,0,0
Daniyal,2027,1771509822914,-2.424,-2.69895,8.37105,0,0,0
Daniyal,2028,1771509822933,-2.424,-2.69895,8.37105,0,0,0
Daniyal,2029,1771509822939,-2.424,-2.69895,8.37105,0,0,0
Daniyal,2030,1771509822946,-2.424,-2.69895,8.37105,0,0,0
Daniyal,2031,1771509822956,-2.424,-2.69895,8.37105,0,0,0
Daniyal,2032,1771509822972,-2.424,-2.69895,8.37105,0,0,0
Daniyal,2033,1771509822978,-2.424,-2.69895,8.37105,0,0,0
Daniyal,2034,1771509822986,-2.424,-2.69895,8.37105,0,0,0
Daniyal,2035,1771509823006,-2.424,-2.69895,8.37105,0,0,0
Daniyal,2036,1771509823022,-2.424,-2.69895,8.37105,0,0,0
Daniyal,2037,1771509823029,-2.424,-2.69895,8.37105,0,0,0
Daniyal,2038,1771509823036,-2.424,-2.69895,8.37105,0,0,0
Daniyal,2039,1771509823041,-2.424,-2.69895,8.37105,0,0,0
Daniyal,2040,1771509823049,-2.424,-2.69895,8.37105,0,0,0
Daniyal,2041,1771509823061,-2.424,-2.69895,8.37105,0,0,0
Daniyal,2042,1771509823067,-2.424,-2.69895,8.37105,0,0,0
Daniyal,2043,1771509823074,-2.424,-2.69895,8.37105,0,0,0
Daniyal,2044,1771509823081,-2.424,-2.69895,8.37105,0,0,0
Daniyal,2045,1771509823087,-2.424,-2.69895,8.37105,0,0,0
Daniyal,2046,1771509823102,-2.424,-2.69895,8.37105,0,0,0
Daniyal,2047,1771509823109,-2.424,-2.69895,8.37105,0,0,0
Daniyal,2048,1771509823116,-2.424,-2.69895,8.37105,0,0,0
Daniyal,2049,1771509823130,-2.424,-2.69895,8.37105,0,0,0
Daniyal,2050,1771509823138,-2.424,-2.69895,8.37105,0,0,0
Daniyal,2051,1771509823144,-2.424,-2.69895,8.37105,0,0,0
Daniyal,2052,1771509823154,-2.424,-2.69895,8.37105,0,0,0
Daniyal,2053,1771509823167,-2.424,-2.69895,8.37105,0,0,0
Daniyal,2054,1771509823173,-2.424,-2.69895,8.37105,0,0,0
Daniyal,2055,1771509823180,-2.424,-2.69895,8.37105,0,0,0
Daniyal,2056,1771509823187,-2.424,-2.69895,8.37105,0,0,0
Daniyal,2057,1771509823199,-2.424,-2.69895,8.37105,0,0,0
Daniyal,2058,1771509823205,-2.424,-2.69895,8.37105,0,0,0
Daniyal,2059,1771509823211,-2.424,-2.69895,8.37105,0,0,0
Daniyal,2060,1771509823217,-2.424,-2.69895,8.37105,0,0,0
Daniyal,2061,1771509823223,-2.424,-2.69895,8.37105,0,0,0
Daniyal,2062,1771509823237,-2.424,-2.69895,8.37105,0,0,0
Daniyal,2063,1771509823243,-2.424,-2.69895,8.37105,0,0,0
Daniyal,2064,1771509823249,-2.424,-2.69895,8.37105,0,0,0
Daniyal,2065,1771509823265,-2.424,-2.69895,8.37105,0,0,0
Daniyal,2066,1771509823271,-2.424,-2.69895,8.37105,0,0,0
Daniyal,2067,1771509823278,-2.424,-2.69895,8.37105,0,0,0
Daniyal,2068,1771509823284,-2.424,-2.69895,8.37105,0,0,0
Daniyal,2069,1771509823290,-2.424,-2.69895,8.37105,0,0,0
Daniyal,2070,1771509823296,-2.424,-2.69895,8.37105,0,0,0
Daniyal,2071,1771509823311,-2.424,-2.69895,8.37105,0,0,0
Daniyal,2072,1771509823317,-2.424,-2.69895,8.37105,0,0,0
Daniyal,2073,1771509823322,-2.424,-2.69895,8.37105,0,0,0
Daniyal,2074,1771509823329,-2.424,-2.69895,8.37105,0,0,0
Daniyal,2075,1771509823343,-2.424,-2.69895,8.37105,0,0,0
Daniyal,2076,1771509823349,-2.424,-2.69895,8.37105,0,0,0
Daniyal,2077,1771509823358,-2.424,-2.69895,8.37105,0,0,0
Daniyal,2078,1771509823366,-2.424,-2.69895,8.37105,0,0,0
Daniyal,2079,1771509823382,-2.424,-2.69895,8.37105,0,0,0
Daniyal,2080,1771509823389,-2.424,-2.69895,8.37105,0,0,0
Daniyal,2081,1771509823394,-2.424,-2.69895,8.37105,0,0,0
Daniyal,2082,1771509823399,-2.424,-2.69895,8.37105,0,0,0
Daniyal,2083,1771509823408,-2.424,-2.69895,8.37105,0,0,0
Daniyal,2084,1771509823419,-2.424,-2.69895,8.37105,0,0,0
Daniyal,2085,1771509823425,-2.424,-2.69895,8.37105,0,0,0
Daniyal,2086,1771509823431,-2.424,-2.69895,8.37105,0,0,0
Daniyal,2087,1771509823446,-2.424,-2.69895,8.37105,0,0,0
Daniyal,2088,1771509823452,-2.424,-2.69895,8.37105,0,0,0
Daniyal,2089,1771509823458,-2.424,-2.69895,8.37105,0,0,0
Daniyal,2090,1771509823466,-2.424,-2.69895,8.37105,0,0,0
Daniyal,2091,1771509823478,-2.424,-2.69895,8.37105,0,0,0
Daniyal,2092,1771509823486,-2.424,-2.69895,8.37105,0,0,0
Daniyal,2093,1771509823492,-2.424,-2.69895,8.37105,0,0,0
Daniyal,2094,1771509823500,-2.424,-2.69895,8.37105,0,0,0
Daniyal,2095,1771509823506,-2.424,-2.69895,8.37105,0,0,0
Daniyal,2096,1771509823520,-2.424,-2.69895,8.37105,0,0,0
Daniyal,2097,1771509823525,-2.424,-2.69895,8.37105,0,0,0
Daniyal,2098,1771509823530,-2.424,-2.69895,8.37105,0,0,0
Daniyal,2099,1771509823543,-2.424,-2.69895,8.37105,0,0,0
Daniyal,2100,1771509823549,-2.424,-2.69895,8.37105,0,0,0
Daniyal,2101,1771509823555,-2.424,-2.69895,8.37105,0,0,0
Daniyal,2102,1771509823561,-2.424,-2.69895,8.37105,0,0,0
Daniyal,2103,1771509823567,-2.424,-2.69895,8.37105,0,0,0
Daniyal,2104,1771509823573,-2.424,-2.69895,8.37105,0,0,0
Daniyal,2105,1771509823588,-2.424,-2.69895,8.37105,0,0,0
Daniyal,2106,1771509823594,-2.424,-2.69895,8.37105,0,0,0
Daniyal,2107,1771509823601,-2.424,-2.69895,8.37105,0,0,0
Daniyal,2108,1771509823611,-2.424,-2.69895,8.37105,0,0,0
Daniyal,2109,1771509823623,-2.424,-2.69895,8.37105,0,0,0
Daniyal,2110,1771509823629,-2.424,-2.69895,8.37105,0,0,0
Daniyal,2111,1771509823636,-2.424,-2.69895,8.37105,0,0,0
Daniyal,2112,1771509823650,-2.424,-2.69895,8.37105,0,0,0
Daniyal,2113,1771509823657,-2.424,-2.69895,8.37105,0,0,0
Daniyal,2114,1771509823662,-2.424,-2.69895,8.37105,0,0,0
Daniyal,2115,1771509823670,-2.424,-2.69895,8.37105,0,0,0
Daniyal,2116,1771509823681,-2.424,-2.69895,8.37105,0,0,0
Daniyal,2117,1771509823686,-2.424,-2.69895,8.37105,0,0,0
Daniyal,2118,1771509823693,-2.424,-2.69895,8.37105,0,0,0
Daniyal,2119,1771509823699,-2.424,-2.69895,8.37105,0,0,0
Daniyal,2120,1771509823705,-2.424,-2.69895,8.37105,0,0,0
Daniyal,2121,1771509823718,-2.424,-2.69895,8.37105,0,0,0
Daniyal,2122,1771509823723,-2.424,-2.69895,8.37105,0,0,0
Daniyal,2123,1771509823729,-2.424,-2.69895,8.37105,0,0,0
Daniyal,2124,1771509823736,-2.424,-2.69895,8.37105,0,0,0
Daniyal,2125,1771509823748,-2.424,-2.69895,8.37105,0,0,0
Daniyal,2126,1771509823754,-2.424,-2.69895,8.37105,0,0,0
Daniyal,2127,1771509823762,-2.424,-2.69895,8.37105,0,0,0
Daniyal,2128,1771509823775,-2.424,-2.69895,8.37105,0,0,0
Daniyal,2129,1771509823779,-2.424,-2.69895,8.37105,0,0,0
Daniyal,2130,1771509823785,-2.424,-2.69895,8.37105,0,0,0
Daniyal,2131,1771509823791,-2.424,-2.69895,8.37105,0,0,0
Daniyal,2132,1771509823802,-2.424,-2.69895,8.37105,0,0,0
Daniyal,2133,1771509823808,-2.424,-2.69895,8.37105,0,0,0
Daniyal,2134,1771509823815,-2.424,-2.69895,8.37105,0,0,0
Daniyal,2135,1771509823822,-2.424,-2.69895,8.37105,0,0,0
Daniyal,2136,1771509823829,-2.424,-2.69895,8.37105,0,0,0
Daniyal,2137,1771509823844,-2.424,-2.69895,8.37105,0,0,0
Daniyal,2138,1771509823850,-2.424,-2.69895,8.37105,0,0,0
Daniyal,2139,1771509823856,-2.424,-2.69895,8.37105,0,0,0
Daniyal,2140,1771509823864,-2.424,-2.69895,8.37105,0,0,0
Daniyal,2141,1771509823876,-2.424,-2.69895,8.37105,0,0,0
Daniyal,2142,1771509823882,-2.424,-2.69895,8.37105,0,0,0
Daniyal,2143,1771509823887,-2.424,-2.69895,8.37105,0,0,0
Daniyal,2144,1771509823893,-2.424,-2.69895,8.37105,0,0,0
Daniyal,2145,1771509823898,-2.424,-2.69895,8.37105,0,0,0
Daniyal,2146,1771509823913,-2.424,-2.69895,8.37105,0,0,0
Daniyal,2147,1771509823919,-2.424,-2.69895,8.37105,0,0,0
Daniyal,2148,1771509823924,-2.424,-2.69895,8.37105,0,0,0
Daniyal,2149,1771509823931,-2.424,-2.69895,8.37105,0,0,0
Daniyal,2150,1771509823942,-2.424,-2.69895,8.37105,0,0,0
Daniyal,2151,1771509823948,-2.424,-2.69895,8.37105,0,0,0
Daniyal,2152,1771509823954,-2.424,-2.69895,8.37105,0,0,0
Daniyal,2153,1771509823959,-2.424,-2.69895,8.37105,0,0,0
Daniyal,2154,1771509823963,-2.424,-2.69895,8.37105,0,0,0
Daniyal,2155,1771509823974,-2.424,-2.69895,8.37105,0,0,0
Daniyal,2156,1771509823983,-2.424,-2.69895,8.37105,0,0,0
Daniyal,2157,1771509823989,-2.424,-2.69895,8.37105,0,0,0
Daniyal,2158,1771509823996,-2.424,-2.69895,8.37105,0,0,0
Daniyal,2159,1771509824007,-2.424,-2.69895,8.37105,0,0,0
Daniyal,2160,1771509824013,-2.424,-2.69895,8.37105,0,0,0
Daniyal,2161,1771509824019,-2.424,-2.69895,8.37105,0,0,0
Daniyal,2162,1771509824025,-2.424,-2.69895,8.37105,0,0,0
Daniyal,2163,1771509824031,-2.424,-2.69895,8.37105,0,0,0
Daniyal,2164,1771509824046,-2.424,-2.69895,8.37105,0,0,0
Daniyal,2165,1771509824052,-2.424,-2.69895,8.37105,0,0,0
Daniyal,2166,1771509824058,-2.424,-2.69895,8.37105,0,0,0
Daniyal,2167,1771509824066,-2.424,-2.69895,8.37105,0,0,0
Daniyal,2168,1771509824078,-2.424,-2.69895,8.37105,0,0,0
Daniyal,2169,1771509824084,-2.424,-2.69895,8.37105,0,0,0
Daniyal,2170,1771509824110,-2.424,-2.69895,8.37105,0,0,0
Daniyal,2171,1771509824118,-2.424,-2.69895,8.37105,0,0,0
Daniyal,2172,1771509824125,-2.424,-2.69895,8.37105,0,0,0
Daniyal,2173,1771509824132,-2.424,-2.69895,8.37105,0,0,0
Daniyal,2174,1771509824144,-2.424,-2.69895,8.37105,0,0,0
Daniyal,2175,1771509824151,-2.424,-2.69895,8.37105,0,0,0
Daniyal,2176,1771509824157,-2.424,-2.69895,8.37105,0,0,0
Daniyal,2177,1771509824162,-2.424,-2.69895,8.37105,0,0,0
Daniyal,2178,1771509824175,-2.424,-2.69895,8.37105,0,0,0
Daniyal,2179,1771509824181,-2.424,-2.69895,8.37105,0,0,0
Daniyal,2180,1771509824186,-2.424,-2.69895,8.37105,0,0,0
Daniyal,2181,1771509824193,-2.424,-2.69895,8.37105,0,0,0
Daniyal,2182,1771509824203,-2.424,-2.69895,8.37105,0,0,0
Daniyal,2183,1771509824211,-2.424,-2.69895,8.37105,0,0,0
Daniyal,2184,1771509824217,-2.424,-2.69895,8.37105,0,0,0
Daniyal,2185,1771509824224,-2.424,-2.69895,8.37105,0,0,0
Daniyal,2186,1771509824238,-2.424,-2.69895,8.37105,0,0,0
Daniyal,2187,1771509824244,-2.424,-2.69895,8.37105,0,0,0
Daniyal,2188,1771509824250,-2.424,-2.69895,8.37105,0,0,0
Daniyal,2189,1771509824266,-2.424,-2.69895,8.37105,0,0,0
Daniyal,2190,1771509824272,-2.424,-2.69895,8.37105,0,0,0
Daniyal,2191,1771509824278,-2.424,-2.69895,8.37105,0,0,0
Daniyal,2192,1771509824284,-2.424,-2.69895,8.37105,0,0,0
Daniyal,2193,1771509824290,-2.424,-2.69895,8.37105,0,0,0
Daniyal,2194,1771509824304,-2.424,-2.69895,8.37105,0,0,0
Daniyal,2195,1771509824311,-2.424,-2.69895,8.37105,0,0,0
Daniyal,2196,1771509824316,-2.424,-2.69895,8.37105,0,0,0
Daniyal,2197,1771509824322,-2.424,-2.69895,8.37105,0,0,0
Daniyal,2198,1771509824330,-2.424,-2.69895,8.37105,0,0,0
Daniyal,2199,1771509824341,-2.424,-2.69895,8.37105,0,0,0
Daniyal,2200,1771509824347,-2.424,-2.69895,8.37105,0,0,0
Daniyal,2201,1771509824353,-2.424,-2.69895,8.37105,0,0,0
Daniyal,2202,1771509824359,-2.424,-2.69895,8.37105,0,0,0
Daniyal,2203,1771509824365,-2.424,-2.69895,8.37105,0,0,0
Daniyal,2204,1771509824380,-2.424,-2.69895,8.37105,0,0,0
Daniyal,2205,1771509824387,-2.424,-2.69895,8.37105,0,0,0
Daniyal,2206,1771509824393,-2.424,-2.69895,8.37105,0,0,0
Daniyal,2207,1771509824406,-2.424,-2.69895,8.37105,0,0,0
Daniyal,2208,1771509824417,-2.424,-2.69895,8.37105,0,0,0
Daniyal,2209,1771509824424,-2.424,-2.69895,8.37105,0,0,0
Daniyal,2210,1771509824432,-2.424,-2.69895,8.37105,0,0,0
Daniyal,2211,1771509824457,-2.424,-2.69895,8.37105,0,0,0
Daniyal,2212,1771509824464,-2.424,-2.69895,8.37105,0,0,0
Daniyal,2213,1771509824471,-2.424,-2.69895,8.37105,0,0,0
Daniyal,2214,1771509824480,-2.424,-2.69895,8.37105,0,0,0
Daniyal,2215,1771509824494,-2.424,-2.69895,8.37105,0,0,0
Daniyal,2216,1771509824502,-2.424,-2.69895,8.37105,0,0,0
Daniyal,2217,1771509824521,-2.424,-2.69895,8.37105,0,0,0
Daniyal,2218,1771509824529,-2.424,-2.69895,8.37105,0,0,0
Daniyal,2219,1771509824536,-2.424,-2.69895,8.37105,0,0,0
Daniyal,2220,1771509824545,-2.424,-2.69895,8.37105,0,0,0
Daniyal,2221,1771509824558,-2.424,-2.69895,8.37105,0,0,0
Daniyal,2222,1771509824565,-2.424,-2.69895,8.37105,0,0,0
Daniyal,2223,1771509824571,-2.424,-2.69895,8.37105,0,0,0
Daniyal,2224,1771509824582,-2.424,-2.69895,8.37105,0,0,0
Daniyal,2225,1771509824588,-2.424,-2.69895,8.37105,0,0,0
Daniyal,2226,1771509824603,-2.424,-2.69895,8.37105,0,0,0
Daniyal,2227,1771509824650,-2.424,-2.69895,8.37105,0,0,0
Daniyal,2228,1771509824659,-2.424,-2.69895,8.37105,0,0,0
Daniyal,2229,1771509824670,-2.424,-2.69895,8.37105,0,0,0
Daniyal,2230,1771509824678,-2.424,-2.69895,8.37105,0,0,0
Daniyal,2231,1771509824692,-2.424,-2.69895,8.37105,0,0,0
Daniyal,2232,1771509824701,-2.424,-2.69895,8.37105,0,0,0
Daniyal,2233,1771509824707,-2.424,-2.69895,8.37105,0,0,0
Daniyal,2234,1771509824728,-2.424,-2.69895,8.37105,0,0,0
Daniyal,2235,1771509824735,-2.424,-2.69895,8.37105,0,0,0
Daniyal,2236,1771509824752,-2.424,-2.69895,8.37105,0,0,0
Daniyal,2237,1771509824760,-2.424,-2.69895,8.37105,0,0,0
Daniyal,2238,1771509824770,-2.424,-2.69895,8.37105,0,0,0
Daniyal,2239,1771509824779,-2.424,-2.69895,8.37105,0,0,0
Daniyal,2240,1771509824786,-2.424,-2.69895,8.37105,0,0,0
Daniyal,2241,1771509824817,-2.424,-2.69895,8.37105,0,0,0
Daniyal,2242,1771509824835,-2.424,-2.69895,8.37105,0,0,0
Daniyal,2243,1771509824845,-2.424,-2.69895,8.37105,0,0,0
Daniyal,2244,1771509824883,-2.424,-2.69895,8.37105,0,0,0
Daniyal,2245,1771509824890,-2.424,-2.69895,8.37105,0,0,0
Daniyal,2246,1771509824904,-2.424,-2.69895,8.37105,0,0,0
Daniyal,2247,1771509824915,-2.424,-2.69895,8.37105,0,0,0
Daniyal,2248,1771509824922,-2.424,-2.69895,8.37105,0,0,0
Daniyal,2249,1771509824932,-2.424,-2.69895,8.37105,0,0,0
Daniyal,2250,1771509824938,-2.424,-2.69895,8.37105,0,0,0
Daniyal,2251,1771509824945,-2.424,-2.69895,8.37105,0,0,0
Daniyal,2252,1771509824962,-2.424,-2.69895,8.37105,0,0,0
Daniyal,2253,1771509824970,-2.424,-2.69895,8.37105,0,0,0
Daniyal,2254,1771509824991,-2.424,-2.69895,8.37105,0,0,0
Daniyal,2255,1771509825017,-2.424,-2.69895,8.37105,0,0,0
Daniyal,2256,1771509825025,-2.424,-2.69895,8.37105,0,0,0
Daniyal,2257,1771509825034,-2.424,-2.69895,8.37105,0,0,0
Daniyal,2258,1771509825042,-2.424,-2.69895,8.37105,0,0,0
Daniyal,2259,1771509825050,-2.424,-2.69895,8.37105,0,0,0
Daniyal,2260,1771509825065,-2.424,-2.69895,8.37105,0,0,0
Daniyal,2261,1771509825072,-2.424,-2.69895,8.37105,0,0,0
Daniyal,2262,1771509825079,-2.424,-2.69895,8.37105,0,0,0
Daniyal,2263,1771509825099,-2.424,-2.69895,8.37105,0,0,0
Daniyal,2264,1771509825105,-2.424,-2.69895,8.37105,0,0,0
Daniyal,2265,1771509825111,-2.424,-2.69895,8.37105,0,0,0
Daniyal,2266,1771509825118,-2.424,-2.69895,8.37105,0,0,0
Daniyal,2267,1771509825132,-2.424,-2.69895,8.37105,0,0,0
Daniyal,2268,1771509825139,-2.424,-2.69895,8.37105,0,0,0
Daniyal,2269,1771509825155,-2.424,-2.69895,8.37105,0,0,0
Daniyal,2270,1771509825162,-2.424,-2.69895,8.37105,0,0,0
Daniyal,2271,1771509825167,-2.424,-2.69895,8.37105,0,0,0
Daniyal,2272,1771509825178,-2.424,-2.69895,8.37105,0,0,0
Daniyal,2273,1771509825205,-2.424,-2.69895,8.37105,0,0,0
Daniyal,2274,1771509825218,-2.424,-2.69895,8.37105,0,0,0
Daniyal,2275,1771509825233,-2.424,-2.69895,8.37105,0,0,0
Daniyal,2276,1771509825246,-2.424,-2.69895,8.37105,0,0,0
Daniyal,2277,1771509825264,-2.424,-2.69895,8.37105,0,0,0
Daniyal,2278,1771509825285,-2.424,-2.69895,8.37105,0,0,0
Daniyal,2279,1771509825301,-2.424,-2.69895,8.37105,0,0,0
Daniyal,2280,1771509825308,-2.424,-2.69895,8.37105,0,0,0
Daniyal,2281,1771509825321,-2.424,-2.69895,8.37105,0,0,0
Daniyal,2282,1771509825334,-2.424,-2.69895,8.37105,0,0,0
Daniyal,2283,1771509825344,-2.424,-2.69895,8.37105,0,0,0
Daniyal,2284,1771509825350,-2.424,-2.69895,8.37105,0,0,0
Daniyal,2285,1771509825359,-2.424,-2.69895,8.37105,0,0,0
Daniyal,2286,1771509825371,-2.424,-2.69895,8.37105,0,0,0
Daniyal,2287,1771509825381,-2.424,-2.69895,8.37105,0,0,0
Daniyal,2288,1771509825406,-2.424,-2.69895,8.37105,0,0,0
Daniyal,2289,1771509825417,-2.424,-2.69895,8.37105,0,0,0
Daniyal,2290,1771509825438,-2.424,-2.69895,8.37105,0,0,0
Daniyal,2291,1771509825444,-2.424,-2.69895,8.37105,0,0,0
Daniyal,2292,1771509825459,-2.424,-2.69895,8.37105,0,0,0
Daniyal,2293,1771509825478,-2.424,-2.69895,8.37105,0,0,0
Daniyal,2294,1771509825484,-2.424,-2.69895,8.37105,0,0,0
Daniyal,2295,1771509825490,-2.424,-2.69895,8.37105,0,0,0
Daniyal,2296,1771509825497,-2.424,-2.69895,8.37105,0,0,0
Daniyal,2297,1771509825503,-2.424,-2.69895,8.37105,0,0,0
Daniyal,2298,1771509825511,-2.424,-2.69895,8.37105,0,0,0
Daniyal,2299,1771509825534,-2.424,-2.69895,8.37105,0,0,0
Daniyal,2300,1771509825540,-2.424,-2.69895,8.37105,0,0,0
Daniyal,2301,1771509825548,-2.424,-2.69895,8.37105,0,0,0
Daniyal,2302,1771509825561,-2.424,-2.69895,8.37105,0,0,0
Daniyal,2303,1771509825567,-2.424,-2.69895,8.37105,0,0,0
Daniyal,2304,1771509825575,-2.424,-2.69895,8.37105,0,0,0
Daniyal,2305,1771509825592,-2.424,-2.69895,8.37105,0,0,0
Daniyal,2306,1771509825598,-2.424,-2.69895,8.37105,0,0,0
Daniyal,2307,1771509825606,-2.424,-2.69895,8.37105,0,0,0
Daniyal,2308,1771509825614,-2.424,-2.69895,8.37105,0,0,0
Daniyal,2309,1771509825627,-2.424,-2.69895,8.37105,0,0,0
Daniyal,2310,1771509825655,-2.424,-2.69895,8.37105,0,0,0
Daniyal,2311,1771509825668,-2.424,-2.69895,8.37105,0,0,0
Daniyal,2312,1771509825674,-2.424,-2.69895,8.37105,0,0,0
Daniyal,2313,1771509825692,-2.424,-2.69895,8.37105,0,0,0
Daniyal,2314,1771509825699,-2.424,-2.69895,8.37105,0,0,0
Daniyal,2315,1771509825706,-2.424,-2.69895,8.37105,0,0,0
Daniyal,2316,1771509825714,-2.424,-2.69895,8.37105,0,0,0
Daniyal,2317,1771509825730,-2.424,-2.69895,8.37105,0,0,0
Daniyal,2318,1771509825738,-2.424,-2.69895,8.37105,0,0,0
Daniyal,2319,1771509825745,-2.424,-2.69895,8.37105,0,0,0
Daniyal,2320,1771509825756,-2.424,-2.69895,8.37105,0,0,0
Daniyal,2321,1771509825763,-2.424,-2.69895,8.37105,0,0,0
Daniyal,2322,1771509825771,-2.424,-2.69895,8.37105,0,0,0
Daniyal,2323,1771509825795,-2.424,-2.69895,8.37105,0,0,0
Daniyal,2324,1771509825803,-2.424,-2.69895,8.37105,0,0,0
Daniyal,2325,1771509825825,-2.424,-2.69895,8.37105,0,0,0
Daniyal,2326,1771509825832,-2.424,-2.69895,8.37105,0,0,0
Daniyal,2327,1771509825839,-2.424,-2.69895,8.37105,0,0,0
Daniyal,2328,1771509825858,-2.424,-2.69895,8.37105,0,0,0
Daniyal,2329,1771509825864,-2.424,-2.69895,8.37105,0,0,0
Daniyal,2330,1771509825871,-2.424,-2.69895,8.37105,0,0,0
Daniyal,2331,1771509825880,-2.424,-2.69895,8.37105,0,0,0
Daniyal,2332,1771509825894,-2.424,-2.69895,8.37105,0,0,0
Daniyal,2333,1771509825910,-2.424,-2.69895,8.37105,0,0,0
Daniyal,2334,1771509825919,-2.424,-2.69895,8.37105,0,0,0
Daniyal,2335,1771509825924,-2.424,-2.69895,8.37105,0,0,0
Daniyal,2336,1771509825932,-2.424,-2.69895,8.37105,0,0,0
Daniyal,2337,1771509825946,-2.424,-2.69895,8.37105,0,0,0
Daniyal,2338,1771509825953,-2.424,-2.69895,8.37105,0,0,0
Daniyal,2339,1771509825962,-2.424,-2.69895,8.37105,0,0,0
Daniyal,2340,1771509825978,-2.424,-2.69895,8.37105,0,0,0
Daniyal,2341,1771509825985,-2.424,-2.69895,8.37105,0,0,0
Daniyal,2342,1771509825992,-2.424,-2.69895,8.37105,0,0,0
Daniyal,2343,1771509826020,-2.424,-2.69895,8.37105,0,0,0
Daniyal,2344,1771509826047,-2.424,-2.69895,8.37105,0,0,0
Daniyal,2345,1771509826055,-2.424,-2.69895,8.37105,0,0,0
Daniyal,2346,1771509826062,-2.424,-2.69895,8.37105,0,0,0
Daniyal,2347,1771509826069,-2.424,-2.69895,8.37105,0,0,0
Daniyal,2348,1771510120808,-2.424,-2.69895,8.37105,0,0,0
Daniyal,2349,1771510120864,-2.424,-2.69895,8.37105,0,0,0
Daniyal,2350,1771510120942,-1.39905,4.36995,8.69205,4.50631,-0.22847,0.89811
Daniyal,2351,1771510120948,-1.39905,4.36995,8.69205,4.93173,-0.04727,1.08719
Daniyal,2352,1771510120950,-1.39905,4.36995,8.69205,4.93173,-0.04727,1.08719
Daniyal,2353,1771510120958,-1.39905,4.36995,8.69205,4.68751,-0.65389,1.33141
Daniyal,2354,1771510120967,-1.55205,4.437,8.62305,3.59245,-2.66282,1.69381
Daniyal,2355,1771510120977,-1.55205,4.437,8.62305,1.70168,-5.34928,1.75683
Daniyal,2356,1771510120984,-1.64805,4.62405,8.47395,0.48057,-6.20012,1.75683
Daniyal,2357,1771510120992,-1.64805,4.62405,8.47395,-1.89864,-7.72848,2.24528
Daniyal,2358,1771510121000,-1.536,4.60995,8.48595,-3.23793,-8.3351,2.30043
Daniyal,2359,1771510121010,-1.536,4.60995,8.48595,-4.21482,-8.57933,2.42648
Daniyal,2360,1771510121017,-1.536,4.60995,8.48595,-4.27785,-8.46115,2.30043
Daniyal,2361,1771510121025,-1.512,4.60005,8.58195,-4.21482,-7.54729,2.0562
Daniyal,2362,1771510121033,-1.512,4.60005,8.58195,-4.21482,-7.54729,2.0562
Daniyal,2363,1771510121042,-1.512,4.60005,8.58195,-3.66335,-7.79151,1.875
Daniyal,2364,1771510121053,-1.46595,4.54305,8.70195,-3.90757,-9.19382,0.96114
Daniyal,2365,1771510121058,-1.46595,4.54305,8.70195,-4.82932,-9.00475,0.40966
Daniyal,2366,1771510121067,-1.188,4.227,8.62995,-7.38972,-9.86347,-0.99265
Daniyal,2367,1771510121075,-1.188,4.227,8.62995,-10.61977,-11.26578,-3.427
Daniyal,2368,1771510121083,-0.89595,3.82905,8.56095,-13.73165,-12.78627,-5.98741
Daniyal,2369,1771510121092,-0.89595,3.82905,8.56095,-14.33827,-13.33774,-7.1455
Daniyal,2370,1771510121100,-0.83205,4.116,8.62995,-13.96799,-15.47272,-8.42964
Daniyal,2371,1771510121104,-0.83205,4.116,8.62995,-13.48743,-16.26054,-7.94119
Daniyal,2372,1771510121116,-0.83205,4.116,8.62995,-12.08511,-17.54468,-6.41283
Daniyal,2373,1771510121121,-0.83205,4.116,8.62995,-12.08511,-17.54468,-6.41283
Daniyal,2374,1771510121135,-0.72105,3.999,9.07305,-9.82408,-27.29786,-7.81514
Daniyal,2375,1771510121155,-1.131,4.296,8.44095,-16.10298,-30.71698,-7.87817
Daniyal,2376,1771510121166,-0.59505,4.19805,8.532,-19.64028,-29.92129,-8.00422
Daniyal,2377,1771510121177,-0.59505,4.19805,8.532,-22.4449,-30.16551,-8.30359
Daniyal,2378,1771510121188,-0.69495,4.13295,8.568,-24.95016,-29.85826,-8.05937
Daniyal,2379,1771510121199,-0.38595,4.068,9.339,-23.84722,-30.65396,-8.12239
Daniyal,2380,1771510121210,-0.38595,4.068,9.339,-21.90131,-34.4985,-8.79204
Daniyal,2381,1771510121223,-0.64695,3.63795,9.36,-19.76633,-37.30313,-9.65076
Daniyal,2382,1771510121232,-0.64695,3.63795,9.36,-17.69437,-33.52161,-8.54781
Daniyal,2383,1771510121243,-0.62805,3.68505,9.411,-14.21222,-27.7863,-7.27155
Daniyal,2384,1771510121255,-0.62805,3.68505,9.411,-8.48479,-20.41234,-8.42964
Daniyal,2385,1771510121266,-0.62805,3.54405,9.02505,-7.68909,-17.78891,-8.54781
Daniyal,2386,1771510121276,-0.62805,3.54405,9.02505,-7.57092,-12.36085,-8.00422
Daniyal,2387,1771510121288,-0.537,3.70005,9.09705,-7.63395,-10.16284,-6.53888
Daniyal,2388,1771510121299,-1.22895,3.83895,8.98905,-7.75212,-3.0331,-0.44118
Daniyal,2389,1771510121310,-1.22895,3.83895,8.98905,-7.63395,1.23687,3.45852
Daniyal,2390,1771510121321,-1.31295,3.894,9.363,-7.01945,1.35505,6.69644
Daniyal,2391,1771510121332,-1.31295,3.894,9.363,-6.28678,0.44118,8.70538
Daniyal,2392,1771510121344,-0.82905,3.85095,9.13995,-7.08247,-1.44958,7.66546
Daniyal,2393,1771510121355,-0.82905,3.85095,9.13995,-8.66599,-5.71167,4.86083
Daniyal,2394,1771510121366,-0.61395,3.57795,8.58405,-11.71484,-9.19382,2.42648
Daniyal,2395,1771510121377,-0.61395,3.57795,8.58405,-16.47325,-9.55622,1.93803
Daniyal,2396,1771510121388,-0.60405,3.822,8.496,-20.19175,-10.04467,0.29149
Daniyal,2397,1771510121399,0.144,3.31695,8.78595,-24.39869,-7.60243,-3.67123
Daniyal,2398,1771510121410,0.144,3.31695,8.78595,-26.7779,-15.5909,-12.26631
Daniyal,2399,1771510121421,-0.17295,2.96505,8.96295,-28.05416,-21.08198,-15.37819
Daniyal,2400,1771510121432,-0.17295,2.96505,8.96295,-29.45647,-23.33514,-17.75739
Daniyal,2401,1771510121443,0.111,3.58695,8.709,-34.34094,-23.21696,-26.10826
Daniyal,2402,1771510121453,0.111,3.58695,8.709,-36.4129,-21.08198,-29.34618
Daniyal,2403,1771510121465,-0.23505,3.62295,9.14505,-37.38979,-23.94963,-28.36929
Daniyal,2404,1771510121476,-0.23505,3.62295,9.14505,-37.68916,-30.59093,-24.52474
Daniyal,2405,1771510121490,-0.903,4.083,9.25995,-35.74326,-35.16815,-13.36925
Daniyal,2406,1771510121505,-1.02795,3.87495,9.18495,-35.12876,-28.27475,-4.95537
Daniyal,2407,1771510121509,-1.02795,3.87495,9.18495,-35.12876,-28.27475,-4.95537
Daniyal,2408,1771510121520,0.03195,3.051,10.59795,-32.50533,-29.07045,-4.28572
Daniyal,2409,1771510121531,0.03195,3.051,10.59795,-26.9591,-37.17708,-8.24844
Daniyal,2410,1771510121542,0.312,2.706,10.023,-22.14553,-38.217,-10.99005
Daniyal,2411,1771510121555,0.312,2.706,10.023,-15.25214,-38.15398,-3.73425
Daniyal,2412,1771510121567,-0.087,2.85705,10.014,-10.61977,-37.05891,3.15915
Daniyal,2413,1771510121577,-0.087,2.85705,10.014,-3.30095,-33.39556,8.09876
Daniyal,2414,1771510121588,-0.54705,2.706,10.17705,4.19906,-30.96121,10.71431
Daniyal,2415,1771510121600,0.02505,2.445,10.545,16.81989,-23.27211,9.50107
Daniyal,2416,1771510121609,0.02505,2.445,10.545,23.76844,-22.72852,6.08195
Daniyal,2417,1771510121620,1.03695,2.23005,9.51105,25.54103,-21.14501,0.53572
Daniyal,2418,1771510121631,1.03695,2.23005,9.51105,23.27999,-14.74006,-3.49003
Daniyal,2419,1771510121645,0.49905,2.68005,9.411,19.31727,0.62238,-4.64812
Daniyal,2420,1771510121653,0.49905,2.68005,9.411,18.77368,4.4039,-4.15967
Daniyal,2421,1771510121666,0.72795,2.898,9.25695,17.61559,11.23427,-5.49896
Daniyal,2422,1771510121676,0.72795,2.898,9.25695,19.1991,10.69068,-6.9643
Daniyal,2423,1771510121690,0.465,3.24,9.49005,22.1219,6.90915,-8.24844
Daniyal,2424,1771510121700,0.38805,3.07005,9.621,24.87138,6.42071,-7.63395
Daniyal,2425,1771510121715,0.38805,3.07005,9.621,29.3777,6.23951,-10.864
Daniyal,2426,1771510121725,0.55395,3.81705,9.73395,30.72486,7.15338,-12.02209
Daniyal,2427,1771510121737,0.55395,3.81705,9.73395,29.13347,9.71378,-18.49006
Daniyal,2428,1771510121749,0.57,4.01595,9.399,25.478,12.27419,-22.45278
Daniyal,2429,1771510121764,0.57,4.01595,9.399,22.24795,13.6765,-26.84092
Daniyal,2430,1771510121771,0.705,3.72405,9.65505,21.57831,14.34615,-27.94387
Daniyal,2431,1771510121778,0.705,3.72405,9.65505,20.60141,15.50424,-27.45542
Daniyal,2432,1771510121790,0.16095,3.276,8.98005,18.22221,15.92966,-25.25741
Daniyal,2433,1771510121801,-0.41505,3.74295,8.673,13.58984,14.95277,-19.82935
Daniyal,2434,1771510121811,-0.41505,3.74295,8.673,9.87135,10.62765,-15.86663
Daniyal,2435,1771510121825,-0.76905,3.75705,8.53905,3.40337,7.27155,-11.10822
Daniyal,2436,1771510121839,-0.76905,3.75705,8.53905,0.72479,8.79992,-6.53888
Daniyal,2437,1771510121844,-0.74805,3.89595,8.697,-1.78047,10.01315,-1.84349
Daniyal,2438,1771510121856,-0.74805,3.89595,8.697,-4.70327,9.65076,1.44958
Daniyal,2439,1771510121866,-0.12,3.582,8.826,-5.86136,8.61084,2.0562
Daniyal,2440,1771510121877,-0.12,3.582,8.826,-8.97324,4.10453,2.4895
Daniyal,2441,1771510121892,0.03195,3.36495,8.87205,-8.30359,2.21377,2.24528
Daniyal,2442,1771510121902,-0.27405,3.537,9.159,-5.61713,4.52995,3.45852
Daniyal,2443,1771510121911,-0.27405,3.537,9.159,-2.87553,6.42071,4.56146
Daniyal,2444,1771510121921,-0.52005,3.23805,9.28395,-0.85872,4.4039,5.53835
Daniyal,2445,1771510121933,-0.52005,3.23805,9.28395,0.17332,1.11082,6.01892
Daniyal,2446,1771510121945,-0.61395,3.23295,9.22605,-0.55935,-3.21429,7.05884
Daniyal,2447,1771510121953,-0.61395,3.23295,9.22605,-0.37815,-3.34034,8.52418
Daniyal,2448,1771510121964,-0.30195,3.80805,9.22605,-1.29202,-2.18225,10.59614
Daniyal,2449,1771510121975,-0.30195,3.80805,9.22605,-2.45011,-1.69381,7.90968
Daniyal,2450,1771510121986,0.216,3.66405,9.23295,-4.03362,-1.50473,4.25421
Daniyal,2451,1771510122002,0.58005,2.97,9.33195,-7.99634,-1.14233,-6.11346
Daniyal,2452,1771510122022,-0.75495,3.42,9.39105,-11.53364,3.55305,-12.81778
Daniyal,2453,1771510122036,-0.75495,3.42,9.39105,-11.53364,3.79728,-8.36662
Daniyal,2454,1771510122046,-0.666,3.70905,9.49395,-9.7059,4.0415,-5.86924
Daniyal,2455,1771510122058,-0.666,3.70905,9.49395,-6.77523,3.37186,-3.06461
Daniyal,2456,1771510122070,-0.504,3.714,9.588,-2.32406,-0.29149,-1.35505
Daniyal,2457,1771510122079,-0.504,3.714,9.588,2.97795,-3.70274,-0.55935
Daniyal,2458,1771510122091,0.10095,3.37395,9.516,10.90339,-7.30306,-2.02469
Daniyal,2459,1771510122098,0.10095,3.37395,9.516,12.85717,-7.11399,-2.63919
Daniyal,2460,1771510122109,0.288,3.57,9.26895,16.63869,-4.86083,-2.39496
Daniyal,2461,1771510122120,0.096,4.02105,8.98395,19.99479,2.94644,1.26839
Daniyal,2462,1771510122131,0.096,4.02105,8.98395,19.99479,7.3976,3.15915
Daniyal,2463,1771510122146,0.13695,3.69705,8.94795,18.10403,11.36032,3.64759
Daniyal,2464,1771510122158,0.13695,3.69705,8.94795,16.39447,12.21116,2.73372
Daniyal,2465,1771510122171,0.06795,3.537,8.97,14.86611,12.81778,0.89811
Daniyal,2466,1771510122179,0.06795,3.537,8.97,14.68491,13.79467,-0.13393
Daniyal,2467,1771510122192,-0.063,3.738,8.98905,15.77997,15.01579,0.16544
Daniyal,2468,1771510122201,-0.468,3.87,9.075,16.75687,14.16495,0.77994
Daniyal,2469,1771510122213,-0.468,3.87,9.075,17.48954,12.69961,3.40337
Daniyal,2470,1771510122222,-0.31005,4.00095,9.11595,17.48954,6.66493,2.8519
Daniyal,2471,1771510122231,-0.31005,4.00095,9.11595,17.42651,4.95537,2.4895
Daniyal,2472,1771510122242,-0.348,3.92505,8.89305,15.77997,0.62238,2.78887
Daniyal,2473,1771510122254,-0.348,3.92505,8.89305,12.54992,0.38603,2.8519
Daniyal,2474,1771510122265,0.01695,3.96795,8.79795,8.46903,0.323,2.00106
Daniyal,2475,1771510122275,0.01695,3.96795,8.79795,3.104,0.56723,1.02416
Daniyal,2476,1771510122286,-0.40305,4.00905,9.03195,1.51261,-0.16544,1.69381
Daniyal,2477,1771510122298,-0.40305,4.00905,9.03195,1.51261,-1.38656,3.34034
Daniyal,2478,1771510122310,-0.30705,4.023,9.183,3.52942,-1.20536,5.29413
Daniyal,2479,1771510122324,-0.28605,3.88695,9.087,4.50631,-0.40966,6.87764
Daniyal,2480,1771510122333,-0.28605,3.88695,9.087,4.75054,0.81145,8.5872
Daniyal,2481,1771510122346,-0.19695,3.843,9.41505,4.93173,1.96954,10.23374
Daniyal,2482,1771510122354,-0.19695,3.843,9.41505,7.31094,0.62238,8.27996
Daniyal,2483,1771510122365,-0.43395,4.128,9.02505,8.46903,-0.22847,5.78258
Daniyal,2484,1771510122378,-0.43395,4.128,9.02505,9.92649,1.90652,3.70274
Daniyal,2485,1771510122390,-0.37695,3.98505,8.817,10.35979,3.49003,2.54465
Daniyal,2486,1771510122401,-0.37695,3.98505,8.817,10.29677,4.15967,2.73372
Daniyal,2487,1771510122416,-0.17805,4.19295,8.80005,11.69908,4.0415,2.60767
Daniyal,2488,1771510122429,-0.29295,3.867,8.47005,11.21064,5.86924,-3.06461
Daniyal,2489,1771510122443,-0.29295,3.867,8.47005,11.32881,2.75736,-5.98741
Daniyal,2490,1771510122449,-0.192,3.98895,8.75895,12.9202,2.33194,-7.02733
Daniyal,2491,1771510122470,-0.24,4.509,8.72805,13.21957,1.41807,-2.63919
Daniyal,2492,1771510122476,-0.24,4.509,8.72805,11.32881,2.15074,-1.11082
Daniyal,2493,1771510122485,-0.10605,4.22895,8.47005,9.62712,3.24581,-0.8666
Daniyal,2494,1771510122497,-0.10605,4.22895,8.47005,6.94067,5.26262,-0.13393
Daniyal,2495,1771510122508,-0.36195,4.14,8.63505,3.22217,5.13657,0.84296
Daniyal,2496,1771510122517,-0.36195,4.14,8.63505,2.00106,4.28572,1.56776
Daniyal,2497,1771510122528,-0.46995,4.21005,8.793,1.15021,2.94644,2.18225
Daniyal,2498,1771510122541,-0.46995,4.21005,8.793,0.78782,0.8666,2.36345
Daniyal,2499,1771510122550,-0.39795,4.16895,8.90295,0.59874,-0.83509,2.0562
Daniyal,2500,1771510122562,-0.336,4.203,8.72295,-1.16597,-1.93803,1.26839
Daniyal,2501,1771510122573,-0.336,4.203,8.72295,-2.87553,-1.56776,0.53572
Daniyal,2502,1771510122584,-0.40095,4.191,8.865,-4.34087,-0.16544,0.04727
Daniyal,2503,1771510122592,-0.40095,4.191,8.865,-4.1518,0.81145,-0.25998
Daniyal,2504,1771510122604,-0.36705,4.203,9.087,-3.427,1.11082,-0.80357
Daniyal,2505,1771510122615,-0.36705,4.203,9.087,-1.96166,0.92962,-1.41807
Daniyal,2506,1771510122627,-0.477,4.25295,9.291,1.15021,-0.10242,-2.33194
Daniyal,2507,1771510122636,-0.477,4.25295,9.291,3.64759,-2.2374,-3.18278
Daniyal,2508,1771510122648,-0.46995,4.21905,9.35505,4.31724,-4.92386,-4.71115
Daniyal,2509,1771510122659,-0.46995,4.21905,9.35505,3.89182,-4.67963,-5.92438
Daniyal,2510,1771510122670,-0.37395,4.28595,8.86695,2.79675,-1.93803,-5.86924
Daniyal,2511,1771510122681,-0.29505,4.38195,8.61795,0.84296,0.99265,-5.25474
Daniyal,2512,1771510122693,-0.29505,4.38195,8.61795,-0.18908,1.2999,-4.58509
Daniyal,2513,1771510122704,-0.34605,4.392,8.757,-0.37815,1.05567,-3.6082
Daniyal,2514,1771510122715,-0.34605,4.392,8.757,0.11029,0.323,-2.63919
Daniyal,2515,1771510122726,-0.336,4.33905,8.97495,0.17332,-3.88394,-1.66229
Daniyal,2516,1771510122737,-0.336,4.33905,8.97495,-0.74055,-6.20012,-1.71744
Daniyal,2517,1771510122749,-0.18795,4.19805,8.85495,-2.38709,-6.81462,-2.02469
Daniyal,2518,1771510122760,-0.18795,4.19805,8.85495,-3.9706,-6.44434,-2.69433
Daniyal,2519,1771510122773,-0.18,4.17105,8.781,-5.01052,-3.70274,-2.93856
Daniyal,2520,1771510122783,-0.29295,4.15905,9.015,-4.34087,-3.76576,-2.33194
Daniyal,2521,1771510122794,-0.29295,4.15905,9.015,-2.50526,-4.37238,-1.59927
Daniyal,2522,1771510122806,-0.216,4.152,9.087,-0.00788,-4.12816,-1.29202
Daniyal,2523,1771510122815,-0.216,4.152,9.087,1.51261,-3.27732,-1.0478
Daniyal,2524,1771510122826,-0.228,4.07595,9.06795,2.4895,-2.8519,-0.74843
Daniyal,2525,1771510122837,-0.228,4.07595,9.06795,2.91492,-5.16808,0.04727
Daniyal,2526,1771510122850,-0.28305,4.14795,9.027,3.104,-6.08195,0.40966
Daniyal,2527,1771510122859,-0.28305,4.14795,9.027,3.104,-5.28625,0.40966
Daniyal,2528,1771510122870,-0.19695,4.18305,8.77605,3.04097,-4.67963,0.16544
Daniyal,2529,1771510122881,-0.23295,4.32195,8.58405,2.79675,-3.82091,-0.13393
Daniyal,2530,1771510122893,-0.23295,4.32195,8.58405,2.6707,-3.0331,0.04727
Daniyal,2531,1771510122903,-0.219,4.23105,8.604,2.37133,0.01576,0.77994
Daniyal,2532,1771510122915,-0.219,4.23105,8.604,1.94591,1.96954,0.59874
Daniyal,2533,1771510122925,-0.28605,4.19805,8.697,1.21324,2.57616,0.04727
Daniyal,2534,1771510122937,-0.28605,4.19805,8.697,-0.74055,2.21377,-0.5042
Daniyal,2535,1771510122947,-0.255,4.27695,8.814,-1.47322,1.84349,-0.80357
Daniyal,2536,1771510122959,-0.255,4.27695,8.814,-1.41019,0.74843,-1.29202
Daniyal,2537,1771510122970,-0.28095,4.21905,8.91,-0.67752,-0.65389,-1.84349
Daniyal,2538,1771510122981,-0.28995,4.27395,8.69505,-0.92175,-1.07931,-2.08771
Daniyal,2539,1771510122993,-0.28995,4.27395,8.69505,-1.22899,-0.65389,-1.71744
Daniyal,2540,1771510123003,-0.23505,4.15005,8.95995,-1.53624,-0.89811,-1.47322
Daniyal,2541,1771510123014,-0.23505,4.15005,8.95995,-1.53624,-0.40966,-2.15074
Daniyal,2542,1771510123026,-0.279,4.083,8.98005,-1.59139,0.38603,-2.63919
Daniyal,2543,1771510123036,-0.279,4.083,8.98005,-2.26103,0.5042,-2.02469
Daniyal,2544,1771510123048,-0.336,4.248,9.042,-1.16597,1.23687,-1.29202
Daniyal,2545,1771510123059,-0.336,4.248,9.042,0.29937,1.2999,-0.25998
Daniyal,2546,1771510123070,-0.29505,4.191,8.97495,1.75683,1.4811,0.71691
Daniyal,2547,1771510123081,-0.29505,4.191,8.97495,1.75683,0.5042,1.93803
Daniyal,2548,1771510123092,-0.22305,4.21005,8.98005,1.08719,-1.63078,2.8519
Daniyal,2549,1771510123103,-0.216,4.13595,9.09,0.54359,-1.93803,3.82879
Daniyal,2550,1771510123115,-0.216,4.13595,9.09,1.02416,-2.97007,4.38026
Daniyal,2551,1771510123126,-0.207,4.29105,9.09705,2.79675,-2.90704,4.98688
Daniyal,2552,1771510123137,-0.207,4.29105,9.09705,4.68751,-3.0331,4.07301
Daniyal,2553,1771510123149,-0.28095,4.31505,8.97705,5.71955,-3.0331,3.70274
Daniyal,2554,1771510123161,-0.28095,4.31505,8.97705,6.08983,-2.60767,3.15915
Daniyal,2555,1771510123174,-0.28095,4.40595,8.88405,4.31724,-2.8519,2.78887
Daniyal,2556,1771510123185,-0.159,3.90795,8.709,2.73372,-3.34034,0.96114
Daniyal,2557,1771510123197,-0.159,3.90795,8.709,-0.18908,0.323,-7.20853
Daniyal,2558,1771510123207,-0.171,4.18305,9.00795,0.35452,-5.9559,-8.67386
Daniyal,2559,1771510123218,-0.171,4.18305,9.00795,2.3083,-5.46745,-4.71115
Daniyal,2560,1771510123230,-0.147,4.61205,8.85705,2.85978,-3.34034,-1.29202
Daniyal,2561,1771510123244,-0.147,4.61205,8.85705,4.13604,-2.4186,1.20536
Daniyal,2562,1771510123251,-0.23805,4.23105,8.71905,5.11293,-0.83509,1.20536
Daniyal,2563,1771510123262,-0.23805,4.23105,8.71905,5.53835,-0.34664,0.71691
Daniyal,2564,1771510123274,-0.27105,4.19505,8.577,4.26209,2.57616,1.02416
Daniyal,2565,1771510123287,-0.31395,4.36995,8.733,2.85978,2.33194,1.81198
Daniyal,2566,1771510123296,-0.31395,4.36995,8.733,1.33141,1.66229,1.81198
Daniyal,2567,1771510123306,-0.15405,4.22895,8.71905,0.23635,2.21377,1.38656
Daniyal,2568,1771510123318,-0.15405,4.22895,8.71905,-0.74055,2.39496,0.84296
Daniyal,2569,1771510123329,-0.168,4.30605,8.84505,-0.80357,3.06461,-0.31513
Daniyal,2570,1771510123345,-0.168,4.30605,8.84505,-0.37815,3.12763,-0.25998
Daniyal,2571,1771510123352,-0.28995,4.27395,8.94795,-0.00788,3.06461,-0.0709
Daniyal,2572,1771510123364,-0.28995,4.27395,8.94795,0.78782,3.12763,0.29149
Daniyal,2573,1771510123373,-0.21405,4.19295,9.09705,1.33141,3.12763,0.22847
Daniyal,2574,1771510123384,-0.23295,4.25295,8.95305,2.85978,3.55305,-0.37815
Daniyal,2575,1771510123396,-0.23295,4.25295,8.95305,3.46639,4.0415,-0.5042
Daniyal,2576,1771510123406,-0.29505,4.32705,8.78805,4.44329,3.37186,-0.55935
Daniyal,2577,1771510123417,-0.29505,4.32705,8.78805,4.62449,4.64812,0.22847
Daniyal,2578,1771510123429,-0.156,4.38705,8.67795,2.85978,3.55305,1.14233
Daniyal,2579,1771510123441,-0.156,4.38705,8.67795,2.12711,4.52995,1.51261
Daniyal,2580,1771510123449,-0.10095,4.27695,8.781,1.70168,4.95537,1.44958
Daniyal,2581,1771510123461,-0.10095,4.27695,8.781,1.75683,4.64812,1.75683
Daniyal,2582,1771510123472,-0.33105,4.33695,8.65395,1.21324,5.56199,2.11923
Daniyal,2583,1771510123488,-0.396,4.36995,8.80995,0.84296,4.2227,2.97007
Daniyal,2584,1771510123494,-0.396,4.36995,8.80995,1.02416,3.61608,3.40337
Daniyal,2585,1771510123505,-0.393,4.437,8.637,0.48057,2.26891,3.27732
Daniyal,2586,1771510123517,-0.393,4.437,8.637,-0.67752,1.84349,3.40337
Daniyal,2587,1771510123528,-0.267,4.35795,8.69205,-1.89864,2.51314,4.00999
Daniyal,2588,1771510123539,-0.267,4.35795,8.69205,-2.93856,4.15967,4.92386
Daniyal,2589,1771510123550,-0.29505,4.23405,8.93595,-2.74948,4.64812,5.2311
Daniyal,2590,1771510123562,-0.29505,4.23405,8.93595,-2.07984,5.13657,4.49843
Daniyal,2591,1771510123573,-0.27105,4.21905,9.07305,-0.98477,5.56199,3.94696
Daniyal,2592,1771510123583,-0.27105,4.21905,9.07305,0.48057,6.48373,3.15915
Daniyal,2593,1771510123595,-0.348,4.32495,9.042,2.73372,6.17649,2.36345
Daniyal,2594,1771510123609,-0.393,4.32,8.73495,4.07301,7.09035,2.18225
Daniyal,2595,1771510123617,-0.393,4.32,8.73495,4.26209,7.33458,2.0562
Daniyal,2596,1771510123629,-0.34305,4.35795,8.69205,4.31724,8.06725,2.30043
Daniyal,2597,1771510123640,-0.34305,4.35795,8.69205,3.59245,9.58773,3.0331
Daniyal,2598,1771510123650,-0.324,4.41105,8.66295,3.40337,11.78574,4.13604
Daniyal,2599,1771510123661,-0.324,4.41105,8.66295,3.82879,13.8577,5.10505
Daniyal,2600,1771510123674,-0.30195,4.26705,8.733,5.17596,16.17388,6.01892
Daniyal,2601,1771510123683,-0.30195,4.26705,8.733,6.82249,19.34879,6.57039
Daniyal,2602,1771510123696,-0.19695,4.40595,8.67795,7.67334,22.33461,7.36609
Daniyal,2603,1771510123706,-0.429,4.39695,8.568,7.85453,24.28052,9.06777
Daniyal,2604,1771510123718,-0.429,4.39695,8.568,7.18489,24.89502,10.90339
Daniyal,2605,1771510123728,-0.501,4.42995,8.64705,7.42911,25.69071,12.4869
Daniyal,2606,1771510123740,-0.501,4.42995,8.64705,11.21064,24.52474,14.19646
Daniyal,2607,1771510123751,-0.693,4.36305,9.075,14.74793,22.69701,14.25161
Daniyal,2608,1771510123762,-0.693,4.36305,9.075,16.63869,19.52998,14.37766
Daniyal,2609,1771510123777,-0.68595,4.20495,8.65905,15.90602,25.32044,9.80044
Daniyal,2610,1771510123783,-0.68595,4.20495,8.65905,15.843,26.17128,9.25685
Daniyal,2611,1771510123794,-0.729,4.641,8.98005,18.46643,24.76896,13.76316
Daniyal,2612,1771510123805,-0.729,4.641,8.98005,19.13607,23.73693,15.71695
Daniyal,2613,1771510123817,-0.87495,4.67895,8.70405,15.17335,22.39764,15.35455
Daniyal,2614,1771510123829,-1.10205,4.70295,9.05595,12.79415,19.15971,13.15654
Daniyal,2615,1771510123840,-1.10205,4.70295,9.05595,9.92649,10.38343,9.06777
Daniyal,2616,1771510123852,-0.97995,4.77495,8.76195,8.16178,5.93226,6.08195
Daniyal,2617,1771510123867,-0.97995,5.09295,8.43405,4.86871,1.17385,1.93803
Daniyal,2618,1771510123873,-0.97995,5.09295,8.43405,3.59245,-0.29149,0.65389
Daniyal,2619,1771510123884,-0.97995,5.09295,8.43405,0.84296,-2.97007,-1.41807
Daniyal,2620,1771510123895,-1.10895,4.899,8.32395,-2.32406,-7.30306,-4.71115
Daniyal,2621,1771510123906,-1.03305,4.80405,8.637,-2.50526,-9.61924,-6.53888
Daniyal,2622,1771510123917,-1.03305,4.80405,8.637,-1.53624,-10.40706,-7.87817
Daniyal,2623,1771510123931,-0.939,4.794,8.553,0.11029,-9.43805,-8.36662
Daniyal,2624,1771510123943,-0.939,4.794,8.553,0.05515,-7.97271,-7.57092
Daniyal,2625,1771510123950,-0.76005,4.806,8.403,-0.49632,-7.54729,-6.72008
Daniyal,2626,1771510123965,-0.76005,4.806,8.403,-2.20589,-8.03573,-5.80621
Daniyal,2627,1771510123972,-0.69495,4.83195,8.56305,-3.7894,-9.49319,-4.4039
Daniyal,2628,1771510123989,-0.69495,4.83195,8.56305,-4.52207,-10.59614,-3.11976
Daniyal,2629,1771510123994,-0.58995,4.64805,8.781,-3.85242,-9.37502,-2.57616
Daniyal,2630,1771510124006,-0.537,4.614,8.78595,-2.69433,-7.24004,-2.33194
Daniyal,2631,1771510124015,-0.537,4.614,8.78595,-1.0478,-5.83772,-1.96166
Daniyal,2632,1771510124028,-0.657,4.79205,8.73795,0.84296,-5.53048,-1.35505
Daniyal,2633,1771510124039,-0.657,4.79205,8.73795,3.04097,-4.79781,-0.37815
Daniyal,2634,1771510124052,-0.777,4.71,8.56095,3.34822,-4.19119,0.16544
Daniyal,2635,1771510124061,-0.777,4.71,8.56095,2.73372,-3.0331,0.35452
Daniyal,2636,1771510124071,-0.75705,4.57605,8.48895,1.81986,-1.56776,0.11029
Daniyal,2637,1771510124082,-0.75705,4.57605,8.48895,0.90599,-0.40966,-0.44118
Daniyal,2638,1771510124093,-0.80505,4.65495,8.65395,0.48057,0.25998,-0.19695
Daniyal,2639,1771510124104,-0.82905,4.72695,8.59395,1.08719,0.323,-0.37815
Daniyal,2640,1771510124116,-0.82905,4.72695,8.59395,1.63866,0.01576,-0.62238
Daniyal,2641,1771510124130,-0.89895,4.83,8.44995,1.57563,-0.22847,-0.62238
Daniyal,2642,1771510124140,-0.89895,4.83,8.44995,1.63866,-0.10242,-0.6854
Daniyal,2643,1771510124151,-0.84105,4.689,8.544,1.15021,-0.59086,-1.17385
Daniyal,2644,1771510124163,-0.84105,4.689,8.544,0.17332,-1.14233,-2.02469
Daniyal,2645,1771510124175,-0.74295,4.66905,8.58,-0.62238,-0.89811,-2.57616
Daniyal,2646,1771510124187,-0.666,4.72695,8.64195,-0.4333,-0.96114,-3.06461
Daniyal,2647,1771510124199,-0.666,4.72695,8.64195,0.29937,-1.99318,-2.93856
Daniyal,2648,1771510124206,-0.64005,4.81095,8.52,0.54359,-2.54465,-2.45011
Daniyal,2649,1771510124220,-0.64005,4.81095,8.52,0.78782,-0.71691,-1.71744
Daniyal,2650,1771510124227,-0.60405,4.713,8.292,1.08719,3.37186,-1.23687
Daniyal,2651,1771510124238,-0.60405,4.713,8.292,1.81986,4.64812,-1.17385
Daniyal,2652,1771510124251,-0.741,4.73895,8.496,1.63866,3.00158,-0.99265
Daniyal,2653,1771510124264,-0.741,4.73895,8.496,0.90599,2.57616,-0.8666
Daniyal,2654,1771510124281,-0.81,4.725,8.553,0.84296,2.08771,-0.74843
Daniyal,2655,1771510124292,-0.762,4.77195,8.472,-1.96166,-1.44958,-0.8666
Daniyal,2656,1771510124307,-0.762,4.77195,8.472,-1.96166,-1.44958,-0.8666
Daniyal,2657,1771510124312,-0.765,4.74795,8.58705,-4.03362,-1.63078,-0.44118
