ID,SrNo,Timestamp,X_Acc,Y_Acc,Z_Acc,X_Gyro,Y_Gyro,Z_Gyro
Daniyal,1,1771513155515,0.035,2.01655,5.83819,18.92851,3.93676,-12.35198
Daniyal,2,1771513155534,0.72203,1.91127,5.29472,29.90721,16.92962,-19.7296
Daniyal,3,1771513155549,0.27428,2.19123,6.27159,48.58395,29.19767,-25.83311
Daniyal,4,1771513155567,-1.04746,3.15374,6.01765,46.56979,22.36174,-28.03037
Daniyal,5,1771513155579,-1.04746,3.15374,6.01765,24.1165,11.32201,-31.81455
Daniyal,6,1771513155598,-1.53081,4.88943,4.18624,-1.70135,2.41089,-34.07285
Daniyal,7,1771513155614,-3.85573,6.83121,7.59542,-16.46422,-12.11547,-27.48106
Daniyal,8,1771513155631,-7.44706,9.26621,14.55075,-3.95202,12.78686,-5.82122
Daniyal,9,1771513155650,-8.27767,9.42174,18.98226,33.93552,43.29678,24.93284
Daniyal,10,1771513155670,-2.15833,7.11147,14.96501,32.65379,63.73592,24.07835
Daniyal,11,1771513155680,-2.15833,7.11147,14.96501,23.93339,49.88094,23.22386
Daniyal,12,1771513155698,-0.19502,6.30928,12.27847,15.87676,44.51748,15.89965
Daniyal,13,1771513155718,0.85843,4.73869,13.53799,18.74541,31.39493,-0.3891
Daniyal,14,1771513155733,-0.8318,4.70279,14.80918,4.58526,8.6975,1.44195
Daniyal,15,1771513155751,-1.67228,5.02852,13.13809,0.43488,1.19018,4.24957
Daniyal,16,1771513155769,-0.80548,4.65494,10.46142,-9.75036,-8.63647,4.1275
Daniyal,17,1771513155784,-0.80548,4.65494,10.46142,-26.53502,-20.46965,0.95367
Daniyal,18,1771513155800,-0.08016,3.30449,8.89083,-33.00474,-26.87834,-4.17328
Daniyal,19,1771513155815,0.82732,2.13619,10.08306,-26.90122,-23.21623,-11.92474
Daniyal,20,1771513155834,1.07169,1.70279,10.69592,-20.30943,-21.69035,-16.50237
Daniyal,21,1771513155852,0.50399,1.78893,9.12054,-30.62436,-35.42325,-19.97374
Daniyal,22,1771513155866,-1.10489,2.11226,8.22772,-40.13821,-40.12296,-17.17375
Daniyal,23,1771513155882,-1.10489,2.11226,8.22772,-35.92679,-36.70499,-8.26263
Daniyal,24,1771513155899,-2.33061,2.66291,9.19472,-32.33335,-28.8925,-3.50189
Daniyal,25,1771513155916,-0.84377,2.85195,8.07189,-17.92906,-17.601,-7.22503
Daniyal,26,1771513155935,0.18814,3.24706,8.5005,2.14386,-8.63647,-10.27679
Daniyal,27,1771513155951,-0.63559,3.02692,7.62652,14.53399,-0.88501,-8.5678
Daniyal,28,1771513155966,-0.50369,2.59831,5.23011,10.26153,-0.15259,-4.35638
Daniyal,29,1771513155982,-0.50369,2.59831,5.23011,-0.48065,-4.30298,3.15094
Daniyal,30,1771513156001,-0.47019,2.67727,5.02164,-5.4779,-14.06859,10.29205
Daniyal,31,1771513156019,-0.19262,2.89771,6.98973,-0.60272,-5.40161,16.14379
Daniyal,32,1771513156031,0.69332,2.99103,8.75683,8.97979,-1.12915,16.63207
Daniyal,33,1771513156052,0.41785,3.34756,7.87328,9.95635,-5.2185,19.86693
Daniyal,34,1771513156068,0.89192,2.86421,6.6667,9.71221,-3.93676,16.44896
Daniyal,35,1771513156085,0.89192,2.86421,6.6667,8.79669,-3.81469,15.35033
Daniyal,36,1771513156100,0.4992,2.48584,6.84616,7.39288,-1.80054,14.00756
Daniyal,37,1771513156116,0.23121,2.39492,6.9012,2.63214,0.88501,12.3062
Daniyal,38,1771513156134,-0.11605,2.82562,7.85893,-3.65448,0.21362,10.10894
Daniyal,39,1771513156151,-0.60927,3.28295,9.61855,-5.90515,0.09155,9.43755
Daniyal,40,1771513156168,-0.60927,3.28295,9.61855,-5.66101,0.39673,10.29205
Daniyal,41,1771513156184,-1.00887,3.80489,11.25853,2.87628,1.98364,16.57103
Daniyal,42,1771513156202,-1.03041,4.19282,12.3024,8.1253,4.66919,18.89037
Daniyal,43,1771513156214,-0.40798,3.74985,11.04796,5.867,7.17163,20.41624
Daniyal,44,1771513156240,-0.88205,3.48664,10.74138,4.6463,11.56615,24.07835
Daniyal,45,1771513156250,-0.48215,3.27577,10.54996,3.91388,14.61791,23.71214
Daniyal,46,1771513156266,-0.48215,3.27577,10.54996,3.54767,13.70238,21.88109
Daniyal,47,1771513156286,-0.25005,3.38375,10.71267,5.74493,14.31273,18.34105
Daniyal,48,1771513156302,0.04217,3.25663,10.28914,9.28497,13.82445,13.88549
Daniyal,49,1771513156314,0.8321,2.81366,9.21386,9.52911,10.89477,10.53619
Daniyal,50,1771513156329,0.36042,2.5002,8.52443,6.29425,3.75366,6.14166
Daniyal,51,1771513156350,-1.08574,2.97906,8.86212,4.58526,2.22778,6.32476
Daniyal,52,1771513156365,-1.08574,2.97906,8.86212,6.47735,5.58471,9.43755
Daniyal,53,1771513156384,-2.05992,4.23829,9.73101,14.53399,15.89965,16.44896
Daniyal,54,1771513156398,-2.55314,4.80329,9.74567,17.76885,20.22551,19.37865
Daniyal,55,1771513156417,-2.82622,4.32682,9.02483,20.8206,27.97697,23.95628
Daniyal,56,1771513156435,-2.27557,3.11306,8.07428,14.83916,30.72355,22.06419
Daniyal,57,1771513156453,-1.12403,2.6007,8.21097,9.28497,28.22111,18.40208
Daniyal,58,1771513156467,-1.12403,2.6007,8.21097,5.25665,24.559,16.6931
Daniyal,59,1771513156484,-0.8988,3.19203,9.06551,0.55695,22.78898,16.44896
Daniyal,60,1771513156500,-0.90838,4.86551,9.96581,1.71661,21.38518,19.25658
Daniyal,61,1771513156517,-0.9682,6.14896,11.23939,8.36944,22.1176,21.0266
Daniyal,62,1771513156536,-0.43669,5.37548,10.25295,8.43047,18.94377,19.01244
Daniyal,63,1771513156551,-0.87248,4.21675,9.6353,2.75421,9.00268,16.08275
Daniyal,64,1771513156568,-0.87248,4.21675,9.6353,-0.41962,6.92748,14.31273
Daniyal,65,1771513156584,-0.58774,3.54646,9.16601,-6.33239,0.76294,10.84136
Daniyal,66,1771513156602,-0.25244,3.6661,8.56989,-12.55797,-6.50024,8.09478
Daniyal,67,1771513156618,-0.30987,3.56321,8.76641,-12.31383,-7.41577,7.4234
Daniyal,68,1771513156635,0.10439,3.33799,8.91715,-12.00866,-9.49096,6.3858
Daniyal,69,1771513156652,-0.37208,3.09631,9.37687,-8.46862,-13.70238,6.32476
Daniyal,70,1771513156668,-0.37208,3.09631,9.37687,-5.78308,-14.12963,8.21685
Daniyal,71,1771513156686,-0.56859,2.7323,9.19472,-1.27411,-13.27514,11.45171
Daniyal,72,1771513156700,-0.68824,2.69641,8.69941,-1.21307,-11.56615,12.48931
Daniyal,73,1771513156714,-0.64038,3.1011,8.23011,-2.92206,-6.92748,13.2141
Daniyal,74,1771513156735,-0.24287,3.42682,8.51964,-2.3117,-3.44848,12.61138
Daniyal,75,1771513156752,0.57368,3.24467,8.21336,-1.51825,0.45776,9.31548
Daniyal,76,1771513156775,0.79382,2.73709,7.68186,0.74005,1.61743,6.08062
Daniyal,77,1771513156784,0.79382,2.73709,7.68186,-0.05341,-0.21362,5.83648
Daniyal,78,1771513156797,0.49681,2.32044,6.88684,-3.3493,-1.7395,6.01959
Daniyal,79,1771513156818,0.54497,1.99023,6.56591,-7.98034,-3.81469,7.54547
Daniyal,80,1771513156837,0.27667,2.11944,7.42792,-7.98034,-5.58471,9.74273
Daniyal,81,1771513156852,0.27667,2.11944,7.42792,-6.45446,-7.59887,12.06206
Daniyal,82,1771513156867,0.12832,2.71077,8.36172,-0.48065,-3.75366,12.85552
Daniyal,83,1771513156884,0.38674,3.23749,8.85733,4.21905,-1.43433,13.39721
Daniyal,84,1771513156901,0.10439,3.41725,8.79751,6.84356,1.19018,13.76342
Daniyal,85,1771513156919,-0.43908,3.24706,7.81346,5.92804,4.54712,15.89965
Daniyal,86,1771513156936,-0.4989,3.06281,7.29631,4.09698,8.75854,17.12035
Daniyal,87,1771513156952,-0.4989,3.06281,7.29631,0.98419,10.52856,18.7683
Daniyal,88,1771513156969,-0.57817,3.14895,7.36571,-2.06756,17.23479,18.7683
Daniyal,89,1771513156985,-0.52313,3.47946,8.11735,-3.47137,19.24895,17.79173
Daniyal,90,1771513157002,-0.9682,4.02772,9.4008,-1.88446,21.62932,16.99828
Daniyal,91,1771513157017,-1.84217,4.94477,11.04078,4.09698,21.62932,19.74486
Daniyal,92,1771513157035,-2.39761,5.95005,12.03919,13.31328,25.10832,24.32249
Daniyal,93,1771513157052,-2.39761,5.95005,12.03919,15.44951,26.87834,28.90013
Daniyal,94,1771513157069,-2.54357,6.2016,11.22503,14.47295,27.97697,34.33225
Daniyal,95,1771513157087,-2.57468,5.77777,11.24896,11.29912,28.09904,36.34641
Daniyal,96,1771513157103,-2.12243,5.35394,11.56511,7.33184,27.73283,37.50607
Daniyal,97,1771513157121,-1.08335,4.81047,11.39283,3.12042,24.49797,35.00364
Daniyal,98,1771513157135,-0.28834,4.59272,11.25135,-0.66376,19.73723,31.95188
Daniyal,99,1771513157152,-0.28834,4.59272,11.25135,-4.62341,16.99065,26.58079
Daniyal,100,1771513157170,0.71486,4.0014,9.98734,-9.32311,9.18578,20.84349
Daniyal,101,1771513157187,0.93021,3.26381,8.98894,-19.76012,-5.2185,11.93999
Daniyal,102,1771513157202,0.533,2.81127,8.70419,-21.28599,-11.62719,7.66754
Daniyal,103,1771513157219,0.1331,2.74666,9.12054,-20.37047,-17.23479,4.92096
Daniyal,104,1771513157235,0.18814,2.90249,9.53001,-15.42662,-25.71867,3.63922
Daniyal,105,1771513157252,0.18814,2.90249,9.53001,-7.79724,-30.47941,3.57818
Daniyal,106,1771513157269,0.80818,2.95992,9.90359,-1.57928,-31.57804,3.51715
Daniyal,107,1771513157289,1.14108,2.91446,9.44627,2.51007,-32.92081,2.54059
Daniyal,108,1771513157301,0.94457,2.57199,8.66321,2.44903,-31.51701,1.13678
Daniyal,109,1771513157316,0.83928,2.06201,8.08146,1.41144,-29.80802,-0.51117
Daniyal,110,1771513157335,0.80578,1.87059,7.76561,0.43488,-28.83146,-1.6098
Daniyal,111,1771513157352,0.80578,1.87059,7.76561,-0.78583,-25.5966,-2.28119
Daniyal,112,1771513157369,0.7005,2.22233,7.48295,-3.22723,-23.21623,-0.87738
Daniyal,113,1771513157387,0.42263,2.62941,7.73689,-4.01306,-17.47893,3.63922
Daniyal,114,1771513157402,0.28385,2.88814,8.24686,-5.59997,-14.85442,6.87408
Daniyal,115,1771513157420,0.88714,3.07478,8.33061,-5.17273,-14.2517,8.88824
Daniyal,116,1771513157435,0.88714,3.07478,8.33061,-4.31823,-16.31926,10.47515
Daniyal,117,1771513157452,1.54307,3.19681,8.43111,-2.67792,-20.28654,10.35308
Daniyal,118,1771513157468,2.20887,3.18006,8.38804,-1.51825,-24.25383,8.52203
Daniyal,119,1771513157483,2.82174,3.10349,8.23251,-0.23651,-24.98625,6.26373
Daniyal,120,1771513157502,2.63988,2.75623,8.41197,3.91388,-23.88762,8.03375
Daniyal,121,1771513157518,2.55823,2.58634,8.94587,3.4256,-28.40421,8.8272
Daniyal,122,1771513157535,2.55823,2.58634,8.94587,9.83428,-26.57316,6.75201
Daniyal,123,1771513157553,3.52074,2.37099,10.52603,16.73125,-28.95353,2.11334
Daniyal,124,1771513157570,2.42901,2.56241,11.22742,12.15362,-33.95841,4.92096
Daniyal,125,1771513157588,1.42104,3.15853,10.81825,11.17705,-30.2963,4.49371
Daniyal,126,1771513157604,1.90708,3.31885,10.90439,10.07842,-18.88274,6.69097
Daniyal,127,1771513157622,1.39472,3.92961,9.47019,4.28009,-5.70678,11.87896
Daniyal,128,1771513157636,1.39472,3.92961,9.47019,-0.11444,2.41089,17.36449
Daniyal,129,1771513157652,1.47607,4.29093,9.6999,1.89972,9.91821,16.44896
Daniyal,130,1771513157668,2.40987,3.23988,10.52363,-1.76239,10.58959,17.42552
Daniyal,131,1771513157686,1.81615,2.56002,9.78635,-4.19616,14.19066,17.54759
Daniyal,132,1771513157704,1.5335,2.49302,9.88924,-3.71551,14.73998,17.66966
Daniyal,133,1771513157720,1.57448,2.49781,9.22613,-3.22723,14.67894,18.58519
Daniyal,134,1771513157734,1.57448,2.49781,9.22613,-1.21307,12.29858,20.35521
Daniyal,135,1771513157753,1.64865,2.51456,8.53879,-1.02997,8.81957,20.41624
Daniyal,136,1771513157772,2.11077,2.63181,7.66989,-4.50134,6.2561,19.74486
Daniyal,137,1771513157796,2.02433,2.74427,7.74886,-5.41687,3.63159,20.47728
Daniyal,138,1771513157802,1.65105,3.02453,8.62014,-7.61413,1.7395,19.86693
Daniyal,139,1771513157815,1.65105,3.02453,8.62014,-7.43102,2.22778,19.25658
Daniyal,140,1771513157835,1.56251,3.501,8.60339,-6.27136,7.17163,18.15795
Daniyal,141,1771513157853,1.07647,3.46989,8.38325,-3.3493,12.78686,19.43968
Daniyal,142,1771513157871,0.44895,3.04846,8.15803,-2.1286,16.50237,25.23802
Daniyal,143,1771513157884,0.35803,2.98146,8.37368,-2.18963,17.90618,30.73118
Daniyal,144,1771513157901,0.65264,3.15613,8.85015,-3.3493,16.50237,37.62815
Daniyal,145,1771513157920,0.9015,3.12981,8.74726,-6.02722,18.02825,43.48752
Daniyal,146,1771513157938,0.9015,3.12981,8.74726,-7.30895,20.53069,43.30441
Daniyal,147,1771513157953,1.30857,3.25902,9.07986,-7.55309,23.21623,39.76437
Daniyal,148,1771513157971,1.33729,3.47946,9.38166,-8.34655,21.01897,33.96604
Daniyal,149,1771513157984,1.22722,3.52253,8.93869,-10.72692,20.22551,29.44944
Daniyal,150,1771513158003,1.51196,3.37388,8.5675,-13.83971,19.8593,25.23802
Daniyal,151,1771513158020,1.95254,3.22552,8.74248,-17.74596,20.46965,18.70726
Daniyal,152,1771513158037,1.95254,3.22552,8.74248,-17.92906,16.50237,14.49584
Daniyal,153,1771513158053,1.74197,3.34038,9.40319,-16.15905,10.65063,11.63482
Daniyal,154,1771513158070,1.45693,3.67807,9.79831,-12.19176,2.89917,10.16998
Daniyal,155,1771513158087,1.16501,3.9009,9.86531,-7.24792,-7.59887,10.29205
Daniyal,156,1771513158103,1.07169,3.75703,9.53001,-5.84411,-12.11547,9.80377
Daniyal,157,1771513158119,1.07169,3.75703,9.53001,-6.94274,-13.15307,8.03375
Daniyal,158,1771513158135,1.31097,3.38854,9.30509,-7.61413,-14.37377,6.75201
Daniyal,159,1771513158153,1.25354,3.0676,9.81267,-5.4779,-14.85442,6.14166
Daniyal,160,1771513158170,1.33011,2.82562,10.26521,-1.82342,-15.03753,5.47027
Daniyal,161,1771513158189,1.13629,2.89771,10.58824,3.85284,-16.80754,6.93511
Daniyal,162,1771513158203,1.1339,3.17767,10.45663,8.06426,-18.51653,9.37652
Daniyal,163,1771513158220,1.1339,3.17767,10.45663,10.87188,-20.10344,10.78033
Daniyal,164,1771513158237,1.84487,3.0676,9.87009,16.97539,-19.8593,9.25445
Daniyal,165,1771513158255,2.22562,2.93839,9.88684,19.47783,-23.52141,6.81304
Daniyal,166,1771513158278,2.57258,2.95753,9.64487,20.6375,-34.20255,-0.26703
Daniyal,167,1771513158286,2.80977,3.0676,9.41037,21.30888,-38.96329,-5.14984
Daniyal,168,1771513158302,3.14267,3.23749,8.70898,20.02715,-46.21884,-13.51165
Daniyal,169,1771513158318,3.14267,3.23749,8.70898,20.21025,-53.54305,-20.40099
Daniyal,170,1771513158338,3.07538,3.33081,8.27558,17.95195,-53.72615,-30.47178
Daniyal,171,1771513158354,2.77627,3.28295,7.02563,11.6043,-55.67928,-34.13388
Daniyal,172,1771513158371,1.57208,3.31406,6.09183,3.18146,-41.34366,-35.47666
Daniyal,173,1771513158387,0.4681,3.07717,6.16152,-10.66589,-30.90665,-29.12901
Daniyal,174,1771513158403,0.91585,2.34227,8.39283,-19.57701,-25.53556,-26.38243
Daniyal,175,1771513158422,0.91585,2.34227,8.39283,-19.69908,-21.87346,-20.52306
Daniyal,176,1771513158435,1.00199,2.35185,11.14128,-12.06969,-10.28442,-12.84026
Daniyal,177,1771513158453,0.64307,3.01735,11.41915,-8.16345,3.20434,-0.3891
Daniyal,178,1771513158470,0.63589,3.01735,10.00888,-4.4403,11.01684,8.6441
Daniyal,179,1771513158489,1.2009,2.54566,9.50848,0.3128,15.89965,16.99828
Daniyal,180,1771513158503,2.01954,2.60548,9.34816,5.80596,16.92962,25.42112
Daniyal,181,1771513158520,2.01954,2.60548,9.34816,4.89044,18.39445,28.28977
Daniyal,182,1771513158538,2.44337,3.01496,9.14926,3.66974,14.92308,29.08323
Daniyal,183,1771513158554,2.54148,3.47946,9.27637,-0.11444,12.35961,23.89525
Daniyal,184,1771513158571,2.75234,4.0684,8.63929,-3.77655,11.01684,17.18138
Daniyal,185,1771513158586,2.80977,3.89342,8.73051,-4.4403,14.00756,10.96343
Daniyal,186,1771513158598,2.80977,3.89342,8.73051,-6.14929,15.22826,5.53131
Daniyal,187,1771513158618,2.80738,3.32842,8.76641,-4.4403,13.39721,-0.63324
Daniyal,188,1771513158638,2.90788,3.22552,8.85733,-3.41034,9.36889,-4.05121
Daniyal,189,1771513158654,2.72602,3.48425,8.9004,-0.29755,3.08227,-4.96673
Daniyal,190,1771513158672,2.31894,3.56321,8.85255,1.3504,-4.42505,-2.34222
Daniyal,191,1771513158687,1.95254,3.54886,8.83819,3.30353,-11.44408,2.84576
Daniyal,192,1771513158705,1.95254,3.54886,8.83819,3.91388,-13.33617,4.61578
Daniyal,193,1771513158721,2.05304,3.68764,8.70658,4.15802,-17.601,8.70513
Daniyal,194,1771513158737,2.3333,3.61585,8.4335,3.6087,-17.29583,8.58306
Daniyal,195,1771513158758,2.81695,3.92243,8.66561,3.12042,-21.14104,5.47027
Daniyal,196,1771513158771,2.98684,4.39143,9.24527,4.89044,-23.39934,1.19781
Daniyal,197,1771513158789,3.28864,4.53769,8.90519,5.62286,-25.10832,-3.31878
Daniyal,198,1771513158804,3.28864,4.53769,8.90519,6.78253,-25.90178,-7.89642
Daniyal,199,1771513158821,3.36042,4.45155,8.77598,7.45391,-26.93937,-7.3471
Daniyal,200,1771513158839,2.82413,4.24547,8.36172,4.95147,-28.52629,-5.39398
Daniyal,201,1771513158855,2.96052,4.25982,8.22293,2.388,-29.56388,-3.68499
Daniyal,202,1771513158872,2.86002,4.5353,8.84537,-2.3117,-32.61564,-0.45013
Daniyal,203,1771513158889,3.42024,4.58315,9.72623,-0.96893,-32.73771,-0.63324
Daniyal,204,1771513158905,3.42024,4.58315,9.72623,4.21905,-30.05216,-1.6098
Daniyal,205,1771513158921,3.99482,4.63819,10.28435,5.56182,-22.85002,-4.23431
Daniyal,206,1771513158937,3.96371,4.42523,10.24337,10.81084,-16.13616,-4.41742
Daniyal,207,1771513158954,3.37717,3.85753,9.6688,8.1253,-8.5144,-3.99017
Daniyal,208,1771513158973,2.85763,3.47707,8.94108,9.52911,-1.43433,-2.8305
Daniyal,209,1771513158989,2.11316,3.37867,8.4,7.51495,4.05884,-1.79291
Daniyal,210,1771513159005,2.11316,3.37867,8.4,5.25665,7.17163,0.16022
Daniyal,211,1771513159021,1.97886,3.37867,7.95703,7.63702,13.2141,1.25885
Daniyal,212,1771513159036,2.52233,3.60868,7.83978,6.29425,19.00481,2.05231
Daniyal,213,1771513159055,2.53669,4.07079,8.1676,10.01739,18.33342,3.88336
Daniyal,214,1771513159073,2.32134,4.20957,7.89003,10.50567,16.3803,4.49371
Daniyal,215,1771513159089,2.61117,4.28614,7.80389,12.51983,14.19066,3.94439
Daniyal,216,1771513159105,2.61117,4.28614,7.80389,13.8626,13.51928,1.68609
Daniyal,217,1771513159121,2.5008,4.41296,8.02403,15.32744,12.1765,-0.93841
Daniyal,218,1771513159139,2.03629,4.59751,7.93071,18.07402,13.2141,-5.33294
Daniyal,219,1771513159155,1.51914,4.5018,7.902,22.28545,15.04515,-6.43157
Daniyal,220,1771513159171,1.05494,4.28854,8.5675,26.43583,18.02825,-5.76019
Daniyal,221,1771513159188,1.04776,4.19043,8.62732,26.61894,25.35246,-3.8681
Daniyal,222,1771513159205,1.04776,4.19043,8.62732,26.13066,27.18351,1.31988
Daniyal,223,1771513159222,0.96132,4.3675,9.03679,22.34648,30.54044,7.6065
Daniyal,224,1771513159243,1.17697,4.36032,8.98654,20.08818,29.93009,10.96343
Daniyal,225,1771513159250,1.39711,4.30529,8.89801,16.91436,31.3339,11.63482
Daniyal,226,1771513159271,1.30618,4.20479,8.74726,6.72149,30.41837,12.48931
Daniyal,227,1771513159289,1.18176,4.28375,8.96501,-5.11169,29.44181,12.55034
Daniyal,228,1771513159305,1.18176,4.28375,8.96501,-12.74108,27.00041,12.73345
Daniyal,229,1771513159322,1.09561,4.62622,9.57069,-16.34215,24.13176,13.70238
Daniyal,230,1771513159340,1.58644,4.83679,9.4343,-22.44566,24.25383,13.45824
Daniyal,231,1771513159357,2.11077,4.66212,9.10619,-22.93394,19.61516,13.2141
Daniyal,232,1771513159372,2.3333,4.51137,8.9363,-23.60533,15.2893,11.87896
Daniyal,233,1771513159388,2.3333,4.51137,8.9363,-21.40807,6.62231,11.0855
Daniyal,234,1771513159405,1.97647,4.26222,8.88365,-17.9901,1.92261,11.32964
Daniyal,235,1771513159422,1.62473,4.18804,8.68954,-15.18248,-3.14331,12.18413
Daniyal,236,1771513159438,1.27029,4.07797,8.70898,-8.28552,-7.41577,15.4724
Daniyal,237,1771513159455,1.30618,3.97986,8.27558,-2.00653,-7.65991,18.70726
Daniyal,238,1771513159472,1.37318,3.999,8.11496,2.87628,-10.34545,20.72142
Daniyal,239,1771513159488,1.37318,3.999,8.11496,6.29425,-5.64575,19.86693
Daniyal,240,1771513159506,1.86879,3.90568,7.54517,8.97979,-3.02124,19.19554
Daniyal,241,1771513159523,1.22004,3.75703,7.93071,12.88604,-1.92261,19.56175
Daniyal,242,1771513159539,0.9996,3.92004,8.07428,18.07402,2.28882,19.19554
Daniyal,243,1771513159554,1.02592,4.47308,8.21576,21.18681,4.85229,19.43968
Daniyal,244,1771513159572,1.2344,4.99023,8.45504,25.39824,11.93236,20.53831
Daniyal,245,1771513159588,1.2344,4.99023,8.45504,27.22166,14.2517,23.22386
Daniyal,246,1771513159606,1.64148,4.9998,8.45025,25.27617,13.33617,27.55735
Daniyal,247,1771513159623,1.91904,4.66451,8.67996,25.3372,8.45336,32.13498
Daniyal,248,1771513159639,1.93579,4.57358,9.39602,23.93339,6.2561,35.00364
Daniyal,249,1771513159656,2.14188,4.95913,10.2676,26.92411,2.47192,37.38401
Daniyal,250,1771513159673,2.75952,5.21516,10.41835,30.09031,2.41089,36.52951
Daniyal,251,1771513159689,2.75952,5.21516,10.41835,27.34373,4.05884,34.75949
Daniyal,252,1771513159713,2.94856,4.67647,9.17558,24.60478,5.46264,30.97532
Daniyal,253,1771513159723,2.94856,4.67647,9.17558,21.8582,6.2561,29.14427
Daniyal,254,1771513159735,2.86959,5.01655,8.55314,17.89092,7.90405,24.01732
Daniyal,255,1771513159755,2.95095,5.22712,8.3665,16.91436,6.92748,18.89037
Daniyal,256,1771513159773,2.5992,4.70758,8.06232,16.54815,11.01684,11.93999
Daniyal,257,1771513159791,2.5992,4.70758,8.06232,12.39776,12.29858,10.71929
Daniyal,258,1771513159806,1.05494,4.11865,7.73929,6.23321,10.65063,12.79449
Daniyal,259,1771513159823,0.45613,3.72832,7.75364,2.63214,12.78686,15.96068
Daniyal,260,1771513159835,0.85843,3.79771,7.64567,-1.39618,17.11272,23.77317
Daniyal,261,1771513159851,0.85843,3.79771,7.64567,2.02179,21.26311,30.79221
Daniyal,262,1771513159870,1.433,3.82164,8.4,3.91388,26.26799,35.24778
Daniyal,263,1771513159887,2.12513,3.90329,8.34975,6.78253,22.72795,38.90989
Daniyal,264,1771513159906,2.6327,4.09232,8.31386,6.96563,19.98137,39.39816
Daniyal,265,1771513159922,3.09213,4.267,7.66272,5.74493,14.80101,38.36057
Daniyal,266,1771513159940,2.85284,4.00379,7.835,6.29425,9.67406,35.06467
Daniyal,267,1771513159957,2.50558,3.97268,8.08864,5.867,9.18578,30.36497
Daniyal,268,1771513159973,2.50558,3.97268,8.08864,3.6087,11.56615,21.69798
Daniyal,269,1771513159988,2.50558,4.65015,8.32343,1.10626,13.33617,16.32689
Daniyal,270,1771513160006,2.34766,5.31805,8.69671,-1.15204,13.94652,11.45171
Daniyal,271,1771513160023,2.18255,5.35155,9.38166,0.19073,16.14379,6.01959
Daniyal,272,1771513160039,1.79462,5.11705,9.42712,-1.57928,14.67894,5.47027
Daniyal,273,1771513160053,1.53589,4.77219,8.93151,-2.98309,16.14379,6.26373
Daniyal,274,1771513160074,1.28943,4.60947,8.22054,-8.71276,15.04515,9.19341
Daniyal,275,1771513160093,1.28943,4.60947,8.22054,-15.30455,16.14379,10.0479
Daniyal,276,1771513160105,1.39232,4.47787,7.34656,-20.18736,18.27239,9.49859
Daniyal,277,1771513160123,1.67019,4.26939,7.75604,-20.00426,21.93449,8.21685
Daniyal,278,1771513160141,1.22004,4.36989,8.75205,-15.97594,22.60588,11.26861
Daniyal,279,1771513160162,0.93739,4.62144,9.17797,-9.32311,19.37102,16.08275
Daniyal,280,1771513160173,0.93739,4.62144,9.17797,-5.53894,14.92308,17.42552
Daniyal,281,1771513160190,1.51196,4.89422,9.18754,-2.1286,13.88549,16.26586
Daniyal,282,1771513160205,1.99801,4.8344,9.21147,0.37384,9.00268,15.65551
Daniyal,283,1771513160219,1.76112,4.64058,11.0025,3.79181,5.09643,14.80101
Daniyal,284,1771513160240,2.79781,4.82243,12.47498,10.5667,-4.18091,9.49859
Daniyal,285,1771513160257,4.65554,5.1673,12.6688,18.80644,-5.76782,3.94439
Daniyal,286,1771513160274,4.65554,5.1673,12.6688,25.58134,-12.54272,2.9068
Daniyal,287,1771513160290,5.10569,5.36351,12.49412,28.44236,-21.93449,7.78961
Daniyal,288,1771513160306,4.67707,4.62383,10.64328,23.62822,-21.93449,11.0855
Daniyal,289,1771513160322,3.88235,3.8336,9.00329,13.67949,-24.98625,11.75689
Daniyal,290,1771513160340,3.57099,3.30449,8.16282,3.36456,-21.20207,5.1651
Daniyal,291,1771513160357,3.82732,2.84477,7.21735,-2.37274,-18.02825,-2.40326
Daniyal,292,1771513160373,3.82732,2.84477,7.21735,-5.4779,-12.29858,-9.17815
Daniyal,293,1771513160390,3.72682,2.37099,6.9347,-1.02997,-3.75366,-11.80266
Daniyal,294,1771513160406,3.17617,1.85862,7.8685,3.91388,-1.5564,-8.81194
Daniyal,295,1771513160422,2.91984,1.70758,7.33939,8.55255,-0.33569,-1.12152
Daniyal,296,1771513160440,2.40269,1.91845,6.47019,11.66534,-2.83813,8.88824
Daniyal,297,1771513160457,2.51037,1.79372,5.53639,12.6419,-0.94604,15.16723
Daniyal,298,1771513160474,2.51037,1.79372,5.53639,7.82012,-1.98364,13.51928
Daniyal,299,1771513160489,3.21446,2.24866,5.32583,10.20049,-0.5188,8.70513
Daniyal,300,1771513160509,4.03071,3.18245,6.92034,19.11162,0.7019,-0.08392
Daniyal,301,1771513160522,4.26551,4.26222,7.07109,22.77373,0.27466,-3.92914
Daniyal,302,1771513160538,4.27268,4.36989,6.29791,22.22441,-1.25122,-5.88226
Daniyal,303,1771513160556,4.31336,3.75224,5.98415,13.92363,-1.67847,-0.45013
Daniyal,304,1771513160574,4.31336,3.75224,5.98415,2.87628,-1.98364,9.49859
Daniyal,305,1771513160592,3.73879,4.24307,6.60419,-2.3117,-6.92748,17.97484
Daniyal,306,1771513160616,4.21526,5.69402,8.45025,-5.11169,-13.27514,17.42552
Daniyal,307,1771513160624,5.2663,6.26142,9.0009,-8.22448,-20.77483,13.88549
Daniyal,308,1771513160637,5.68026,6.42892,9.95624,-8.59069,-27.48869,9.31548
Daniyal,309,1771513160658,5.68026,6.00539,9.83899,-5.84411,-29.31974,2.72369
Daniyal,310,1771513160674,5.68026,6.00539,9.83899,-5.90515,-29.38078,-0.02289
Daniyal,311,1771513160691,5.23041,5.28216,8.80469,-4.56237,-27.97697,-1.85394
Daniyal,312,1771513160709,4.61725,4.69562,8.79512,-5.11169,-27.61076,-1.91498
Daniyal,313,1771513160723,4.24876,4.26222,8.39283,-6.02722,-24.80314,-2.8305
Daniyal,314,1771513160741,4.33011,4.0349,7.78954,-6.82067,-23.03312,-4.60052
Daniyal,315,1771513160758,4.41865,3.88864,7.5356,-5.41687,-17.35686,-6.79779
Daniyal,316,1771513160774,4.41865,3.88864,7.5356,-4.19616,-15.03753,-6.85882
Daniyal,317,1771513160791,4.49043,4.04447,7.78714,-0.48065,-13.15307,-6.18743
Daniyal,318,1771513160807,4.72762,4.18325,8.01925,3.05939,-10.28442,-2.70843
Daniyal,319,1771513160823,4.55743,4.19522,7.66272,6.05011,-11.26098,1.62506
Daniyal,320,1771513160840,4.366,4.15693,7.34896,8.00323,-11.74926,4.85992
Daniyal,321,1771513160857,4.366,4.15693,7.34896,8.97979,-10.52856,7.17925
Daniyal,322,1771513160873,4.47129,4.48265,7.27956,9.28497,-7.96508,7.97271
Daniyal,323,1771513160892,4.89033,4.6023,7.42792,8.49151,-5.2185,7.11822
Daniyal,324,1771513160907,5.06022,4.42044,7.63131,7.51495,-3.87573,5.77545
Daniyal,325,1771513160925,4.61486,4.2335,7.80389,6.17218,-0.82397,5.77545
Daniyal,326,1771513160941,4.16022,4.30289,7.91157,5.98907,1.80054,6.3858
Daniyal,327,1771513160957,4.16022,4.30289,7.91157,4.8294,4.60815,7.6065
Daniyal,328,1771513160973,4.13121,4.41536,7.65524,4.21905,8.81957,9.68169
Daniyal,329,1771513160992,4.16022,4.48026,7.73211,4.28009,10.28442,11.32964
Daniyal,330,1771513161008,4.14557,4.42523,7.62652,4.09698,11.81029,14.31273
Daniyal,331,1771513161032,4.10728,4.46351,7.5332,4.46319,13.70238,17.91381
Daniyal,332,1771513161043,4.21286,4.61904,7.73929,5.07354,14.92308,19.56175
Daniyal,333,1771513161057,4.21286,4.61904,7.73929,6.17218,16.50237,19.13451
Daniyal,334,1771513161074,4.40668,4.84158,8.09582,8.3084,16.5634,17.12035
Daniyal,335,1771513161091,4.44975,5.06919,8.40958,9.89532,19.43205,15.59447
Daniyal,336,1771513161109,4.25833,5.09073,8.34497,11.6043,22.60588,14.86205
Daniyal,337,1771513161125,3.69332,5.1673,8.38804,13.31328,25.41349,15.77758
Daniyal,338,1771513161143,3.37238,5.10269,8.02642,13.25225,29.38078,17.36449
Daniyal,339,1771513161157,3.37238,5.10269,8.02642,12.15362,31.51701,19.13451
Daniyal,340,1771513161172,3.33171,5.01895,7.98814,9.65118,34.01944,20.59935
Daniyal,341,1771513161191,3.17139,5.26062,8.23729,5.62286,33.65323,22.18626
Daniyal,342,1771513161208,3.00359,5.45205,8.40479,2.388,32.3715,22.00316
Daniyal,343,1771513161222,3.22882,5.21755,8.24686,0.98419,32.98185,20.53831
Daniyal,344,1771513161238,3.22882,5.21755,8.24686,0.37384,34.69083,18.9514
Daniyal,345,1771513161257,3.31735,5.00937,8.32583,-0.48065,40.91641,15.04515
Daniyal,346,1771513161276,3.27428,4.97348,8.69671,-0.96893,43.60196,11.93999
Daniyal,347,1771513161293,3.21685,4.93011,8.66561,-1.39618,44.0292,6.01959
Daniyal,348,1771513161309,3.19771,4.66929,8.16999,-0.54169,40.79434,1.50299
Daniyal,349,1771513161325,3.01316,4.5353,8.35933,0.98419,36.70499,-3.07464
Daniyal,350,1771513161341,3.01316,4.5353,8.35933,2.51007,33.95841,-6.37054
Daniyal,351,1771513161359,2.66142,4.48026,8.4694,3.4256,30.23527,-7.95745
Daniyal,352,1771513161374,2.28066,4.58555,8.17747,3.36456,28.46525,-8.87298
Daniyal,353,1771513161393,2.14905,4.39861,7.94985,3.36456,25.5966,-9.97161
Daniyal,354,1771513161411,2.06022,4.52572,8.15085,2.93731,21.99553,-10.09368
Daniyal,355,1771513161426,1.96451,4.66212,7.97139,1.3504,19.8593,-10.33782
Daniyal,356,1771513161442,1.88315,4.76501,8.32583,-0.72479,15.59447,-9.72747
Daniyal,357,1771513161466,1.8999,4.82722,8.41436,-1.76239,13.031,-9.48333
Daniyal,358,1771513161476,1.8999,4.82722,8.41436,-1.64032,11.26098,-9.6054
Daniyal,359,1771513161489,2.11077,4.85593,8.35933,-1.21307,9.7351,-10.33782
Daniyal,360,1771513161510,2.44098,4.70758,8.2014,-0.54169,8.45336,-12.9013
Daniyal,361,1771513161526,2.2663,4.75304,8.25404,-1.02997,6.98852,-14.67131
Daniyal,362,1771513161541,2.2663,4.75304,8.25404,-1.33514,6.13403,-16.25823
Daniyal,363,1771513161557,1.95972,4.72433,8.30908,-0.41962,5.27954,-16.5634
Daniyal,364,1771513161575,1.73719,4.61187,8.32822,1.22833,4.79126,-15.46477
Daniyal,365,1771513161592,1.52632,4.60708,8.54118,2.81524,3.50952,-13.0844
Daniyal,366,1771513161609,1.28704,4.58315,8.42872,3.48663,2.53296,-9.23919
Daniyal,367,1771513161627,1.03549,4.80569,8.22293,2.5711,1.31225,-5.57708
Daniyal,368,1771513161643,1.03549,4.80569,8.22293,1.96075,0.39673,-2.58636
Daniyal,369,1771513161659,1.19611,4.97827,8.19661,1.1673,-0.09155,-1.30463
Daniyal,370,1771513161675,1.59123,5.10987,8.21815,1.28937,-0.64087,-1.67084
Daniyal,371,1771513161693,1.68215,5.28216,8.22772,1.3504,0.21362,-3.56292
Daniyal,372,1771513161709,1.79701,5.57438,8.44547,1.96075,0.03052,-6.06536
Daniyal,373,1771513161725,1.85204,5.5672,8.34975,2.388,-1.49536,-8.68987
Daniyal,374,1771513161745,2.03629,5.24626,8.02164,2.5711,-1.80054,-10.8261
Daniyal,375,1771513161758,2.03629,5.24626,8.02164,2.63214,-2.59399,-13.0844
Daniyal,376,1771513161772,1.85204,5.15773,8.01446,2.51007,-3.32641,-13.93889
Daniyal,377,1771513161794,1.50479,5.27019,8.12692,2.14386,-3.87573,-13.99993
Daniyal,378,1771513161810,1.43539,5.31566,8.15324,2.388,-3.81469,-12.77923
Daniyal,379,1771513161824,1.69173,5.16012,8.17986,4.09698,-3.44848,-11.80266
Daniyal,380,1771513161838,1.69173,5.16012,8.17986,4.03595,-3.81469,-11.07024
Daniyal,381,1771513161859,1.75633,5.09552,8.17239,4.34112,-4.79126,-10.21575
Daniyal,382,1771513161877,1.6343,5.07877,8.39522,2.81524,-5.0354,-8.20159
Daniyal,383,1771513161892,1.49522,5.17209,8.15564,0.98419,-4.54712,-6.06536
Daniyal,384,1771513161922,1.71565,5.05484,7.94985,-1.27411,-3.32641,-4.53949
Daniyal,385,1771513161928,2.03151,4.90379,8.02164,-2.49481,-2.71606,-4.53949
Daniyal,386,1771513161937,2.03151,4.90379,8.02164,-3.59344,-3.14331,-4.35638
Daniyal,387,1771513161953,1.91187,4.84158,8.31147,-3.71551,-3.20434,-3.8681
Daniyal,388,1771513161978,1.68933,5.05723,8.66082,-2.49481,-3.02124,-2.28119
Daniyal,389,1771513161994,1.54546,5.0357,8.49093,-3.22723,-1.61743,-0.93841
Daniyal,390,1771513162010,1.62712,4.9687,8.25165,-4.31823,-1.00708,0.6485
Daniyal,391,1771513162027,1.67019,4.96391,8.02882,-6.33239,0.33569,2.35748
Daniyal,392,1771513162043,1.67019,4.96391,8.02882,-6.57653,-0.15259,3.70025
Daniyal,393,1771513162059,1.74676,5.12184,8.29472,-6.14929,0.94604,4.06646
Daniyal,394,1771513162074,1.93101,5.25584,8.12692,-5.17273,1.00708,3.63922
Daniyal,395,1771513162093,1.97647,5.12184,8.20858,-3.59344,1.31225,2.11334
Daniyal,396,1771513162110,1.67498,4.98066,8.19422,-3.53241,0.45776,2.17438
Daniyal,397,1771513162128,1.58166,5.1003,8.13649,-3.83758,0.21362,3.15094
Daniyal,398,1771513162142,1.58166,5.1003,8.13649,-3.65448,0.21362,4.3106
Daniyal,399,1771513162159,1.69412,5.19841,8.08385,-2.79999,0.64087,4.55474
Daniyal,400,1771513162176,1.91904,5.07877,8.2014,-1.94549,0.27466,4.18853
Daniyal,401,1771513162194,2.08923,5.0333,8.3354,-0.29755,0.57983,2.66266
Daniyal,402,1771513162210,2.01236,5.08355,8.45743,0.67902,0.27466,1.74713
Daniyal,403,1771513162226,2.01236,5.08355,8.45743,1.83868,-1.43433,1.8692
Daniyal,404,1771513162242,1.74915,5.22951,8.63211,1.59454,0.45776,2.05231
Daniyal,405,1771513162260,1.81376,5.2343,8.26361,2.44903,1.12915,1.93024
Daniyal,406,1771513162276,1.88794,5.11944,8.34258,2.5711,2.71606,0.58746
Daniyal,407,1771513162294,1.79462,5.12423,8.37847,3.48663,3.02124,-0.45013
Daniyal,408,1771513162311,1.71805,5.17687,8.41915,3.66974,3.02124,-0.75531
Daniyal,409,1771513162328,1.71805,5.17687,8.41915,2.93731,3.38745,-0.75531
Daniyal,410,1771513162350,1.88315,4.8009,8.11017,2.32696,2.28882,-1.6098
Daniyal,411,1771513162362,1.88315,4.8009,8.11017,1.53351,1.86157,-1.67084
Daniyal,412,1771513162374,1.61516,4.77219,8.08624,0.67902,2.04468,-1.18256
Daniyal,413,1771513162394,1.31336,4.9687,8.3689,-0.72479,0.64087,0.16022
Daniyal,414,1771513162411,1.58405,5.11944,8.32343,-2.1286,1.5564,-0.20599
Daniyal,415,1771513162427,1.58405,5.11944,8.32343,-2.25067,1.5564,-1.18256
Daniyal,416,1771513162442,1.91426,5.05484,8.28276,-1.88446,2.71606,-2.70843
Daniyal,417,1771513162459,1.91904,4.87029,8.35454,-2.55585,1.67847,-3.92914
Daniyal,418,1771513162477,1.58405,4.98066,8.54118,-1.51825,1.5564,-4.29535
Daniyal,419,1771513162495,1.48086,5.12423,8.48854,-2.1286,1.25122,-2.89154
Daniyal,420,1771513162511,1.61276,4.9998,8.31865,-1.64032,1.61743,-2.40326
Daniyal,421,1771513162527,1.61276,4.9998,8.31865,-1.88446,1.92261,-2.34222
Daniyal,422,1771513162543,1.72283,4.89183,8.22293,-2.61688,2.47192,-2.46429
Daniyal,423,1771513162561,1.61516,4.88704,8.30908,-2.1286,1.43433,-1.91498
Daniyal,424,1771513162576,1.49282,5.02612,8.44547,-2.25067,1.7395,-0.87738
Daniyal,425,1771513162594,1.64387,5.01895,8.27797,-1.64032,1.80054,-0.26703
Daniyal,426,1771513162611,1.64387,5.01895,8.27797,-0.84686,1.31225,0.16022
Daniyal,427,1771513162626,1.6343,4.92054,8.28993,-0.66376,1.5564,-0.26703
Daniyal,428,1771513162644,1.47368,4.9663,8.29233,0.19073,0.76294,0.40436
Daniyal,429,1771513162661,1.42104,5.12902,8.3019,-0.60272,1.25122,0.77057
Daniyal,430,1771513162677,1.63669,5.04048,8.02403,-1.33514,0.03052,1.01471
Daniyal,431,1771513162693,1.73001,4.94238,8.07907,-1.64032,0.03052,0.77057
Daniyal,432,1771513162712,1.73001,4.94238,8.07907,-1.94549,-0.15259,0.22125
Daniyal,433,1771513162728,1.69173,4.98784,8.18226,-0.60272,-1.61743,-0.14496
Daniyal,434,1771513162743,1.56251,5.15294,8.56511,-0.41962,-1.98364,-0.51117
Daniyal,435,1771513162762,1.70608,5.15294,8.28754,-1.02997,-2.47192,-0.81634
Daniyal,436,1771513162782,1.89512,4.98066,8.1006,-1.82342,-2.65503,-2.03705
Daniyal,437,1771513162790,1.88794,4.83201,8.036,-2.3117,-3.14331,-2.6474
Daniyal,438,1771513162810,1.88794,4.83201,8.036,-1.76239,-4.24194,-3.07464
Daniyal,439,1771513162827,1.75155,4.91097,8.4359,-1.64032,-5.76782,-1.85394
Daniyal,440,1771513162844,1.8018,5.01416,8.39522,-1.091,-6.68334,-1.4267
Daniyal,441,1771513162861,2.05783,4.92054,8.27797,-0.48065,-7.35473,-1.4267
Daniyal,442,1771513162879,2.09163,4.68844,8.0671,-1.45721,-7.2937,-2.03705
Daniyal,443,1771513162890,1.8018,4.72672,8.30908,-2.18963,-7.72094,-2.03705
Daniyal,444,1771513162910,1.8018,4.72672,8.30908,-3.22723,-9.42992,-1.06049
Daniyal,445,1771513162928,1.62712,4.94477,8.49572,-3.28827,-8.88061,-0.5722
Daniyal,446,1771513162945,1.96929,4.94716,8.38804,-2.25067,-7.90405,-1.48773
Daniyal,447,1771513162962,2.18255,4.70997,8.28515,-2.00653,-7.35473,-2.40326
Daniyal,448,1771513162978,2.11795,4.59272,8.27318,-2.98309,-6.86645,-3.44085
Daniyal,449,1771513162995,1.92862,4.72433,8.41436,-4.86755,-7.78198,-2.46429
Daniyal,450,1771513163011,1.92862,4.72433,8.41436,-5.78308,-7.84301,-1.4267
Daniyal,451,1771513163028,2.08684,4.7674,8.42872,-5.78308,-8.39233,-0.63324
Daniyal,452,1771513163044,2.26869,4.64297,8.42154,-5.66101,-8.08715,-0.99945
Daniyal,453,1771513163060,2.26391,4.50658,8.50529,-5.35583,-8.6975,-0.75531
Daniyal,454,1771513163078,2.09163,4.62862,8.60818,-6.45446,-8.45336,0.28229
Daniyal,455,1771513163095,2.08445,4.74108,8.40958,-6.75964,-8.57543,1.62506
Daniyal,456,1771513163111,2.08445,4.74108,8.40958,-6.21032,-7.90405,2.11334
Daniyal,457,1771513163127,2.27827,4.64776,8.24926,-5.78308,-8.6975,2.47955
Daniyal,458,1771513163146,2.27827,4.49223,8.32343,-4.56237,-10.16235,2.72369
Daniyal,459,1771513163160,2.2663,4.61904,8.5029,-4.56237,-11.32201,3.76129
Daniyal,460,1771513163180,2.33809,4.75783,8.35215,-4.56237,-11.68822,4.61578
Daniyal,461,1771513163193,2.6327,4.63579,8.12932,-5.11169,-11.62719,4.55474
Daniyal,462,1771513163211,2.6327,4.63579,8.12932,-5.72204,-11.81029,3.88336
Daniyal,463,1771513163226,2.74277,4.4683,8.11735,-5.4779,-13.39721,3.94439
Daniyal,464,1771513163246,2.67817,4.5999,8.5364,-4.74548,-13.88549,4.06646
Daniyal,465,1771513163262,2.69492,4.7674,8.54357,-3.47137,-14.12963,4.61578
Daniyal,466,1771513163277,2.8337,4.6334,8.4359,-2.18963,-13.27514,4.43267
Daniyal,467,1771513163297,2.86002,4.34836,8.33779,-3.10516,-13.031,3.63922
Daniyal,468,1771513163311,2.86002,4.34836,8.33779,-3.3493,-13.70238,3.39508
Daniyal,469,1771513163328,2.72842,4.36989,8.65364,-4.50134,-12.11547,3.33404
Daniyal,470,1771513163344,2.55823,4.39143,8.40718,-3.65448,-9.42992,3.02887
Daniyal,471,1771513163357,2.24955,4.24068,8.66321,-1.76239,-4.79126,1.8692
Daniyal,472,1771513163372,2.24955,4.24068,8.66321,-0.84686,-0.82397,0.95367
Daniyal,473,1771513163392,1.75155,4.1665,8.87169,-0.11444,6.74438,0.16022
Daniyal,474,1771513163409,1.28465,4.45394,9.06072,0.86212,12.48168,1.80817
Daniyal,475,1771513163428,1.33729,4.81047,8.52443,0.37384,20.34758,5.22613
Daniyal,476,1771513163445,1.88554,4.86072,8.30668,3.30353,24.98625,7.30133
Daniyal,477,1771513163462,2.03629,4.95195,8.58904,4.58526,27.06144,7.54547
Daniyal,478,1771513163478,1.75633,5.59831,9.00569,7.33184,28.77043,7.17925
Daniyal,479,1771513163495,1.75633,5.59831,9.00569,10.13946,31.08976,5.77545
Daniyal,480,1771513163512,1.53589,6.31406,9.25484,14.28985,29.93009,3.21197
Daniyal,481,1771513163529,1.53589,6.30688,9.50609,19.78301,32.61564,-0.32806
Daniyal,482,1771513163546,1.97647,5.72273,9.3697,20.33232,28.34318,-4.84466
Daniyal,483,1771513163562,1.96929,5.41376,8.601,17.82988,26.02385,-6.98089
Daniyal,484,1771513163588,1.8018,5.21276,7.88764,9.1629,17.17375,-7.46917
Daniyal,485,1771513163595,1.62712,4.9998,7.5691,5.74493,14.86205,-8.44573
Daniyal,486,1771513163607,1.62712,4.9998,7.5691,1.65558,11.9934,-9.84954
Daniyal,487,1771513163628,1.45693,4.86072,7.52603,-4.68444,5.40161,-12.22991
Daniyal,488,1771513163645,1.29661,4.73869,7.88764,-7.91931,2.47192,-13.87786
Daniyal,489,1771513163663,1.04297,4.70279,7.95703,-10.11657,-1.00708,-13.45061
Daniyal,490,1771513163680,1.1004,4.42762,8.05753,-9.81139,-0.82397,-13.14544
Daniyal,491,1771513163697,1.1004,4.42762,8.05753,-9.26208,-0.88501,-11.8637
Daniyal,492,1771513163710,1.2009,4.19761,8.22533,-8.89587,-1.61743,-8.68987
Daniyal,493,1771513163730,1.11715,4.28614,8.43111,-9.14001,-1.80054,-5.33294
Daniyal,494,1771513163744,0.95414,4.64537,8.31386,-9.07897,-1.06811,-1.4267
Daniyal,495,1771513163763,0.91107,4.80569,8.35693,-6.75964,1.19018,1.8692
Daniyal,496,1771513163779,1.1339,4.78654,8.49811,-5.2948,1.98364,2.84576
Daniyal,497,1771513163795,1.1339,4.78654,8.49811,-4.19616,2.65503,2.72369
Daniyal,498,1771513163813,1.30618,4.76979,8.55075,-5.05066,2.9602,2.47955
Daniyal,499,1771513163829,1.3995,4.72912,8.26122,-6.27136,3.26538,1.8692
Daniyal,500,1771513163845,1.65105,4.6334,8.08385,-7.67517,3.08227,1.31988
Daniyal,501,1771513163863,1.66062,4.57837,8.01685,-8.16345,3.26538,0.8316
Daniyal,502,1771513163878,1.47368,4.6669,8.47418,-6.5155,0.57983,1.74713
Daniyal,503,1771513163896,1.47368,4.6669,8.47418,-4.4403,0.39673,2.96783
Daniyal,504,1771513163911,1.42343,4.83918,8.52922,-2.00653,-1.12915,5.04303
Daniyal,505,1771513163931,1.48564,4.72912,8.72094,1.3504,-1.00708,6.44683
Daniyal,506,1771513163945,1.52393,4.53051,8.88844,2.02179,-1.92261,7.4234
Daniyal,507,1771513163964,1.57208,4.56162,9.12772,3.12042,-1.67847,7.97271
Daniyal,508,1771513163987,1.67498,4.70519,8.93151,5.07354,-0.82397,8.52203
Daniyal,509,1771513163993,1.67498,4.70519,8.93151,7.14874,-0.15259,8.58306
Daniyal,510,1771513164008,1.88794,4.48744,8.62732,8.3084,-1.25122,8.76617
Daniyal,511,1771513164029,1.95015,4.19761,8.2684,6.35528,-3.44848,9.68169
Daniyal,512,1771513164045,1.93579,4.1689,8.32343,3.79181,-6.19506,10.78033
Daniyal,513,1771513164062,1.9334,4.4683,8.5675,1.22833,-7.17163,10.9024
Daniyal,514,1771513164078,1.9334,4.4683,8.5675,1.1673,-7.72094,10.29205
Daniyal,515,1771513164095,1.95972,4.59272,8.77598,1.41144,-6.74438,7.54547
Daniyal,516,1771513164112,2.04826,4.55444,8.70658,1.89972,-6.74438,5.77545
Daniyal,517,1771513164129,1.98844,4.5353,8.66561,1.3504,-6.19506,4.79889
Daniyal,518,1771513164145,1.96451,4.64776,8.534,1.04523,-5.58471,4.43267
Daniyal,519,1771513164161,2.05543,4.65972,8.49572,1.22833,-3.93676,4.1275
Daniyal,520,1771513164179,2.05543,4.65972,8.49572,1.47247,-2.53296,4.06646
Daniyal,521,1771513164196,2.00997,4.62862,8.51007,2.51007,-0.5188,3.45611
Daniyal,522,1771513164213,1.90469,4.62862,8.78555,3.05939,0.94604,3.0899
Daniyal,523,1771513164231,1.84247,4.66929,8.64886,3.36456,3.63159,2.35748
Daniyal,524,1771513164246,1.84008,4.63579,8.79512,3.36456,5.52368,1.56402
Daniyal,525,1771513164263,1.78505,4.63819,8.72094,2.14386,8.02612,0.52643
Daniyal,526,1771513164279,1.78505,4.63819,8.72094,1.59454,9.7351,-0.51117
Daniyal,527,1771513164294,1.61994,4.58555,8.8334,0.55695,11.62719,-0.99945
Daniyal,528,1771513164314,1.48564,4.52333,8.5005,-1.02997,11.87133,-0.81634
Daniyal,529,1771513164330,1.34925,4.40578,8.38086,-2.37274,11.50512,-0.5722
Daniyal,530,1771513164346,1.42582,4.47548,8.36411,-3.65448,11.50512,-0.75531
Daniyal,531,1771513164365,1.51196,4.58076,8.55075,-3.95202,10.58959,-0.93841
Daniyal,532,1771513164381,1.60798,4.72433,8.668,-3.1662,10.28442,-0.93841
Daniyal,533,1771513164392,1.60798,4.72433,8.668,-2.67792,10.58959,-0.81634
Daniyal,534,1771513164411,1.68215,4.71715,8.5029,-1.091,9.24682,-0.81634
Daniyal,535,1771513164430,1.73958,4.71954,8.44786,-0.60272,7.96508,-1.36566
Daniyal,536,1771513164447,1.65823,4.82243,8.51486,-0.54169,6.98852,-2.09808
Daniyal,537,1771513164463,1.49043,4.85115,8.64168,0.19073,6.62231,-2.52533
Daniyal,538,1771513164480,1.49043,4.85115,8.64168,0.1297,6.62231,-3.13568
Daniyal,539,1771513164492,1.51436,4.75065,8.45982,0.74005,6.13403,-3.80707
Daniyal,540,1771513164515,1.48325,4.57597,8.467,0.3128,5.46264,-3.74603
Daniyal,541,1771513164531,1.38515,4.47069,8.51486,-0.35858,5.58471,-3.50189
Daniyal,542,1771513164546,1.27508,4.56401,8.71616,-0.23651,5.09643,-2.89154
Daniyal,543,1771513164564,1.37797,4.5353,8.51007,0.92316,5.95092,-2.34222
Daniyal,544,1771513164580,1.37797,4.5353,8.51007,2.32696,7.72094,-2.58636
Daniyal,545,1771513164594,1.25593,4.43719,8.60579,3.4256,8.5144,-2.46429
Daniyal,546,1771513164615,1.13868,4.54965,8.65843,4.21905,8.20922,-1.30463
Daniyal,547,1771513164631,0.98285,4.66929,8.66321,4.95147,6.56127,0.70953
Daniyal,548,1771513164645,0.93978,4.78894,8.62971,4.89044,5.95092,2.35748
Daniyal,549,1771513164663,0.93978,4.78894,8.62971,4.15802,6.62231,2.47955
Daniyal,550,1771513164681,1.32532,4.69562,8.39761,2.75421,5.82885,1.25885
Daniyal,551,1771513164697,1.52393,4.66212,8.44307,1.83868,5.40161,-0.3891
Daniyal,552,1771513164713,1.35882,4.73629,8.57229,1.41144,4.66919,0.16022
Daniyal,553,1771513164730,1.04297,4.82722,8.28276,-0.35858,5.34057,0.46539
Daniyal,554,1771513164746,1.07169,4.70758,8.21097,-0.29755,6.01196,1.44195
Daniyal,555,1771513164768,1.28704,4.60708,8.4694,0.55695,6.07299,1.07574
Daniyal,556,1771513164779,1.28704,4.60708,8.4694,0.67902,3.75366,0.89264
Daniyal,557,1771513164795,1.27508,4.7004,8.63689,1.41144,3.20434,1.62506
Daniyal,558,1771513164815,1.02592,4.8344,8.42154,1.59454,2.83813,3.02887
Daniyal,559,1771513164830,1.06451,4.82483,8.27318,2.44903,1.98364,3.02887
Daniyal,560,1771513164847,1.32293,4.88943,8.34018,2.75421,1.80054,1.74713
Daniyal,561,1771513164865,1.32293,4.88943,8.34018,1.65558,-0.5188,0.95367
Daniyal,562,1771513164880,1.40668,4.98305,8.49093,3.91388,-2.22778,-1.73187
Daniyal,563,1771513164896,1.53829,4.99741,8.83819,2.44903,-3.75366,-2.15912
Daniyal,564,1771513164915,1.28225,4.87986,8.37368,2.02179,-2.83813,-3.56292
Daniyal,565,1771513164932,1.42822,4.64297,8.4335,0.1297,-2.22778,-4.96673
Daniyal,566,1771513164948,1.26072,4.66451,8.61296,-1.57928,-1.92261,-4.72259
Daniyal,567,1771513164964,1.26072,4.66451,8.61296,-2.73895,-1.7395,-3.19671
Daniyal,568,1771513164980,1.16501,4.67647,8.79033,-3.71551,-0.64087,-0.51117
Daniyal,569,1771513164996,1.25354,4.53051,8.61536,-4.31823,1.67847,-0.26703
Daniyal,570,1771513165013,1.52871,4.38425,8.43829,-5.53894,3.26538,-0.69427
Daniyal,571,1771513165033,1.6008,4.48265,8.51486,-7.24792,4.91333,-1.6098
Daniyal,572,1771513165047,1.47847,4.77697,8.75923,-7.85827,3.87573,-1.18256
Daniyal,573,1771513165065,1.47847,4.77697,8.75923,-8.65173,2.83813,0.22125
Daniyal,574,1771513165081,1.37318,4.93011,8.65604,-9.20104,1.19018,2.60162
Daniyal,575,1771513165097,1.32293,4.69801,8.56989,-10.84899,-1.49536,4.79889
Daniyal,576,1771513165114,1.52871,4.45873,8.57947,-13.35143,-1.98364,4.43267
Daniyal,577,1771513165132,1.50718,4.44437,8.57229,-16.9525,0.03052,3.63922
Daniyal,578,1771513165160,1.11954,4.75065,8.64646,-21.16393,1.92261,4.37164
Daniyal,579,1771513165168,1.0331,4.99262,8.76162,-22.14049,3.14331,4.1275
Daniyal,580,1771513165177,1.0331,4.99262,8.76162,-23.97154,4.18091,3.70025
Daniyal,581,1771513165193,1.12911,5.13619,8.71855,-26.53502,6.2561,2.78473
Daniyal,582,1771513165215,1.17458,5.27737,9.13969,-29.40366,10.46752,1.01471
Daniyal,583,1771513165233,0.97807,5.4353,9.55394,-30.80747,10.04028,0.77057
Daniyal,584,1771513165248,0.94696,4.92293,9.24288,-31.29575,11.38305,0.28229
Daniyal,585,1771513165264,0.94696,4.92293,9.24288,-29.2816,13.2141,-0.69427
Daniyal,586,1771513165280,1.366,4.08515,8.88126,-26.71812,17.11272,-2.28119
Daniyal,587,1771513165297,1.63669,3.51057,8.66082,-22.6898,20.0424,0.09918
Daniyal,588,1771513165315,1.68215,3.04128,8.5675,-18.60045,21.20207,3.88336
Daniyal,589,1771513165332,1.73001,2.94796,7.95464,-16.89147,23.21623,7.48443
Daniyal,590,1771513165347,0.92064,3.48664,8.14607,-16.58629,20.71379,14.92308
Daniyal,591,1771513165363,0.92064,3.48664,8.14607,-14.75524,20.71379,20.78246
Daniyal,592,1771513165380,0.30299,3.7666,8.69671,-10.54381,22.72795,26.64182
Daniyal,593,1771513165397,0.09242,3.89342,8.80469,-1.70135,26.08488,30.54807
Daniyal,594,1771513165416,0.62871,4.06122,8.73051,4.46319,29.13664,30.48704
Daniyal,595,1771513165432,0.78664,3.8671,9.13729,9.28497,28.70939,29.32737
Daniyal,596,1771513165448,0.78425,3.70439,9.32902,11.6043,27.79386,26.7639
Daniyal,597,1771513165466,0.78425,3.70439,9.32902,11.11602,26.20695,27.00804
Daniyal,598,1771513165481,0.17856,3.85753,9.20668,7.82012,24.19279,29.02219
Daniyal,599,1771513165494,-0.0658,3.84796,9.3338,7.57598,25.16935,30.91428
Daniyal,600,1771513165518,0.25274,3.83599,9.46541,6.05011,25.23039,30.48704
Daniyal,601,1771513165531,0.51356,4.00379,9.09183,5.92804,25.23039,28.77806
Daniyal,602,1771513165548,0.51356,4.00379,9.09183,6.17218,25.47453,22.97972
Daniyal,603,1771513165564,0.47767,4.38425,9.21895,7.33184,24.92521,15.77758
Daniyal,604,1771513165581,0.01585,4.9014,9.31705,9.77325,26.26799,9.92583
Daniyal,605,1771513165598,0.11874,5.03091,9.35773,12.39776,27.8549,3.39508
Daniyal,606,1771513165616,0.46331,4.81047,9.17797,14.10674,28.77043,-5.39398
Daniyal,607,1771513165632,0.66221,4.46112,8.99612,14.41192,28.34318,-11.00921
Daniyal,608,1771513165649,0.66221,4.46112,8.99612,13.92363,26.6342,-14.36614
Daniyal,609,1771513165665,0.67896,3.95354,8.64886,10.99395,22.91105,-15.89202
Daniyal,610,1771513165682,0.69811,3.23988,8.18704,7.0877,18.21135,-14.36614
Daniyal,611,1771513165698,0.32213,2.80887,8.17747,1.83868,14.12963,-11.43645
Daniyal,612,1771513165716,-0.45105,2.96231,8.74487,-5.23376,7.72094,-3.01361
Daniyal,613,1771513165732,-0.80309,3.34995,8.96022,-7.85827,6.4392,3.57818
Daniyal,614,1771513165750,-0.80309,3.34995,8.96022,-9.20104,5.82885,8.8272
Daniyal,615,1771513165763,-0.85573,3.65414,9.06072,-8.83483,6.50024,10.84136
Daniyal,616,1771513165779,-0.89641,3.80967,9.35055,-8.10241,8.20922,10.10894
Daniyal,617,1771513165798,-0.98255,3.87189,9.36012,-3.83758,11.81029,9.49859
Daniyal,618,1771513165815,-0.5997,3.85035,9.17558,-1.94549,14.37377,8.21685
Daniyal,619,1771513165833,-0.30748,3.80728,8.75444,-1.94549,15.16723,7.4234
Daniyal,620,1771513165850,-0.30748,3.80728,8.75444,-2.37274,14.80101,6.75201
Daniyal,621,1771513165866,-0.24287,3.90808,8.77837,-2.25067,15.16723,5.47027
Daniyal,622,1771513165882,-0.49173,4.01815,9.05354,-0.11444,12.1765,6.08062
Daniyal,623,1771513165900,-0.47019,3.97508,9.02722,0.25177,12.1765,6.14166
Daniyal,624,1771513165924,-0.50608,3.83839,8.69193,0.00763,11.81029,6.26373
Daniyal,625,1771513165930,-0.71695,3.70917,8.62493,-1.091,11.93236,5.89752
Daniyal,626,1771513165944,-0.71695,3.70917,8.62493,-2.06756,12.48168,5.47027
Daniyal,627,1771513165965,-1.09292,3.83121,8.7688,-2.43377,13.58031,5.40924
Daniyal,628,1771513165982,-1.08096,3.94158,8.75444,-2.55585,14.12963,5.53131
Daniyal,629,1771513166000,-0.91316,3.83121,8.61775,-2.98309,13.15307,6.32476
Daniyal,630,1771513166015,-1.02562,3.90808,8.75444,-3.77655,11.87133,7.54547
Daniyal,631,1771513166033,-1.02562,3.90808,8.75444,-3.95202,10.7727,8.27789
Daniyal,632,1771513166048,-1.08335,4.15932,8.96022,-4.37927,8.08715,8.8272
Daniyal,633,1771513166068,-1.02562,4.34357,8.96022,-4.4403,8.08715,6.3858
Daniyal,634,1771513166081,-0.60688,4.42283,8.6345,-5.17273,7.35473,4.43267
Daniyal,635,1771513166097,-0.26919,4.4324,8.66561,-3.89099,6.80541,-2.09808
Daniyal,636,1771513166115,-0.33141,4.37229,8.89801,-1.82342,5.34057,-6.49261
Daniyal,637,1771513166132,-0.33141,4.37229,8.89801,0.98419,4.60815,-9.30022
Daniyal,638,1771513166149,-0.55902,4.23111,8.85972,3.30353,3.14331,-9.91058
Daniyal,639,1771513166167,-0.57817,3.87189,8.52443,4.09698,1.61743,-8.26263
Daniyal,640,1771513166183,-0.60449,3.43639,8.37847,3.05939,-0.15259,-5.94329
Daniyal,641,1771513166200,-0.86291,3.21117,8.47418,1.10626,-1.37329,-2.8305
Daniyal,642,1771513166215,-1.26521,3.32363,8.8023,-0.35858,-2.53296,0.34332
Daniyal,643,1771513166233,-1.26521,3.32363,8.8023,-1.15204,-2.22778,3.39508
Daniyal,644,1771513166249,-1.24367,3.69242,8.9363,-0.78583,-1.61743,6.20269
Daniyal,645,1771513166275,-1.03998,4.00858,9.12054,0.86212,-0.21362,5.77545
Daniyal,646,1771513166284,-0.76481,4.12343,9.3027,3.97491,1.49536,3.02887
Daniyal,647,1771513166295,-0.57817,4.3005,9.19711,5.13458,2.28882,1.56402
Daniyal,648,1771513166315,-0.31466,4.2335,8.80469,6.78253,3.14331,-1.73187
Daniyal,649,1771513166333,-0.31466,4.2335,8.80469,7.33184,2.71606,-3.74603
Daniyal,650,1771513166351,-0.22612,3.91765,8.68714,7.39288,0.39673,-4.60052
Daniyal,651,1771513166366,-0.3673,3.69721,8.67039,6.05011,-1.00708,-3.74603
Daniyal,652,1771513166383,-0.79113,3.69721,8.7999,5.19561,-3.75366,-1.24359
Daniyal,653,1771513166401,-0.76481,3.69482,8.94826,3.91388,-5.09643,1.80817
Daniyal,654,1771513166417,-0.64756,3.63978,8.75683,2.75421,-6.01196,4.18853
Daniyal,655,1771513166433,-0.64756,3.63978,8.75683,1.65558,-5.46264,5.59234
Daniyal,656,1771513166449,-0.59252,3.501,8.52443,-0.05341,-4.18091,6.99615
Daniyal,657,1771513166468,-0.85813,3.80967,8.60339,-0.60272,-2.34985,9.31548
Daniyal,658,1771513166482,-0.93948,4.23829,9.05354,0.55695,-1.43433,11.20757
Daniyal,659,1771513166498,-0.70499,4.401,9.22373,1.65558,0.15259,11.87896
Daniyal,660,1771513166517,-0.70738,4.51137,9.2333,1.89972,1.49536,11.81792
Daniyal,661,1771513166533,-0.70738,4.51137,9.2333,2.388,3.69262,10.41412
Daniyal,662,1771513166550,-0.76241,4.69322,9.19951,3.97491,5.34057,8.58306
Daniyal,663,1771513166566,-0.50847,4.74108,9.05594,5.74493,9.00268,4.55474
Daniyal,664,1771513166583,-0.18066,4.64537,8.67996,6.23321,10.65063,0.6485
Daniyal,665,1771513166602,-0.31466,4.49462,8.73769,6.72149,11.62719,-3.56292
Daniyal,666,1771513166625,-0.74566,4.55683,8.80948,7.51495,11.87133,-5.02777
Daniyal,667,1771513166635,-0.74566,4.55683,8.80948,8.00323,11.87133,-5.02777
Daniyal,668,1771513166648,-0.98016,4.63579,8.72094,8.85772,11.68822,-4.78363
Daniyal,669,1771513166665,-0.82223,4.30289,8.62493,9.71221,11.13891,-4.96673
Daniyal,670,1771513166683,-0.59252,3.71396,8.39043,7.51495,9.61303,-5.45501
Daniyal,671,1771513166700,-0.85813,3.43639,8.26361,4.03595,8.75854,-4.9057
Daniyal,672,1771513166717,-1.31545,3.49861,8.61536,-1.39618,5.64575,-1.24359
Daniyal,673,1771513166733,-1.31545,3.49861,8.61536,-4.68444,5.34057,1.01471
Daniyal,674,1771513166753,-1.19821,3.49861,8.52204,-8.10241,4.48608,3.51715
Daniyal,675,1771513166766,-1.28195,3.6661,8.60818,-8.65173,4.73022,4.37164
Daniyal,676,1771513166781,-1.42313,4.11625,8.68714,-7.85827,6.68334,4.98199
Daniyal,677,1771513166801,-1.35135,4.55205,8.83101,-4.80652,7.90405,4.49371
Daniyal,678,1771513166817,-1.35135,4.55205,8.83101,0.37384,8.94164,3.21197
Daniyal,679,1771513166834,-1.05942,4.74347,8.82383,3.24249,9.12475,1.68609
Daniyal,680,1771513166851,-0.76481,4.66212,8.71616,3.85284,8.02612,0.95367
Daniyal,681,1771513166866,-0.74566,4.56401,8.46461,1.59454,7.04956,0.70953
Daniyal,682,1771513166882,-0.97537,4.4994,8.48615,-0.54169,5.46264,0.8316
Daniyal,683,1771513166900,-1.03759,4.41057,8.63211,-1.94549,5.2185,0.28229
Daniyal,684,1771513166917,-1.03759,4.41057,8.63211,-2.25067,3.57055,0.34332
Daniyal,685,1771513166935,-1.38006,4.33161,8.79273,-0.35858,5.40161,-0.3891
Daniyal,686,1771513166950,-1.4662,4.15454,8.67996,-0.41962,5.82885,0.46539
Daniyal,687,1771513166968,-1.72014,4.2335,8.66561,-0.72479,5.52368,2.23541
Daniyal,688,1771513166991,-1.62921,4.25025,8.73051,-1.091,6.01196,4.1275
Daniyal,689,1771513166998,-1.49492,4.24068,8.7018,-0.23651,5.95092,4.55474
Daniyal,690,1771513167013,-1.49492,4.24068,8.7018,0.92316,6.07299,3.76129
Daniyal,691,1771513167034,-1.40638,4.27657,8.668,2.87628,7.65991,0.77057
Daniyal,692,1771513167052,-1.46381,4.32682,8.68954,5.01251,7.84301,-0.87738
Daniyal,693,1771513167067,-1.31545,4.25982,8.61296,5.43975,9.00268,-2.95257
Daniyal,694,1771513167083,-1.15035,4.17847,8.28754,4.58526,6.86645,-4.05121
Daniyal,695,1771513167101,-1.09531,3.97508,8.3689,4.15802,4.85229,-4.41742
Daniyal,696,1771513167117,-1.09531,3.97508,8.3689,2.69317,1.61743,-3.99017
Daniyal,697,1771513167135,-0.97537,3.79292,8.44068,-1.091,-2.34985,-1.97601
Daniyal,698,1771513167150,-0.89402,3.74507,8.42393,-3.89099,-4.91333,-0.45013
Daniyal,699,1771513167168,-0.98255,3.91286,8.5029,-5.23376,-6.37817,0.28229
Daniyal,700,1771513167184,-1.24367,4.19043,8.95304,-4.56237,-6.37817,-0.32806
Daniyal,701,1771513167201,-1.37527,4.40578,9.1684,-1.82342,-4.66919,-1.85394
Daniyal,702,1771513167218,-1.37527,4.40578,9.1684,0.19073,-2.71606,-2.52533
Daniyal,703,1771513167234,-1.52602,4.4348,9.00808,1.28937,-0.88501,-3.13568
Daniyal,704,1771513167252,-1.46142,4.28854,8.70898,0.92316,0.64087,-3.07464
Daniyal,705,1771513167267,-1.47099,4.24786,8.57229,0.00763,1.37329,-3.07464
Daniyal,706,1771513167285,-1.37527,4.34118,8.54118,-0.66376,2.16675,-3.37982
Daniyal,707,1771513167301,-1.37527,4.45394,8.49572,-0.23651,3.02124,-3.8681
Daniyal,708,1771513167318,-1.37527,4.45394,8.49572,1.77765,3.87573,-4.60052
Daniyal,709,1771513167341,-1.31545,4.45873,8.41675,4.95147,3.38745,-5.02777
Daniyal,710,1771513167351,-1.19581,4.37468,8.25165,4.95147,2.59399,-5.45501
Daniyal,711,1771513167366,-1.01127,4.17129,8.1341,4.34112,1.06811,-5.69915
Daniyal,712,1771513167385,-1.14078,4.07797,8.25404,2.63214,-1.7395,-3.74603
Daniyal,713,1771513167402,-1.04746,3.96072,8.24686,-0.35858,-3.38745,-1.48773
Daniyal,714,1771513167419,-1.04746,3.96072,8.24686,-2.49481,-4.48608,0.03815
Daniyal,715,1771513167433,-1.15514,3.81685,8.43111,-3.71551,-3.9978,0.40436
Daniyal,716,1771513167452,-1.54038,3.9344,8.87169,-3.89099,-2.7771,0.70953
Daniyal,717,1771513167469,-1.92353,4.3675,9.29073,-4.01306,-2.7771,1.13678
Daniyal,718,1771513167485,-1.68664,4.55683,9.6018,1.10626,0.27466,1.13678
Daniyal,719,1771513167500,-1.68664,4.55683,9.6018,3.73077,1.06811,0.16022
Daniyal,720,1771513167519,-1.19103,4.31725,9.06312,4.58526,1.98364,-1.4267
Daniyal,721,1771513167534,-1.06899,4.09711,8.66321,4.8294,1.5564,-1.54877
Daniyal,722,1771513167552,-1.16949,4.02054,8.45982,2.388,0.5188,-0.20599
Daniyal,723,1771513167568,-1.21496,4.07318,8.28276,1.28937,0.5188,1.07574
Daniyal,724,1771513167585,-1.18385,4.13061,8.13171,-0.35858,-0.15259,2.35748
Daniyal,725,1771513167601,-1.18385,4.13061,8.13171,0.00763,0.27466,2.84576
Daniyal,726,1771513167616,-1.10489,4.066,8.40718,0.92316,-0.33569,4.1275
Daniyal,727,1771513167635,-1.16949,4.17847,8.59861,1.47247,-0.21362,5.3482
Daniyal,728,1771513167652,-1.21735,4.38425,8.67039,2.08282,-0.7019,6.87408
Daniyal,729,1771513167668,-1.21256,4.51137,8.69941,2.5711,-0.15259,7.91168
Daniyal,730,1771513167690,-1.3011,4.52572,8.75683,3.12042,1.25122,7.48443
Daniyal,731,1771513167700,-1.3011,4.52572,8.75683,3.12042,2.89917,6.3858
Daniyal,732,1771513167714,-1.30828,4.52812,8.65125,2.388,3.9978,5.04303
Daniyal,733,1771513167736,-1.39442,4.61665,8.78076,2.81524,5.40161,2.78473
Daniyal,734,1771513167751,-1.04985,4.59033,8.71855,2.51007,5.2185,0.95367
Daniyal,735,1771513167769,-0.98016,4.47308,8.72333,3.66974,4.54712,-2.03705
Daniyal,736,1771513167785,-1.07856,4.31486,8.65604,3.73077,2.83813,-3.13568
Daniyal,737,1771513167801,-1.07856,4.31486,8.65604,3.66974,1.92261,-3.01361
Daniyal,738,1771513167819,-1.19342,4.24068,8.39283,1.65558,0.5188,-2.09808
Daniyal,739,1771513167835,-1.18385,4.21914,8.15085,-0.48065,-0.03052,-1.67084
Daniyal,740,1771513167852,-1.31067,4.27418,8.31865,-1.27411,-0.27466,-1.91498
Daniyal,741,1771513167869,-1.31785,4.27418,8.5364,-0.72479,0.64087,-2.95257
Daniyal,742,1771513167885,-1.50209,4.27179,8.67039,-0.29755,0.21362,-2.89154
Daniyal,743,1771513167901,-1.50209,4.27179,8.67039,0.61798,0.7019,-2.46429
Daniyal,744,1771513167918,-1.3346,4.21914,8.6345,-0.17548,1.12915,-1.48773
Daniyal,745,1771513167935,-1.27238,4.24547,8.44068,-0.05341,1.80054,-1.18256
Daniyal,746,1771513167953,-1.38724,4.33639,8.79033,0.19073,2.10571,-0.93841
Daniyal,747,1771513167969,-1.58854,4.48983,8.92194,0.92316,3.57055,-0.26703
Daniyal,748,1771513167985,-1.58136,4.48265,8.81905,1.59454,4.73022,0.95367
Daniyal,749,1771513168003,-1.58136,4.48265,8.81905,2.388,5.95092,1.13678
Daniyal,750,1771513168019,-1.44706,4.28854,8.68236,2.69317,5.82885,1.25885
Daniyal,751,1771513168042,-1.54995,4.28614,8.64886,2.26593,6.01196,1.8692
Daniyal,752,1771513168053,-1.72253,4.42283,8.51247,2.14386,5.27954,2.29645
Daniyal,753,1771513168069,-1.65553,4.61904,8.52682,2.14386,5.34057,2.47955
Daniyal,754,1771513168084,-1.65553,4.61904,8.52682,1.96075,5.95092,1.50299
Daniyal,755,1771513168101,-1.35135,4.63579,8.33779,2.75421,5.0354,-1.06049
Daniyal,756,1771513168119,-1.30828,4.56401,8.48854,3.18146,4.97436,-3.19671
Daniyal,757,1771513168135,-1.42313,4.5688,8.39522,3.18146,4.66919,-4.53949
Daniyal,758,1771513168152,-1.63161,4.63819,8.31147,2.99835,4.54712,-5.69915
Daniyal,759,1771513168168,-1.57657,4.64058,8.31865,3.30353,4.48608,-6.24847
Daniyal,760,1771513168187,-1.57657,4.64058,8.31865,4.21905,4.48608,-6.79779
Daniyal,761,1771513168201,-1.41595,4.36511,8.23729,4.09698,4.97436,-7.46917
Daniyal,762,1771513168218,-1.50449,4.09711,8.07667,3.05939,4.42505,-6.79779
Daniyal,763,1771513168234,-1.94507,4.02533,8.29233,1.83868,3.14331,-4.66156
Daniyal,764,1771513168253,-1.94028,4.12104,8.27318,0.25177,3.50952,-1.79291
Daniyal,765,1771513168268,-1.98814,4.38186,8.30908,-0.78583,3.02124,0.22125
Daniyal,766,1771513168286,-1.98814,4.38186,8.30908,-0.72479,4.36401,0.09918
Daniyal,767,1771513168302,-1.96421,4.65972,8.61536,1.1673,4.97436,-1.06049
Daniyal,768,1771513168319,-1.94507,4.94955,8.82623,2.63214,5.82885,-2.40326
Daniyal,769,1771513168336,-1.59093,4.93011,8.39761,3.12042,6.19506,-4.11224
Daniyal,770,1771513168353,-1.43031,4.7339,7.81825,2.81524,6.19506,-6.79779
Daniyal,771,1771513168378,-1.76321,4.58076,7.90678,2.93731,3.81469,-8.14056
Daniyal,772,1771513168385,-1.76321,4.58076,7.90678,2.93731,1.7395,-8.99505
Daniyal,773,1771513168397,-2.06949,4.48744,8.08146,1.83868,-2.22778,-8.50677
Daniyal,774,1771513168413,-2.11765,4.5688,8.3689,1.04523,-5.2185,-8.14056
Daniyal,775,1771513168435,-1.69621,4.6023,8.30429,0.3128,-8.14819,-8.01849
Daniyal,776,1771513168452,-1.71535,4.45873,8.26361,0.67902,-8.57543,-9.05608
Daniyal,777,1771513168470,-2.08176,4.34357,8.34975,-0.9079,-8.88061,-10.09368
Daniyal,778,1771513168483,-2.08176,4.34357,8.34975,-2.18963,-8.63647,-10.52093
Daniyal,779,1771513168498,-2.17508,4.34596,8.62971,-4.37927,-8.02612,-11.98577
Daniyal,780,1771513168518,-1.88285,4.4994,8.70898,-5.4779,-8.75854,-13.57268
Daniyal,781,1771513168535,-1.50688,4.42762,8.85255,-5.53894,-8.6975,-15.28167
Daniyal,782,1771513168553,-1.12642,4.0014,8.43829,-5.4779,-8.08715,-17.17375
Daniyal,783,1771513168571,-1.50927,4.11625,8.29233,-5.11169,-8.14819,-16.68547
Daniyal,784,1771513168586,-1.50927,4.11625,8.29233,-4.37927,-7.2937,-14.67131
Daniyal,785,1771513168602,-1.72732,4.37229,8.27318,-2.37274,-7.41577,-11.98577
Daniyal,786,1771513168620,-1.67468,4.4348,8.5675,1.10626,-7.53784,-11.43645
Daniyal,787,1771513168636,-1.14317,4.04208,8.7353,4.6463,-7.23266,-11.49749
Daniyal,788,1771513168654,-0.92034,3.73789,8.67996,7.57598,-7.4768,-10.33782
Daniyal,789,1771513168671,-0.91077,3.95593,8.57947,9.59014,-7.90405,-5.69915
Daniyal,790,1771513168688,-0.91077,3.95593,8.57947,8.61358,-8.57543,-0.02289
Daniyal,791,1771513168709,-1.17667,4.35075,8.70658,6.53839,-6.13403,6.26373
Daniyal,792,1771513168717,-1.48056,4.22872,8.88126,5.07354,-4.18091,8.39996
Daniyal,793,1771513168731,-1.90917,3.80249,9.03201,2.51007,-1.67847,11.0855
Daniyal,794,1771513168753,-1.64357,3.06281,8.97697,-1.15204,5.76782,11.81792
Daniyal,795,1771513168771,-1.64357,3.06281,8.97697,-6.63757,10.10131,12.00103
Daniyal,796,1771513168788,-1.56221,2.64377,8.47657,-11.64245,16.99065,13.15307
Daniyal,797,1771513168804,-1.83739,2.91685,8.49093,-13.35143,20.95793,16.63207
Daniyal,798,1771513168821,-2.48136,3.79053,8.95304,-12.4359,23.64348,22.85765
Daniyal,799,1771513168837,-2.48614,4.48026,8.98894,-10.36071,25.65763,30.54807
Daniyal,800,1771513168853,-1.89003,4.57119,8.70419,-7.91931,25.29142,33.23362
Daniyal,801,1771513168871,-1.89003,4.57119,8.70419,-4.80652,25.65763,31.64671
Daniyal,802,1771513168886,-1.31306,4.51855,8.68475,-0.41962,26.02385,26.947
Daniyal,803,1771513168902,-1.21974,4.88465,8.59143,2.20489,27.00041,23.59007
Daniyal,804,1771513168921,-1.32742,5.3348,8.32583,4.95147,26.8173,19.989
Daniyal,805,1771513168937,-1.52842,5.3683,8.25165,6.35528,24.49797,17.60863
Daniyal,806,1771513168953,-1.69621,5.09552,8.29472,6.96563,22.1176,14.61791
Daniyal,807,1771513168971,-1.69621,5.09552,8.29472,6.23321,19.06584,11.81792
Daniyal,808,1771513168987,-1.90439,4.88465,8.32822,5.43975,15.22826,9.01031
Daniyal,809,1771513169003,-2.02881,4.82483,8.2349,5.37872,14.37377,6.69097
Daniyal,810,1771513169021,-2.25165,4.89183,8.04078,6.78253,13.64135,5.28717
Daniyal,811,1771513169037,-2.54357,4.92533,8.18226,8.85772,13.51928,2.96783
Daniyal,812,1771513169061,-2.60369,4.68126,8.14607,10.5667,14.80101,1.8692
Daniyal,813,1771513169071,-2.60369,4.68126,8.14607,10.32256,15.16723,1.93024
Daniyal,814,1771513169085,-2.52443,4.52572,7.88525,9.1629,14.4348,2.60162
Daniyal,815,1771513169100,-2.38564,4.47308,7.78475,8.43047,12.90893,3.0899
Daniyal,816,1771513169119,-1.99771,4.43001,7.83021,7.51495,11.87133,2.17438
Daniyal,817,1771513169137,-1.79193,4.54726,8.01207,8.06426,9.24682,2.05231
Daniyal,818,1771513169155,-1.98096,4.95913,8.28276,9.83428,7.35473,2.84576
Daniyal,819,1771513169169,-1.98096,4.95913,8.28276,11.84844,6.2561,3.63922
Daniyal,820,1771513169186,-2.04317,5.27258,8.28036,15.0833,4.48608,4.73785
Daniyal,821,1771513169204,-2.00249,5.18405,8.31147,18.74541,3.9978,3.02887
Daniyal,822,1771513169219,-1.88285,4.75783,8.036,19.72197,3.63159,1.13678
Daniyal,823,1771513169233,-1.97617,4.34596,7.67229,18.86748,4.36401,-1.06049
Daniyal,824,1771513169254,-2.20858,4.1665,7.38485,14.71709,5.40161,-3.13568
Daniyal,825,1771513169272,-2.20858,4.1665,7.38485,11.29912,5.95092,-3.8681
Daniyal,826,1771513169288,-2.61326,4.31725,7.43988,8.85772,7.65991,-3.50189
Daniyal,827,1771513169304,-2.97218,4.70279,7.75125,7.20977,8.14819,-1.91498
Daniyal,828,1771513169322,-3.22612,5.17448,8.18704,8.00323,8.33129,0.8316
Daniyal,829,1771513169338,-2.8669,5.4018,8.333,8.43047,7.90405,2.35748
Daniyal,830,1771513169352,-2.8669,5.4018,8.333,8.85772,6.37817,2.78473
Daniyal,831,1771513169370,-2.55314,5.37548,8.31865,9.71221,6.01196,1.07574
Daniyal,832,1771513169389,-2.35693,5.2008,8.20619,8.97979,5.2185,-1.24359
Daniyal,833,1771513169411,-2.39043,4.99023,7.81346,5.68389,5.76782,-5.0888
Daniyal,834,1771513169421,-2.49093,4.84636,7.48056,4.09698,5.58471,-6.18743
Daniyal,835,1771513169431,-2.58664,4.63101,7.41356,3.05939,5.52368,-7.3471
Daniyal,836,1771513169454,-2.58664,4.63101,7.41356,2.32696,5.40161,-8.14056
Daniyal,837,1771513169471,-2.6683,4.50419,7.4662,0.92316,4.42505,-6.85882
Daniyal,838,1771513169486,-2.84058,4.51615,7.41117,0.25177,4.24194,-4.84466
Daniyal,839,1771513169503,-2.77119,4.53051,7.29153,-0.35858,3.9978,-2.58636
Daniyal,840,1771513169520,-2.70419,4.59512,7.21257,-2.37274,1.86157,0.16022
Daniyal,841,1771513169537,-2.64676,4.65494,7.45424,-4.07409,0.15259,1.50299
Daniyal,842,1771513169555,-2.64676,4.65494,7.45424,-6.39343,-2.59399,3.15094
Daniyal,843,1771513169571,-2.59382,4.81526,7.89482,-7.61413,-4.48608,3.94439
Daniyal,844,1771513169588,-2.46939,4.97109,8.05035,-7.67517,-5.58471,4.06646
Daniyal,845,1771513169604,-2.467,5.03091,7.88764,-7.00378,-4.97436,3.33404
Daniyal,846,1771513169621,-2.62283,5.24866,7.73929,-7.55309,-2.59399,2.23541
Daniyal,847,1771513169637,-2.8669,5.60788,7.85175,-6.88171,0.03052,1.56402
Daniyal,848,1771513169655,-2.8669,5.60788,7.85175,-4.80652,3.14331,0.8316
Daniyal,849,1771513169671,-2.77837,5.77777,7.87089,0.37384,6.31713,-0.63324
Daniyal,850,1771513169689,-2.55793,5.75384,8.04078,5.74493,7.84301,-2.28119
Daniyal,851,1771513169702,-2.51007,5.63659,8.04078,10.32256,8.63647,-3.74603
Daniyal,852,1771513169725,-2.7688,5.72034,7.76082,13.67949,10.34545,-4.60052
Daniyal,853,1771513169738,-3.11815,5.79452,7.49013,13.74053,10.65063,-4.29535
Daniyal,854,1771513169753,-3.11815,5.79452,7.49013,13.13018,10.52856,-4.23431
Daniyal,855,1771513169770,-3.41276,5.67009,7.53799,12.88604,10.65063,-4.9057
Daniyal,856,1771513169787,-3.57787,5.25105,7.78475,11.90948,11.07787,-7.89642
Daniyal,857,1771513169805,-3.1687,4.5018,7.97139,10.26153,11.68822,-11.43645
Daniyal,858,1771513169821,-2.6683,3.90568,7.94028,5.62286,9.91821,-13.87786
Daniyal,859,1771513169838,-2.30907,3.7331,7.60738,2.51007,8.08715,-12.96233
Daniyal,860,1771513169856,-2.30907,3.7331,7.60738,0.00763,6.92748,-10.21575
Daniyal,861,1771513169872,-2.13918,3.95833,7.1671,-2.55585,5.88989,-5.51605
Daniyal,862,1771513169889,-2.58903,4.55444,6.89641,-4.86755,5.76782,2.66266
Daniyal,863,1771513169906,-2.82862,5.00937,6.70738,-6.5155,6.31713,8.27789
Daniyal,864,1771513169922,-3.00329,5.28455,6.80549,-6.5155,5.09643,15.65551
Daniyal,865,1771513169939,-2.96261,5.32523,7.08305,-5.66101,2.9602,19.43968
Daniyal,866,1771513169955,-2.96261,5.32523,7.08305,-5.84411,-0.33569,21.39281
Daniyal,867,1771513169972,-2.61565,5.37787,7.0352,-6.6986,-6.19506,22.30833
Daniyal,868,1771513169988,-2.29232,5.56242,7.54756,-7.30895,-13.031,20.05003
Daniyal,869,1771513170006,-2.12483,5.69402,8.08864,-7.00378,-17.35686,15.04515
Daniyal,870,1771513170022,-2.38086,5.68445,8.60339,-4.19616,-16.62444,7.36236
Daniyal,871,1771513170038,-3.03201,5.62941,8.45982,-2.18963,-11.13891,-3.68499
Daniyal,872,1771513170059,-3.52044,5.28933,8.00968,-0.78583,-2.04468,-10.8261
Daniyal,873,1771513170067,-3.52044,5.28933,8.00968,-1.57928,1.98364,-12.35198
Daniyal,874,1771513170086,-3.50848,4.88226,7.42074,-2.86102,5.82885,-12.22991
Daniyal,875,1771513170105,-3.22612,4.63579,7.4016,-2.79999,7.59887,-9.36126
Daniyal,876,1771513170122,-2.99133,4.73869,7.26042,-4.13513,5.88989,-5.82122
Daniyal,877,1771513170140,-3.01047,5.31326,7.38485,-5.05066,3.02124,-0.26703
Daniyal,878,1771513170156,-3.01047,5.31326,7.38485,-3.95202,0.76294,2.54059
Daniyal,879,1771513170172,-2.85015,5.87587,7.51885,-2.49481,-1.19018,3.0899
Daniyal,880,1771513170188,-2.45743,6.01496,7.52603,4.09698,-2.9602,-0.69427
Daniyal,881,1771513170206,-2.32582,5.76341,7.5356,9.22393,-4.66919,-5.51605
Daniyal,882,1771513170223,-2.32582,5.12662,7.49013,12.70293,-6.31713,-10.70403
Daniyal,883,1771513170238,-2.32582,5.12662,7.49013,12.76397,-9.30785,-13.32854
Daniyal,884,1771513170251,-2.44546,4.69322,7.25085,9.65118,-12.54272,-13.26751
Daniyal,885,1771513170273,-2.47179,4.43719,7.02323,2.14386,-15.1596,-11.49749
Daniyal,886,1771513170290,-2.72333,4.50419,7.07109,-3.71551,-17.11272,-7.77435
Daniyal,887,1771513170305,-3.30269,5.14337,7.57388,-8.83483,-21.44621,0.70953
Daniyal,888,1771513170323,-3.27159,5.48106,8.47179,-7.00378,-21.81242,5.59234
Daniyal,889,1771513170339,-3.27159,5.48106,8.47179,-4.07409,-23.88762,7.78961
Daniyal,890,1771513170356,-3.30269,5.21755,9.50609,5.37872,-18.8217,5.1651
Daniyal,891,1771513170374,-2.34497,4.24786,9.01526,8.61358,-11.32201,1.44195
Daniyal,892,1771513170393,-2.11047,3.74746,7.6361,8.85772,-6.2561,0.22125
Daniyal,893,1771513170402,-2.05514,3.61585,7.24607,8.67461,-1.43433,-0.3891
Daniyal,894,1771513170419,-2.31147,3.66132,6.47976,-1.57928,-1.19018,3.15094
Daniyal,895,1771513170438,-2.31147,3.66132,6.47976,-11.45934,-1.49536,7.54547
Daniyal,896,1771513170455,-2.47179,4.25025,6.48934,-15.60973,-4.54712,15.71654
Daniyal,897,1771513170472,-2.7688,5.19841,7.50928,-16.34215,-6.68334,19.56175
Daniyal,898,1771513170490,-2.80229,5.88784,8.00968,-15.36559,-9.06371,22.30833
Daniyal,899,1771513170507,-2.59861,6.3356,8.45504,-10.36071,-9.30785,19.92796
Daniyal,900,1771513170522,-2.15115,6.48156,8.35215,-6.08825,-9.49096,13.88549
Daniyal,901,1771513170537,-2.15115,6.48156,8.35215,0.67902,-8.75854,5.59234
Daniyal,902,1771513170555,-1.57179,6.23749,8.68714,6.35528,-8.75854,-3.19671
Daniyal,903,1771513170573,-1.17428,5.79452,8.9004,10.62774,-11.01684,-13.14544
Daniyal,904,1771513170590,-1.18624,5.31326,8.66082,10.62774,-11.62719,-18.63097
Daniyal,905,1771513170606,-1.72493,4.82483,8.17747,8.24737,-9.85717,-21.80479
Daniyal,906,1771513170622,-2.52443,4.44915,7.67707,4.8294,-6.01196,-21.68272
Daniyal,907,1771513170639,-2.52443,4.44915,7.67707,1.53351,-3.02124,-17.77648
Daniyal,908,1771513170656,-3.38644,4.23829,7.74407,-0.96893,1.00708,-11.98577
Daniyal,909,1771513170674,-3.36012,4.07079,7.85653,-4.01306,4.30298,-2.76947
Daniyal,910,1771513170697,-2.85015,4.14018,8.09821,-2.73895,7.11059,4.67682
Daniyal,911,1771513170704,-2.266,4.23111,8.30908,-2.25067,7.04956,5.71441
Daniyal,912,1771513170717,-2.266,4.23111,8.30908,0.3128,6.56127,8.39996
Daniyal,913,1771513170739,-2.2349,4.52094,8.58664,3.12042,6.13403,12.18413
Daniyal,914,1771513170756,-2.41436,4.89183,8.4694,4.70733,5.46264,14.61791
Daniyal,915,1771513170774,-2.53639,5.11944,8.14607,5.92804,6.56127,15.10619
Daniyal,916,1771513170789,-2.28515,5.18884,7.85414,5.56182,7.78198,13.33617
Daniyal,917,1771513170807,-1.96421,5.26541,7.62174,4.03595,8.81957,10.84136
Daniyal,918,1771513170823,-1.96421,5.26541,7.62174,1.96075,8.20922,8.70513
Daniyal,919,1771513170840,-1.79193,5.32523,7.50688,0.86212,7.11059,6.20269
Daniyal,920,1771513170856,-1.634,5.26062,7.51645,1.41144,5.70678,5.28717
Daniyal,921,1771513170874,-1.70818,5.2008,7.43031,2.14386,4.48608,4.79889
Daniyal,922,1771513170889,-1.98335,5.17926,7.3346,2.81524,2.10571,5.77545
Daniyal,923,1771513170907,-2.2014,5.34437,7.56192,3.6087,1.00708,6.69097
Daniyal,924,1771513170924,-2.2014,5.34437,7.56192,3.48663,0.88501,7.24029
Daniyal,925,1771513170940,-2.20858,5.54567,7.64088,4.89044,0.94604,7.24029
Daniyal,926,1771513170956,-2.2014,5.57438,7.99053,6.47735,2.04468,5.89752
Daniyal,927,1771513170973,-2.3019,5.50259,8.2014,8.00323,2.7771,4.79889
Daniyal,928,1771513170990,-2.58664,5.48345,8.30429,8.91876,4.24194,5.10406
Daniyal,929,1771513171018,-2.61087,5.37787,7.94507,7.75909,5.58471,5.65338
Daniyal,930,1771513171023,-2.4335,5.15773,7.73929,6.11114,7.17163,5.40924
Daniyal,931,1771513171037,-2.4335,5.15773,7.73929,5.37872,7.72094,4.85992
Daniyal,932,1771513171054,-2.25404,5.04527,7.61217,4.52423,9.00268,3.0899
Daniyal,933,1771513171074,-2.52443,5.16251,7.75125,3.6087,8.02612,3.57818
Daniyal,934,1771513171090,-2.48614,5.32762,7.74886,2.87628,9.24682,3.70025
Daniyal,935,1771513171106,-2.34018,5.43051,7.62892,2.69317,8.39233,3.82232
Daniyal,936,1771513171125,-2.34018,5.43051,7.62892,4.40216,9.24682,2.60162
Daniyal,937,1771513171139,-2.18465,5.40419,7.64088,5.01251,7.78198,2.17438
Daniyal,938,1771513171156,-2.33061,5.4667,7.51167,5.31768,7.72094,2.29645
Daniyal,939,1771513171173,-2.34257,5.54088,7.3346,4.95147,6.68334,3.02887
Daniyal,940,1771513171192,-2.17268,5.56242,7.20299,4.76837,5.64575,2.9068
Daniyal,941,1771513171208,-2.00967,5.56481,7.18385,4.76837,4.42505,2.47955
Daniyal,942,1771513171224,-2.00967,5.56481,7.18385,4.89044,3.63159,1.74713
Daniyal,943,1771513171239,-1.98096,5.5672,7.15992,5.07354,1.06811,1.80817
Daniyal,944,1771513171253,-2.15354,5.65334,7.32742,5.19561,-1.19018,2.17438
Daniyal,945,1771513171275,-2.15115,5.66052,7.11416,3.79181,-4.66919,2.60162
Daniyal,946,1771513171290,-2.17747,5.66291,7.17907,4.03595,-6.07299,2.23541
Daniyal,947,1771513171317,-2.33539,5.67249,7.22214,4.21905,-7.84301,2.29645
Daniyal,948,1771513171322,-2.33539,5.67249,7.22214,4.21905,-8.45336,2.78473
Daniyal,949,1771513171334,-2.50529,5.75623,7.27478,3.36456,-9.55199,4.00543
Daniyal,950,1771513171356,-2.47657,5.7993,7.19342,2.388,-10.83373,5.28717
Daniyal,951,1771513171375,-2.26122,5.71077,7.11177,0.37384,-12.54272,6.08062
Daniyal,952,1771513171392,-2.06949,5.58156,7.06391,-1.33514,-12.90893,5.77545
Daniyal,953,1771513171408,-2.17986,5.67009,7.33221,-3.53241,-15.03753,5.71441
Daniyal,954,1771513171424,-2.17986,5.67009,7.33221,-4.13513,-15.1596,5.83648
Daniyal,955,1771513171436,-2.10329,5.74906,7.44228,-4.50134,-16.25823,5.59234
Daniyal,956,1771513171458,-1.8685,5.70838,7.52842,-3.04413,-15.89202,3.15094
Daniyal,957,1771513171475,-1.64836,5.67009,7.6361,-2.25067,-16.31926,0.95367
Daniyal,958,1771513171491,-1.79193,5.75384,7.71775,-1.82342,-16.62444,-0.63324
Daniyal,959,1771513171507,-1.79193,5.75384,7.71775,-1.091,-16.44133,-1.6098
Daniyal,960,1771513171524,-1.83978,5.79213,7.83021,0.25177,-16.01409,-2.95257
Daniyal,961,1771513171540,-1.768,5.71556,7.87089,1.96075,-15.95305,-4.29535
Daniyal,962,1771513171558,-1.74407,5.62702,7.83978,1.71661,-15.64788,-6.00433
Daniyal,963,1771513171575,-1.81346,5.67488,7.72254,0.37384,-15.76995,-6.1264
Daniyal,964,1771513171592,-1.85175,5.59352,7.52603,-1.39618,-18.15032,-5.39398
Daniyal,965,1771513171617,-1.47577,5.7347,7.88285,-1.39618,-19.24895,-9.05608
Daniyal,966,1771513171625,-1.47577,5.7347,7.88285,1.04523,-18.76067,-9.91058
Daniyal,967,1771513171635,-1.43749,5.32523,7.57627,-0.11444,-20.16448,-11.19231
Daniyal,968,1771513171657,-1.67946,5.49302,7.74168,3.12042,-22.3007,-10.76507
Daniyal,969,1771513171676,-1.82542,5.56959,7.74886,2.08282,-21.93449,-8.3847
Daniyal,970,1771513171691,-1.81825,5.65813,7.74886,4.28009,-22.72795,-6.37054
Daniyal,971,1771513171709,-1.81825,5.65813,7.74886,3.66974,-21.87346,-5.02777
Daniyal,972,1771513171724,-1.54995,5.61984,7.38246,2.99835,-21.14104,-5.0888
Daniyal,973,1771513171740,-1.19581,5.56959,7.53081,2.08282,-21.01897,-6.79779
Daniyal,974,1771513171754,-1.47338,5.67966,7.81107,1.3504,-23.39934,-6.18743
Daniyal,975,1771513171773,-1.49731,5.54567,7.75843,1.47247,-23.3383,-6.43157
Daniyal,976,1771513171793,-1.39681,5.44487,7.5691,0.3128,-25.77971,-6.00433
Daniyal,977,1771513171808,-1.39681,5.44487,7.5691,1.04523,-22.42277,-6.61468
Daniyal,978,1771513171825,-1.11206,5.45444,7.45903,-0.54169,-21.99553,-6.67571
Daniyal,979,1771513171842,-1.00409,5.56959,7.5021,-2.61688,-20.53069,-7.22503
Daniyal,980,1771513171858,-0.81506,5.65334,7.59063,-3.65448,-19.79827,-7.53021
Daniyal,981,1771513171875,-0.71695,5.54327,7.835,-4.31823,-18.45549,-8.01849
Daniyal,982,1771513171891,-0.72174,5.44008,8.35693,-3.77655,-15.95305,-9.48333
Daniyal,983,1771513171916,-0.72174,5.44008,8.35693,-5.11169,-14.67131,-12.84026
Daniyal,984,1771513171924,-0.80309,5.44965,8.30908,-4.56237,-14.67131,-13.69475
Daniyal,985,1771513171935,-1.05464,5.48824,8.74248,-2.86102,-12.84789,-14.42717
Daniyal,986,1771513171958,-0.92991,5.39701,8.47897,-2.49481,-10.7727,-14.85442
Daniyal,987,1771513171975,-1.02323,5.2678,8.61775,0.74005,-9.55199,-14.67131
Daniyal,988,1771513171991,-1.25563,5.0668,7.98335,1.53351,-12.23754,-12.16887
Daniyal,989,1771513172009,-1.25563,5.0668,7.98335,-2.3117,-11.62719,-12.35198
Daniyal,990,1771513172025,-1.27956,5.43769,7.41117,-4.2572,-10.58959,-10.39886
Daniyal,991,1771513172039,-1.34417,5.25584,8.35693,0.3128,-8.57543,-6.91986
Daniyal,992,1771513172058,-1.21256,5.17687,7.91157,1.22833,-9.06371,-4.84466
Daniyal,993,1771513172074,-1.32503,5.23191,8.01446,3.54767,-7.72094,-3.50189
Daniyal,994,1771513172093,-1.35135,5.37069,7.65045,-0.72479,-9.24682,-2.03705
Daniyal,995,1771513172108,-1.35135,5.37069,7.65045,-0.05341,-7.53784,-1.06049
Daniyal,996,1771513172124,-1.07139,5.47149,8.05035,-1.21307,-8.5144,-0.08392
Daniyal,997,1771513172141,-0.91795,5.51456,8.08624,0.43488,-8.20922,-0.5722
Daniyal,998,1771513172159,-0.81027,5.49781,8.16999,2.20489,-8.02612,-1.30463
Daniyal,999,1771513172177,-0.66191,5.69402,8.11496,2.93731,-5.64575,-4.11224
Daniyal,1000,1771513172192,-0.66191,5.69402,8.11496,2.26593,-5.82885,-5.63812
Daniyal,1001,1771513172216,-0.5997,5.94048,8.01925,1.89972,-4.66919,-10.33782
Daniyal,1002,1771513172224,-0.51326,5.88545,8.07189,2.32696,-5.15747,-13.02337
Daniyal,1003,1771513172238,-0.5327,5.73709,8.08624,2.99835,-5.09643,-16.01409
Daniyal,1004,1771513172258,-0.53031,5.61266,8.09821,4.28009,-5.95092,-19.18028
Daniyal,1005,1771513172276,-0.75523,5.63659,8.46461,6.23321,-5.58471,-19.36339
Daniyal,1006,1771513172292,-0.75523,5.63659,8.46461,8.1253,-5.09643,-17.35686
Daniyal,1007,1771513172309,-1.14796,5.58395,8.28993,8.73565,-3.57055,-15.40374
Daniyal,1008,1771513172327,-1.38006,5.44726,7.93071,6.47735,-1.80054,-15.1596
Daniyal,1009,1771513172343,-1.18624,5.37548,7.91875,4.8294,1.12915,-15.83098
Daniyal,1010,1771513172360,-1.32742,5.33958,8.48136,5.19561,2.59399,-14.67131
Daniyal,1011,1771513172374,-1.567,5.2343,8.24686,5.43975,4.36401,-12.9013
Daniyal,1012,1771513172391,-1.567,5.2343,8.24686,5.98907,5.0354,-10.45989
Daniyal,1013,1771513172408,-1.55234,5.11227,7.91875,6.9046,5.27954,-8.62884
Daniyal,1014,1771513172425,-1.32981,4.92533,7.60977,6.23321,4.48608,-6.79779
Daniyal,1015,1771513172442,-1.41595,4.81047,7.37049,3.85284,2.59399,-3.74603
Daniyal,1016,1771513172458,-1.35853,4.9325,7.42553,1.22833,2.47192,-0.51117
Daniyal,1017,1771513172478,-1.23649,5.29412,7.51885,0.37384,-1.00708,2.47955
Daniyal,1018,1771513172494,-1.23649,5.29412,7.51885,0.19073,1.25122,2.54059
Daniyal,1019,1771513172516,-1.1671,5.38744,7.95225,3.79181,-0.09155,3.21197
Daniyal,1020,1771513172525,-1.38724,5.41137,8.40958,6.11114,0.27466,4.06646
Daniyal,1021,1771513172538,-1.59093,5.4667,8.34018,8.24737,1.37329,6.08062
Daniyal,1022,1771513172556,-1.83021,5.51217,7.94507,8.24737,1.86157,8.03375
Daniyal,1023,1771513172576,-1.72732,5.55524,7.72493,9.40704,3.69262,9.43755
Daniyal,1024,1771513172594,-1.72732,5.55524,7.72493,9.71221,5.40161,8.76617
Daniyal,1025,1771513172610,-1.35613,5.65095,7.75843,9.83428,4.36401,8.8272
Daniyal,1026,1771513172626,-1.26281,5.65813,8.1006,11.17705,3.87573,8.70513
Daniyal,1027,1771513172643,-0.88684,5.54088,7.74168,10.3836,0.82397,8.94927
Daniyal,1028,1771513172659,-0.65234,5.51934,7.52124,9.95635,0.03052,7.85064
Daniyal,1029,1771513172674,-0.5997,5.62941,7.56431,8.36944,-4.24194,7.05718
Daniyal,1030,1771513172693,-0.5997,5.62941,7.56431,7.14874,-6.92748,7.30133
Daniyal,1031,1771513172709,-0.73848,5.87348,7.64806,7.02667,-9.00268,7.36236
Daniyal,1032,1771513172727,-0.8318,6.2997,7.92114,8.3084,-10.89477,5.77545
Daniyal,1033,1771513172742,-0.87966,6.3356,7.92593,9.59014,-11.13891,3.82232
Daniyal,1034,1771513172758,-0.96341,6.1681,7.83261,10.13946,-10.40649,0.70953
Daniyal,1035,1771513172776,-0.88684,6.06281,7.83261,9.28497,-10.9558,-2.70843
Daniyal,1036,1771513172793,-0.88684,6.06281,7.83261,6.78253,-10.71166,-3.50189
Daniyal,1037,1771513172818,-0.77916,5.72752,7.31785,3.36456,-10.7727,-3.68499
Daniyal,1038,1771513172825,-0.77198,5.66291,7.04955,-0.84686,-9.97924,-7.46917
Daniyal,1039,1771513172839,-0.8007,5.65095,6.97777,-3.71551,-10.89477,-8.93401
Daniyal,1040,1771513172857,-1.43031,5.30369,7.24607,-6.21032,-11.81029,-7.77435
Daniyal,1041,1771513172876,-1.43031,5.30369,7.24607,-9.20104,-11.26098,-5.39398
Daniyal,1042,1771513172892,-1.75603,5.16969,7.43749,-11.88659,-12.23754,-0.08392
Daniyal,1043,1771513172911,-1.99292,5.17926,7.59781,-13.41247,-11.26098,3.63922
Daniyal,1044,1771513172926,-1.59571,5.23669,7.49253,-14.14489,-10.46752,6.20269
Daniyal,1045,1771513172944,-1.09771,5.52652,7.77996,-13.83971,-10.89477,8.09478
Daniyal,1046,1771513172959,-0.51565,5.72034,7.97618,-13.90075,-9.36889,7.72857
Daniyal,1047,1771513172974,-0.51565,5.72034,7.97618,-12.61901,-8.75854,6.5689
Daniyal,1048,1771513172992,-0.49412,5.87587,8.21576,-11.39831,-6.98852,4.67682
Daniyal,1049,1771513173011,-0.63081,5.83759,8.03839,-10.1776,-6.62231,4.1275
Daniyal,1050,1771513173027,-0.68584,5.73709,7.95703,-9.14001,-6.31713,5.04303
Daniyal,1051,1771513173040,-0.65234,5.62224,7.81825,-8.65173,-6.56127,6.14166
Daniyal,1052,1771513173056,-0.51326,5.52413,7.70818,-7.79724,-7.17163,7.85064
Daniyal,1053,1771513173076,-0.51326,5.52413,7.70818,-7.85827,-8.39233,7.91168
Daniyal,1054,1771513173089,-0.32423,5.41855,7.67229,-7.30895,-9.49096,8.09478
Daniyal,1055,1771513173103,-0.4654,5.44487,8.09582,-6.39343,-11.26098,8.76617
Daniyal,1056,1771513173121,-0.43908,5.4329,8.13649,-6.08825,-10.89477,10.0479
Daniyal,1057,1771513173137,-0.54227,5.42812,7.94985,-5.66101,-10.71166,11.14654
Daniyal,1058,1771513173154,-0.54227,5.42812,7.94985,-5.72204,-10.7727,11.51275
Daniyal,1059,1771513173171,-0.58295,5.33958,7.94507,-4.80652,-9.12475,10.59722
Daniyal,1060,1771513173197,-0.41994,5.34676,8.2349,-5.59997,-8.5144,9.07134
Daniyal,1061,1771513173204,-0.25723,5.39701,8.32343,-5.53894,-7.90405,8.21685
Daniyal,1062,1771513173223,-0.12323,5.43769,8.38086,-5.2948,-6.74438,6.01959
Daniyal,1063,1771513173237,-0.02752,5.45952,8.44547,-4.01306,-5.82885,3.88336
Daniyal,1064,1771513173254,-0.02752,5.45952,8.44547,-2.18963,-7.41577,3.15094
Daniyal,1065,1771513173275,-0.19741,5.53849,8.62254,-1.27411,-7.96508,3.39508
Daniyal,1066,1771513173290,-0.17827,5.4667,8.12214,-3.89099,-8.81957,3.21197
Daniyal,1067,1771513173304,0.0661,5.41137,7.77757,-4.80652,-8.57543,1.80817
Daniyal,1068,1771513173321,0.30538,5.37069,7.87568,-5.72204,-8.63647,-0.69427
Daniyal,1069,1771513173337,0.19053,5.5002,8.19422,-4.56237,-8.94164,-3.80707
Daniyal,1070,1771513173358,0.19053,5.5002,8.19422,-3.04413,-8.57543,-5.39398
Daniyal,1071,1771513173376,0.05174,5.69881,8.31865,-0.48065,-9.06371,-6.00433
Daniyal,1072,1771513173397,-0.06102,5.64856,8.27797,0.92316,-8.33129,-6.24847
Daniyal,1073,1771513173407,-0.02512,5.32283,8.11974,0.80109,-7.96508,-5.82122
Daniyal,1074,1771513173424,-0.09452,5.19123,8.21336,-0.29755,-8.20922,-4.53949
Daniyal,1075,1771513173442,0.07328,5.25823,8.16042,-1.39618,-7.04956,-3.8681
Daniyal,1076,1771513173457,0.07328,5.25823,8.16042,-1.70135,-7.04956,-3.31878
Daniyal,1077,1771513173475,0.22642,5.33001,8.19422,-1.76239,-6.2561,-3.44085
Daniyal,1078,1771513173489,0.27667,5.22951,8.24926,-1.33514,-6.07299,-3.56292
Daniyal,1079,1771513173507,0.0996,5.25823,8.42632,-0.23651,-6.31713,-3.01361
Daniyal,1080,1771513173525,0.17378,5.42333,8.32583,0.1297,-5.2185,-2.8305
Daniyal,1081,1771513173541,0.17378,5.42333,8.32583,0.06866,-5.27954,-3.19671
Daniyal,1082,1771513173555,0.29581,5.50738,8.29233,0.25177,-6.62231,-3.80707
Daniyal,1083,1771513173571,0.88475,5.51217,7.86371,-1.27411,-4.48608,-7.59124
Daniyal,1084,1771513173592,1.55264,5.75623,7.88046,-4.50134,-6.56127,-13.75579
Daniyal,1085,1771513173608,1.71565,5.91895,8.28515,-2.61688,-5.76782,-18.99718
Daniyal,1086,1771513173626,-0.51805,5.54806,8.22772,-2.18963,-9.91821,-15.22063
Daniyal,1087,1771513173643,-2.333,4.92293,7.95464,-4.13513,-11.01684,-10.15472
Daniyal,1088,1771513173654,-2.333,4.92293,7.95464,-5.4779,-9.00268,-6.79779
Daniyal,1089,1771513173674,-1.92592,4.75544,8.02403,-7.43102,-9.67406,-3.80707
Daniyal,1090,1771513173697,-0.86052,5.00937,8.25883,-4.56237,-4.54712,-2.8305
Daniyal,1091,1771513173706,-0.23569,5.42333,8.42632,-3.65448,-5.09643,-2.46429
Daniyal,1092,1771513173721,0.54975,5.55763,8.19901,-1.45721,-1.67847,-4.9057
Daniyal,1093,1771513173742,0.54975,5.55763,8.19901,-1.39618,-2.9602,-6.24847
Daniyal,1094,1771513173755,0.77707,5.57199,8.33061,-0.54169,-5.0354,-8.81194
Daniyal,1095,1771513173771,1.03789,5.44487,8.28515,-0.60272,-6.62231,-11.37542
Daniyal,1096,1771513173788,0.78664,5.57199,8.26361,1.53351,-8.27026,-14.42717
Daniyal,1097,1771513173810,0.54497,5.65813,8.30908,4.6463,-7.2937,-19.36339
Daniyal,1098,1771513173826,0.20249,5.75145,8.74726,9.10186,-8.08715,-21.9879
Daniyal,1099,1771513173843,0.12832,5.67727,8.63211,12.94707,-5.2185,-24.49034
Daniyal,1100,1771513173859,0.12832,5.67727,8.63211,15.57158,-4.97436,-22.96446
Daniyal,1101,1771513173876,-0.05384,5.34915,8.33061,16.85332,-2.65503,-19.9127
Daniyal,1102,1771513173892,-0.54467,4.98784,7.91157,16.24297,-4.30298,-13.69475
Daniyal,1103,1771513173911,-0.75763,4.53051,7.70339,12.58086,-6.62231,-4.84466
Daniyal,1104,1771513173928,-0.72413,4.35075,7.61695,9.04083,-9.12475,3.0899
Daniyal,1105,1771513173943,-0.17348,4.77936,7.67707,8.18633,-12.54272,10.59722
Daniyal,1106,1771513173958,-0.17348,4.77936,7.67707,7.94219,-13.94652,12.06206
Daniyal,1107,1771513173980,0.42503,5.19601,7.4997,6.35528,-16.86858,10.71929
Daniyal,1108,1771513173993,0.45852,5.50499,7.69143,5.25665,-17.35686,9.19341
Daniyal,1109,1771513174010,0.48006,6.04367,7.84936,1.53351,-17.78411,4.61578
Daniyal,1110,1771513174027,0.55932,6.35474,8.11974,0.25177,-17.11272,-2.15912
Daniyal,1111,1771513174044,0.79143,6.05085,8.0001,-0.84686,-16.44133,-5.88226
Daniyal,1112,1771513174060,0.79143,6.05085,8.0001,-3.47137,-13.15307,-11.31438
Daniyal,1113,1771513174076,0.31496,5.55763,8.02642,-5.41687,-12.96996,-11.43645
Daniyal,1114,1771513174093,-0.04666,5.26301,8.27797,-6.33239,-9.55199,-10.70403
Daniyal,1115,1771513174109,0.03978,5.12662,8.17239,-8.04138,-8.75854,-7.71331
Daniyal,1116,1771513174127,0.09721,5.06919,8.37608,-7.36999,-6.07299,-3.99017
Daniyal,1117,1771513174145,0.09721,5.06919,8.37608,-6.5155,-5.76782,-1.24359
Daniyal,1118,1771513174160,0.14985,5.14816,8.54357,-3.71551,-3.32641,1.93024
Daniyal,1119,1771513174176,0.22164,5.40898,8.60339,-1.76239,-1.43433,3.15094
Daniyal,1120,1771513174195,0.37238,5.50977,8.57707,0.49591,1.98364,2.96783
Daniyal,1121,1771513174212,0.24796,5.3659,8.26601,1.10626,4.30298,2.84576
Daniyal,1122,1771513174228,0.14746,5.28455,8.29951,2.08282,5.46264,2.84576
Daniyal,1123,1771513174244,0.14746,5.28455,8.29951,2.75421,6.74438,3.70025
Daniyal,1124,1771513174263,0.4322,5.44726,8.21336,1.65558,7.53784,3.51715
Daniyal,1125,1771513174285,0.78425,5.55045,7.94268,0.74005,6.2561,2.66266
Daniyal,1126,1771513174295,0.77946,5.53131,7.902,0.3128,4.24194,1.38092
Daniyal,1127,1771513174309,0.72682,5.55763,7.99532,0.74005,2.22778,-0.14496
Daniyal,1128,1771513174327,0.7986,5.60788,7.95703,1.22833,0.76294,-1.36566
Daniyal,1129,1771513174345,0.7986,5.60788,7.95703,1.59454,-1.06811,-2.40326
Daniyal,1130,1771513174361,0.7005,5.56002,7.88285,2.44903,-2.53296,-3.01361
Daniyal,1131,1771513174377,0.63111,5.45952,7.89243,2.93731,-2.10571,-4.60052
Daniyal,1132,1771513174396,0.57846,5.54806,8.3019,3.73077,-4.85229,-5.51605
Daniyal,1133,1771513174412,0.47288,5.67009,8.71616,5.98907,-3.87573,-5.39398
Daniyal,1134,1771513174428,0.42263,5.6007,8.25643,6.29425,-4.48608,-4.05121
Daniyal,1135,1771513174445,0.42263,5.6007,8.25643,7.27081,-2.65503,-3.44085
Daniyal,1136,1771513174461,0.3987,5.44965,8.10539,7.39288,-1.67847,-1.85394
Daniyal,1137,1771513174477,0.35803,5.42573,8.08385,8.1253,-0.33569,-1.12152
Daniyal,1138,1771513174494,0.40828,5.47627,7.99293,7.94219,0.5188,-0.45013
Daniyal,1139,1771513174512,0.42024,5.57199,7.97857,8.06426,1.37329,-0.20599
Daniyal,1140,1771513174529,0.44656,5.61027,7.98096,8.06426,1.67847,0.03815
Daniyal,1141,1771513174545,0.44656,5.61027,7.98096,7.94219,2.7771,-0.14496
Daniyal,1142,1771513174562,0.52582,5.53609,7.89721,8.73565,0.94604,0.77057
Daniyal,1143,1771513174579,0.37478,5.72513,8.16042,9.83428,0.33569,2.29645
Daniyal,1144,1771513174593,0.33171,5.82323,8.11017,11.90948,-1.25122,4.06646
Daniyal,1145,1771513174613,0.34845,5.88545,8.12214,14.71709,-1.00708,4.85992
Daniyal,1146,1771513174629,0.29581,5.99103,8.036,16.79228,-1.00708,4.85992
Daniyal,1147,1771513174646,0.29581,5.99103,8.036,17.40264,-0.27466,4.79889
Daniyal,1148,1771513174662,0.20728,5.99103,7.84936,16.73125,1.00708,4.92096
Daniyal,1149,1771513174678,0.15942,5.83759,7.57867,14.0457,1.98364,4.92096
Daniyal,1150,1771513174696,0.38674,5.73709,7.42313,10.62774,1.98364,3.94439
Daniyal,1151,1771513174713,0.68375,5.81845,7.6675,7.39288,1.31225,1.62506
Daniyal,1152,1771513174730,0.68375,5.81845,7.6675,4.58526,-0.03052,-2.34222
Daniyal,1153,1771513174745,0.85125,6.01257,8.00489,1.71661,-0.33569,-5.14984
Daniyal,1154,1771513174762,0.78425,6.16571,7.74646,1.28937,-0.45776,-6.67571
Daniyal,1155,1771513174773,0.18096,6.18246,7.61456,1.1673,-1.06811,-6.73675
Daniyal,1156,1771513174790,-0.46062,6.09153,7.53081,2.20489,-2.04468,-4.66156
Daniyal,1157,1771513174809,-0.61406,5.8017,7.45903,2.69317,-0.7019,-1.54877
Daniyal,1158,1771513174823,-0.61406,5.8017,7.45903,0.61798,2.04468,1.01471
Daniyal,1159,1771513174847,-0.2333,5.82323,7.58824,-1.57928,3.08227,1.44195
Daniyal,1160,1771513174859,0.39392,5.77298,7.8015,-3.22723,4.60815,0.77057
Daniyal,1161,1771513174875,0.68136,5.67249,7.835,-4.74548,3.50952,-0.02289
Daniyal,1162,1771513174895,0.66939,5.70838,7.74407,-7.12585,3.69262,0.34332
Daniyal,1163,1771513174912,0.54018,5.63181,7.15275,-9.75036,3.20434,1.68609
Daniyal,1164,1771513174928,0.54018,5.63181,7.15275,-11.15417,2.59399,3.45611
Daniyal,1165,1771513174943,0.29342,5.45205,7.09263,-12.98522,1.49536,5.47027
Daniyal,1166,1771513174962,0.09003,5.51934,7.23649,-13.10729,-0.39673,7.72857
Daniyal,1167,1771513174978,0.21206,5.87109,7.72493,-12.4359,-1.49536,8.76617
Daniyal,1168,1771513174993,0.3987,6.28295,8.21336,-8.22448,-3.63159,8.94927
Daniyal,1169,1771513175013,0.65264,6.3667,8.66082,-4.56237,-4.54712,8.76617
Daniyal,1170,1771513175029,0.65264,6.3667,8.66082,0.1297,-4.97436,8.39996
Daniyal,1171,1771513175045,0.70289,5.98624,8.11735,1.83868,-6.86645,8.33892
Daniyal,1172,1771513175062,0.50399,5.61745,7.63849,0.25177,-5.88989,8.52203
Daniyal,1173,1771513175078,0.66461,5.57916,7.18385,-1.57928,-6.98852,9.07134
Daniyal,1174,1771513175095,0.84407,5.8328,7.52603,-1.94549,-7.35473,8.46099
Daniyal,1175,1771513175112,0.72921,6.12981,7.97857,-2.43377,-9.30785,8.58306
Daniyal,1176,1771513175137,0.72921,6.12981,7.97857,-1.33514,-9.49096,8.21685
Daniyal,1177,1771513175147,0.71007,6.27578,8.1676,-1.15204,-9.12475,6.3858
Daniyal,1178,1771513175161,0.71486,6.2016,7.92114,-0.17548,-8.39233,4.55474
Daniyal,1179,1771513175179,0.76511,5.85434,7.6675,-1.15204,-6.86645,2.84576
Daniyal,1180,1771513175194,0.82971,5.58395,7.51645,-2.25067,-5.52368,0.8316
Daniyal,1181,1771513175212,0.73878,5.59113,7.65524,-3.71551,-4.85229,-0.3891
Daniyal,1182,1771513175229,0.73878,5.59113,7.65524,-4.31823,-4.18091,-0.5722
Daniyal,1183,1771513175245,0.76271,5.65095,7.68904,-3.10516,-3.87573,-0.32806
Daniyal,1184,1771513175262,0.78425,5.69402,7.97378,-1.15204,-4.60815,0.58746
Daniyal,1185,1771513175279,0.73639,5.62941,8.05035,-0.41962,-4.85229,1.44195
Daniyal,1186,1771513175296,0.70768,5.63659,7.98096,-1.21307,-4.48608,2.66266
Daniyal,1187,1771513175312,0.70768,5.63659,7.98096,-2.43377,-3.93676,3.76129
Daniyal,1188,1771513175328,0.94217,5.64138,7.95703,-4.37927,-3.69262,4.06646
Daniyal,1189,1771513175346,1.11476,5.73231,7.92353,-5.05066,-4.36401,3.94439
Daniyal,1190,1771513175362,0.90389,5.80888,8.3354,-4.37927,-5.82885,4.49371
Daniyal,1191,1771513175379,0.61196,5.84955,8.3689,-4.80652,-5.88989,5.22613
Daniyal,1192,1771513175393,0.56411,5.79213,7.82064,-6.08825,-5.82885,5.59234
Daniyal,1193,1771513175412,0.86321,5.72273,7.55235,-7.24792,-5.58471,5.10406
Daniyal,1194,1771513175429,0.86321,5.72273,7.55235,-8.83483,-4.60815,3.21197
Daniyal,1195,1771513175445,1.15543,5.59352,7.56192,-9.68932,-5.34057,1.80817
Daniyal,1196,1771513175463,1.19372,5.70598,7.80868,-10.72692,-4.60815,-0.08392
Daniyal,1197,1771513175479,1.24397,5.87587,7.94028,-9.26208,-5.52368,-1.06049
Daniyal,1198,1771513175496,1.38036,5.79452,7.90918,-7.18688,-4.91333,-2.28119
Daniyal,1199,1771513175514,1.35404,5.68923,8.24447,-4.13513,-4.54712,-3.56292
Daniyal,1200,1771513175531,1.35404,5.68923,8.24447,0.25177,-4.30298,-4.35638
Daniyal,1201,1771513175547,1.12193,5.74427,8.7018,1.28937,-3.02124,-3.80707
Daniyal,1202,1771513175563,1.04536,5.64856,8.44068,1.65558,-1.80054,-2.8305
Daniyal,1203,1771513175582,1.03549,5.45683,8.3019,0.37384,0.64087,-2.46429
Daniyal,1204,1771513175597,0.87517,5.31326,8.23251,-1.27411,1.86157,-2.34222
Daniyal,1205,1771513175613,0.87517,5.31326,8.23251,-2.37274,2.7771,-1.79291
Daniyal,1206,1771513175631,0.82014,5.32523,8.2014,-2.43377,4.05884,-1.48773
Daniyal,1207,1771513175647,0.935,5.36112,8.11974,-2.61688,4.36401,-1.18256
Daniyal,1208,1771513175663,1.07647,5.34437,7.87568,-3.89099,4.91333,-1.48773
Daniyal,1209,1771513175681,1.1004,5.38505,7.75125,-6.88171,5.15747,-2.28119
Daniyal,1210,1771513175701,0.99482,5.47388,7.86611,-8.46862,3.14331,-1.48773
Daniyal,1211,1771513175713,0.99482,5.47388,7.86611,-10.05553,2.47192,-0.99945
Daniyal,1212,1771513175728,1.00917,5.57438,7.55235,-10.91003,-0.09155,-0.02289
Daniyal,1213,1771513175747,0.90867,5.54806,7.82303,-9.75036,-1.7395,-0.14496
Daniyal,1214,1771513175763,0.86321,5.46431,8.02403,-8.83483,-2.16675,-0.5722
Daniyal,1215,1771513175780,0.76511,5.41376,8.34975,-6.6986,-3.20434,-0.51117
Daniyal,1216,1771513175798,0.76511,5.40419,8.50529,-5.53894,-3.14331,0.28229
Daniyal,1217,1771513175813,0.76511,5.40419,8.50529,-3.47137,-3.81469,0.6485
Daniyal,1218,1771513175830,1.00917,5.33001,8.39522,-3.41034,-2.10571,-0.14496
Daniyal,1219,1771513175846,1.07647,5.35633,8.12214,-2.79999,-2.47192,-1.48773
Daniyal,1220,1771513175864,0.99721,5.50977,8.19901,-3.1662,-2.22778,-2.76947
Daniyal,1221,1771513175877,0.98764,5.62941,8.1341,-3.59344,-2.71606,-3.31878
Daniyal,1222,1771513175897,1.02832,5.4329,8.11974,-4.19616,-2.7771,-3.50189
Daniyal,1223,1771513175912,1.02832,5.4329,8.11974,-5.4779,-1.86157,-3.50189
Daniyal,1224,1771513175926,0.87517,5.16969,8.29472,-6.14929,-3.50952,-2.6474
Daniyal,1225,1771513175942,0.68375,5.06202,8.32583,-8.22448,-3.63159,-1.79291
Daniyal,1226,1771513175963,0.77468,5.00698,8.03839,-8.9569,-5.34057,0.46539
Daniyal,1227,1771513175975,0.95175,4.89661,7.98096,-9.26208,-5.09643,1.31988
Daniyal,1228,1771513175991,0.95175,4.89661,7.98096,-8.89587,-4.42505,1.44195
Daniyal,1229,1771513176016,0.95653,4.93011,8.32343,-7.06481,-5.09643,1.38092
Daniyal,1230,1771513176030,0.99482,5.16969,8.51247,-6.94274,-4.18091,0.77057
Daniyal,1231,1771513176051,1.05494,5.26541,8.39761,-5.72204,-3.26538,0.6485
Daniyal,1232,1771513176061,1.11954,5.09312,8.11735,-7.24792,-0.76294,-0.45013
Daniyal,1233,1771513176074,0.95892,5.11944,8.7999,-6.02722,-0.15259,-1.06049
Daniyal,1234,1771513176091,0.95892,5.11944,8.7999,-6.02722,1.98364,-2.09808
Daniyal,1235,1771513176108,1.14108,5.34915,8.60339,-6.39343,4.11987,-2.70843
Daniyal,1236,1771513176125,1.25354,5.24626,8.2349,-6.21032,6.86645,-3.31878
Daniyal,1237,1771513176141,1.21525,5.18405,8.80469,-3.04413,7.90405,-5.02777
Daniyal,1238,1771513176159,1.42582,5.38505,8.41675,-3.47137,9.24682,-7.04193
Daniyal,1239,1771513176182,1.24158,5.32044,8.51007,-1.76239,9.49096,-8.32366
Daniyal,1240,1771513176199,1.24158,5.32044,8.51007,-1.51825,9.12475,-7.53021
Daniyal,1241,1771513176210,0.75314,5.11944,8.73769,-0.23651,9.61303,-7.3471
Daniyal,1242,1771513176232,0.74836,4.98784,8.56989,-0.54169,12.29858,-7.22503
Daniyal,1243,1771513176249,0.82014,4.98066,8.36172,1.1673,10.40649,-7.95745
Daniyal,1244,1771513176262,0.7675,4.95913,8.62254,0.74005,10.58959,-9.66644
Daniyal,1245,1771513176278,0.83689,4.92533,8.46461,1.04523,11.38305,-11.37542
Daniyal,1246,1771513176297,0.83689,4.92533,8.46461,2.32696,10.40649,-13.0844
Daniyal,1247,1771513176313,0.67896,5.06919,8.90519,3.36456,10.71166,-16.31926
Daniyal,1248,1771513176331,0.8345,5.06919,8.65125,3.54767,12.78686,-18.692
Daniyal,1249,1771513176348,0.86321,5.11944,8.35215,4.03595,12.11547,-19.60753
Daniyal,1250,1771513176363,0.99482,5.24148,8.22054,5.19561,11.81029,-20.82823
Daniyal,1251,1771513176380,1.04058,5.2008,7.91157,4.46319,6.50024,-20.9503
Daniyal,1252,1771513176397,1.04058,5.2008,7.91157,6.9046,0.7019,-21.13341
Daniyal,1253,1771513176414,0.90867,5.14577,8.40718,7.14874,-7.78198,-20.33995
Daniyal,1254,1771513176431,0.87517,5.22951,8.23011,9.65118,-12.48168,-21.01134
Daniyal,1255,1771513176448,0.87039,5.25584,8.45025,10.99395,-19.00481,-21.62169
Daniyal,1256,1771513176466,0.95653,5.51934,8.22533,11.29912,-24.00969,-23.0255
Daniyal,1257,1771513176481,1.09322,5.44726,8.52922,11.72637,-29.93009,-24.2462
Daniyal,1258,1771513176498,1.09322,5.44726,8.52922,12.45879,-34.8129,-25.65001
Daniyal,1259,1771513176521,0.9996,4.78654,8.31147,11.90948,-39.93985,-26.80967
Daniyal,1260,1771513176533,0.9996,4.78654,8.31147,12.03155,-41.7709,-25.71104
Daniyal,1261,1771513176546,-0.05145,4.87747,7.99771,9.28497,-43.29678,-22.65928
Daniyal,1262,1771513176565,-1.11206,5.14337,7.95464,9.52911,-46.03573,-16.01409
Daniyal,1263,1771513176581,-2.37368,5.71556,7.66511,10.13946,-47.68368,-7.3471
Daniyal,1264,1771513176598,-2.37368,5.71556,7.66511,7.33184,-48.4161,1.56402
Daniyal,1265,1771513176615,-2.78794,5.95962,6.77438,6.05011,-46.21884,8.88824
Daniyal,1266,1771513176632,-2.58664,5.6342,6.65235,-0.29755,-39.45157,14.98412
Daniyal,1267,1771513176649,-2.1009,4.95673,6.40559,-7.55309,-36.0336,18.89037
Daniyal,1268,1771513176666,-1.19342,4.49462,6.95384,-13.35143,-29.80802,21.45384
Daniyal,1269,1771513176682,-0.24287,4.35554,7.67468,-24.39878,-28.52629,23.59007
Daniyal,1270,1771513176698,-0.24287,4.35554,7.67468,-30.07505,-27.73283,22.12523
Daniyal,1271,1771513176715,1.04297,4.39861,8.30668,-38.42923,-29.62492,17.97484
Daniyal,1272,1771513176731,2.45294,4.4683,8.07428,-49.11037,-30.90665,9.55962
Daniyal,1273,1771513176749,3.47288,4.31007,8.68475,-48.13382,-24.13176,2.84576
Daniyal,1274,1771513176765,3.0347,4.25264,8.53879,-52.1011,-25.29142,-0.02289
Daniyal,1275,1771513176788,2.69731,4.32921,9.09183,-44.2886,-22.23967,-1.30463
Daniyal,1276,1771513176798,2.69731,4.32921,9.09183,-39.16166,-27.42765,0.52643
Daniyal,1277,1771513176813,2.60399,4.81526,9.58266,-29.64781,-34.8129,-0.26703
Daniyal,1278,1771513176831,3.11366,4.6023,9.88445,-15.7318,-39.14639,-3.56292
Daniyal,1279,1771513176850,3.17378,3.95115,10.22423,-1.76239,-42.62539,-5.76019
Daniyal,1280,1771513176865,3.02991,3.98225,9.54916,10.32256,-39.5126,-8.75091
Daniyal,1281,1771513176881,3.02991,3.98225,9.54916,11.4212,-33.65323,-6.67571
Daniyal,1282,1771513176898,2.30459,4.84397,8.25883,20.14922,-19.18791,-1.97601
Daniyal,1283,1771513176915,1.94058,5.4329,9.03919,13.92363,-12.42064,0.89264
Daniyal,1284,1771513176933,1.99322,5.62224,7.94507,9.46807,-13.2141,2.60162
Daniyal,1285,1771513176949,2.1658,5.34915,7.68904,1.59454,-12.23754,4.55474
Daniyal,1286,1771513176965,2.32373,4.93011,7.01127,-5.05066,-19.98137,5.65338
Daniyal,1287,1771513176981,2.32373,4.93011,7.01127,-9.38415,-20.59172,5.95855
Daniyal,1288,1771513176998,2.2998,4.38903,7.89243,-1.76239,-28.09904,8.58306
Daniyal,1289,1771513177014,2.1012,4.1665,9.39602,-2.73895,-27.12248,7.24029
Daniyal,1290,1771513177033,2.31177,4.08515,8.62014,-0.17548,-28.95353,7.72857
Daniyal,1291,1771513177050,2.26391,4.16411,9.7358,5.68389,-24.62004,9.49859
Daniyal,1292,1771513177073,2.77388,4.40578,9.1014,8.67461,-17.05168,11.26861
Daniyal,1293,1771513177082,2.77388,4.40578,9.1014,6.59942,-9.12475,12.97759
Daniyal,1294,1771513177096,2.98445,4.70758,7.89482,8.73565,-5.09643,14.12963
Daniyal,1295,1771513177116,2.77627,4.93729,8.06232,10.5667,1.43433,14.4348
Daniyal,1296,1771513177131,3.19532,4.94477,7.15275,7.39288,1.67847,12.3062
Daniyal,1297,1771513177149,3.70768,4.89901,7.8996,8.06426,7.35473,7.97271
Daniyal,1298,1771513177166,3.27428,5.04527,8.46222,4.8294,5.34057,6.26373
Daniyal,1299,1771513177180,3.27428,5.04527,8.46222,6.84356,8.20922,3.70025
Daniyal,1300,1771513177197,3.19292,4.95434,8.4359,0.67902,11.50512,3.15094
Daniyal,1301,1771513177216,3.15703,4.82243,7.88764,0.61798,15.89965,2.54059
Daniyal,1302,1771513177234,3.28624,4.82722,8.8334,-1.64032,18.88274,3.15094
Daniyal,1303,1771513177249,3.22882,4.81047,8.71616,-3.83758,22.3007,3.45611
Daniyal,1304,1771513177266,2.89113,4.69322,9.50369,0.74005,21.99553,4.79889
Daniyal,1305,1771513177283,2.89113,4.69322,9.50369,-3.65448,23.82658,5.59234
Daniyal,1306,1771513177299,2.88395,4.53769,8.62254,-2.00653,25.10832,5.47027
Daniyal,1307,1771513177317,2.91506,4.5353,8.79273,-9.32311,26.51213,4.73785
Daniyal,1308,1771513177339,2.49123,4.62622,8.67279,-4.92859,25.35246,3.51715
Daniyal,1309,1771513177350,2.08445,4.6334,8.66082,-5.66101,25.29142,4.85992
Daniyal,1310,1771513177365,2.08445,4.6334,8.66082,-9.01794,26.57316,6.32476
Daniyal,1311,1771513177381,1.95015,4.36511,8.11017,-4.98962,27.67179,11.63482
Daniyal,1312,1771513177400,1.50957,4.401,8.26361,-11.52038,31.57804,14.86205
Daniyal,1313,1771513177418,1.14108,4.28136,8.45504,-6.94274,28.52629,20.66039
Daniyal,1314,1771513177433,0.77707,4.29571,8.96501,-8.7738,30.60148,23.65111
Daniyal,1315,1771513177449,1.61994,4.31725,8.4335,-8.65173,44.09024,26.51975
Daniyal,1316,1771513177467,4.72762,4.71954,10.15245,4.52423,55.86238,5.1651
Daniyal,1317,1771513177483,4.72762,4.71954,10.15245,21.30888,50.85751,-5.57708
Daniyal,1318,1771513177499,1.71565,5.35633,9.95863,24.42167,26.93937,-9.17815
Daniyal,1319,1771513177515,1.01635,5.37548,7.74168,31.9824,31.70011,-18.81407
Daniyal,1320,1771513177534,2.03629,5.49542,8.5005,39.1235,15.16723,-24.2462
Daniyal,1321,1771513177551,2.10359,5.05484,8.20858,42.78561,20.10344,-29.86143
Daniyal,1322,1771513177566,2.10359,5.05484,8.20858,40.22214,17.84514,-35.41562
Daniyal,1323,1771513177589,1.27268,4.96152,7.73689,36.62107,16.31926,-42.55673
Daniyal,1324,1771513177599,0.84168,5.02373,7.3681,35.27829,17.53996,-46.64608
Daniyal,1325,1771513177613,0.7005,5.40898,6.50608,32.89792,20.34758,-49.324
Daniyal,1326,1771513177634,0.1331,5.30608,6.44866,29.41892,21.56828,-49.99539
Daniyal,1327,1771513177651,-0.97298,5.61506,6.82941,22.83476,17.23479,-49.07986
Daniyal,1328,1771513177667,-0.97298,5.61506,6.82941,16.73125,11.93236,-47.1954
Daniyal,1329,1771513177683,-1.04746,5.90698,7.38246,16.304,9.49096,-42.73984
Daniyal,1330,1771513177699,-1.09292,5.98385,7.55235,16.36504,14.19066,-35.65976
Daniyal,1331,1771513177716,-0.88684,5.90937,7.47578,17.46367,23.94865,-29.25108
Daniyal,1332,1771513177736,-0.80548,5.97159,8.25883,15.75469,33.16496,-30.71592
Daniyal,1333,1771513177751,0.01825,7.40339,8.28754,13.92363,33.22599,-44.63193
Daniyal,1334,1771513177765,0.01825,7.40339,8.28754,5.19561,34.99601,-59.39479
Daniyal,1335,1771513177784,0.22164,7.9684,6.72413,4.40216,33.89737,-66.10866
Daniyal,1336,1771513177800,-1.32263,7.93011,7.4997,9.28497,33.77531,-64.33863
Daniyal,1337,1771513177815,-2.65155,7.74347,7.72014,11.90948,25.10832,-57.62477
Daniyal,1338,1771513177847,-4.14287,7.23111,8.0336,11.97051,20.65276,-35.04941
Daniyal,1339,1771513177854,-4.23889,6.1681,8.70658,14.10674,13.51928,-20.58409
Daniyal,1340,1771513177863,-4.23889,6.1681,8.70658,15.32744,16.08275,-18.81407
Daniyal,1341,1771513177878,-2.59382,4.87986,7.64327,8.43047,14.31273,-15.95305
Daniyal,1342,1771513177899,-2.65155,4.15932,6.10888,-0.35858,9.67406,-17.83751
Daniyal,1343,1771513177919,-2.65873,3.27817,6.05593,-3.04413,0.94604,-11.25335
Daniyal,1344,1771513177936,-2.9004,2.92164,6.33859,-4.50134,-12.11547,5.53131
Daniyal,1345,1771513177951,-2.60608,3.59432,6.62363,-2.49481,-16.86858,18.7683
Daniyal,1346,1771513177966,-2.60608,3.59432,6.62363,-4.68444,-16.80754,26.33665
Daniyal,1347,1771513177982,-1.76321,4.68604,6.27398,-11.52038,-23.27727,28.83909
Daniyal,1348,1771513178001,-1.52363,5.9357,7.32024,-3.22723,-21.44621,28.22874
Daniyal,1349,1771513178017,-2.32104,6.48874,8.10299,10.32256,-25.5966,28.22874
Daniyal,1350,1771513178034,-2.05753,6.32363,7.99532,24.78789,-17.35686,26.09251
Daniyal,1351,1771513178051,-1.78235,6.48395,7.37767,24.1165,-14.67131,25.17698
Daniyal,1352,1771513178067,-1.78235,6.48395,7.37767,25.3372,-9.12475,25.11595
Daniyal,1353,1771513178083,-0.82463,6.64935,7.81346,25.09306,-0.39673,17.36449
Daniyal,1354,1771513178102,0.18814,5.62941,7.40878,20.02715,-8.63647,7.30133
Daniyal,1355,1771513178121,-0.02752,5.44248,6.88684,16.73125,-13.45824,1.62506
Daniyal,1356,1771513178129,-0.15673,6.7355,5.78794,13.67949,-16.44133,1.8692
Daniyal,1357,1771513178151,-0.01795,7.1354,5.15593,3.66974,-10.04028,1.93024
Daniyal,1358,1771513178167,-0.01795,7.1354,5.15593,0.1297,-6.37817,-0.81634
Daniyal,1359,1771513178183,-0.27159,7.28375,6.77677,-0.60272,-2.47192,-5.0888
Daniyal,1360,1771513178201,-1.84217,7.84397,9.09422,11.6043,-1.31225,0.03815
Daniyal,1361,1771513178219,-3.38405,8.17927,10.11656,25.52031,11.26098,7.6065
Daniyal,1362,1771513178234,-2.64915,7.08993,9.12294,34.2407,17.17375,14.12963
Daniyal,1363,1771513178250,-2.64915,7.08993,9.12294,36.43796,31.08976,15.71654
Daniyal,1364,1771513178267,-0.71216,5.45952,6.62842,14.35088,24.559,13.76342
Daniyal,1365,1771513178285,0.04696,5.46192,5.75922,3.66974,18.27239,11.51275
Daniyal,1366,1771513178301,0.04696,6.32124,7.48774,-0.72479,11.56615,7.66754
Daniyal,1367,1771513178317,-0.75763,7.75065,8.72094,-0.11444,3.75366,8.09478
Daniyal,1368,1771513178333,-0.80788,7.80329,8.42632,4.52423,3.44848,7.30133
Daniyal,1369,1771513178352,-0.80788,7.80329,8.42632,4.58526,7.17163,2.96783
Daniyal,1370,1771513178376,-0.13998,6.95564,7.45663,3.54767,2.9602,-2.28119
Daniyal,1371,1771513178384,-0.32183,7.36272,8.07907,3.30353,-0.76294,-3.92914
Daniyal,1372,1771513178400,-0.67627,7.82961,7.97378,5.50079,0.88501,-4.29535
Daniyal,1373,1771513178417,-0.66431,7.35314,7.66511,3.36456,2.53296,-5.63812
Daniyal,1374,1771513178435,-1.16231,7.64776,8.32583,9.89532,-1.92261,-2.22015
Daniyal,1375,1771513178451,-1.16231,7.64776,8.32583,8.79669,5.15747,-0.69427
Daniyal,1376,1771513178467,-0.53031,6.21117,6.14477,0.25177,-4.91333,2.29645
Daniyal,1377,1771513178484,-0.83659,5.68923,5.97458,-3.41034,-9.30785,0.77057
Daniyal,1378,1771513178500,-0.36251,5.24387,5.94347,-7.55309,-9.00268,-2.8305
Daniyal,1379,1771513178516,-0.83898,5.25823,5.82862,-10.36071,-11.62719,-5.51605
Daniyal,1380,1771513178534,-1.32981,5.83041,6.50848,-12.80211,-10.16235,-13.26751
Daniyal,1381,1771513178552,-1.32981,5.83041,6.50848,-11.76452,-11.81029,-15.3427
Daniyal,1382,1771513178566,-1.7321,6.92214,7.54517,-10.91003,-12.1765,-18.14269
Daniyal,1383,1771513178583,-0.8653,6.93649,7.92832,-5.2948,-8.75854,-20.64513
Daniyal,1384,1771513178601,0.08524,5.78256,7.11895,-4.86755,-7.2937,-24.06309
Daniyal,1385,1771513178619,0.16899,5.48345,6.69063,-0.60272,-13.39721,-23.87999
Daniyal,1386,1771513178629,0.16899,5.48345,6.69063,2.5711,-13.27514,-21.49962
Daniyal,1387,1771513178651,-0.07537,5.50738,6.05354,-1.45721,-20.22551,-15.03753
Daniyal,1388,1771513178663,-0.68824,5.33719,5.28754,-4.74548,-27.73283,-8.75091
Daniyal,1389,1771513178679,-1.16471,6.1011,5.89083,-3.41034,-26.20695,-10.09368
Daniyal,1390,1771513178701,-0.92273,7.5688,6.83899,3.91388,-16.74651,-15.09856
Daniyal,1391,1771513178720,-0.10409,7.133,7.67947,8.79669,-3.44848,-22.53721
Daniyal,1392,1771513178737,0.4681,5.8017,6.82224,8.61358,3.81469,-25.71104
Daniyal,1393,1771513178752,0.4681,5.8017,6.82224,2.51007,2.34985,-28.39659
Daniyal,1394,1771513178767,0.26949,5.25823,6.47737,4.6463,-5.95092,-27.17588
Daniyal,1395,1771513178788,-0.23569,6.07956,7.12134,3.4256,-14.67131,-26.6876
Daniyal,1396,1771513178801,-0.82463,6.86949,7.04955,2.51007,-25.04728,-22.53721
Daniyal,1397,1771513178818,-0.73131,7.55683,7.78475,4.40216,-23.03312,-22.41514
Daniyal,1398,1771513178836,-0.48933,8.30369,8.29233,-4.07409,-26.39006,-26.13829
Daniyal,1399,1771513178852,-0.48933,8.30369,8.29233,2.81524,-30.60148,-23.51378
Daniyal,1400,1771513178878,-0.49651,9.54138,10.01845,8.24737,-22.97209,-24.12413
Daniyal,1401,1771513178885,0.99242,8.97398,9.47737,12.27569,-33.28702,-18.08165
Daniyal,1402,1771513178902,1.05733,8.55494,9.01287,21.24785,-26.14592,-16.01409
Daniyal,1403,1771513178917,1.12433,6.84317,6.71935,15.14434,-22.1176,-16.31926
Daniyal,1404,1771513178936,1.12433,6.84317,6.71935,4.15802,-42.01505,-9.48333
Daniyal,1405,1771513178953,-0.70977,7.39861,7.78954,10.26153,-32.00529,-10.45989
Daniyal,1406,1771513178969,-0.13998,7.52064,8.04317,3.91388,-27.30558,-9.05608
Daniyal,1407,1771513178987,-0.5997,6.90778,7.6002,-0.9079,-29.86906,-6.43157
Daniyal,1408,1771513179001,-0.65474,7.58555,8.69671,-2.61688,-23.52141,-8.32366
Daniyal,1409,1771513179017,-0.47498,8.17687,8.99372,-5.2948,-20.59172,-6.24847
Daniyal,1410,1771513179037,-0.47498,8.17687,8.99372,4.21905,-18.08928,-1.79291
Daniyal,1411,1771513179052,-0.27398,7.98754,9.88206,7.39288,-9.97924,-0.75531
Daniyal,1412,1771513179069,1.16022,5.72752,7.54278,3.30353,-16.50237,1.56402
Daniyal,1413,1771513179085,1.78265,4.73869,5.74965,-2.18963,-20.10344,1.74713
Daniyal,1414,1771513179101,1.78744,4.61426,5.49572,-7.30895,-24.43693,0.16022
Daniyal,1415,1771513179123,1.86879,5.21994,6.81266,3.48663,-21.69035,-7.89642
Daniyal,1416,1771513179136,1.86879,5.21994,6.81266,9.77325,-17.78411,-11.55852
Daniyal,1417,1771513179150,1.93579,5.16012,6.7026,17.64678,-18.27239,-12.84026
Daniyal,1418,1771513179169,1.21047,4.50419,5.91954,24.60478,-16.19719,-16.3803
Daniyal,1419,1771513179186,1.30857,4.37229,5.34497,25.03202,-23.94865,-17.77648
Daniyal,1420,1771513179203,1.81376,4.73151,5.81665,29.05271,-23.64348,-21.62169
Daniyal,1421,1771513179222,1.40668,4.85115,6.09661,28.32029,-25.10832,-21.19444
Daniyal,1422,1771513179236,1.40668,4.85115,6.09661,23.50615,-22.3007,-20.82823
Daniyal,1423,1771513179250,0.85364,5.23909,5.65633,12.76397,-18.8217,-17.53996
Daniyal,1424,1771513179270,0.45852,5.89741,6.10648,5.68389,-17.35686,-11.13128
Daniyal,1425,1771513179286,0.92064,6.59911,6.34816,3.79181,-10.28442,-8.87298
Daniyal,1426,1771513179302,1.08604,6.39542,5.68505,5.07354,-4.11987,-6.1264
Daniyal,1427,1771513179314,1.08604,6.39542,5.68505,9.46807,4.73022,-5.45501
Daniyal,1428,1771513179334,1.20808,6.01974,6.39123,8.97979,-1.00708,-2.8305
Daniyal,1429,1771513179352,1.07408,7.02054,7.77039,8.24737,-1.12915,-1.06049
Daniyal,1430,1771513179377,1.05494,7.65015,8.74487,12.27569,-3.38745,2.66266
Daniyal,1431,1771513179385,0.84646,7.67408,8.02642,10.93291,3.20434,3.82232
Daniyal,1432,1771513179399,0.88953,7.35075,7.12612,5.98907,5.95092,3.70025
Daniyal,1433,1771513179418,0.88953,7.35075,7.12612,7.20977,12.05443,3.63922
Daniyal,1434,1771513179436,0.74118,7.74587,8.41197,2.5711,11.01684,7.05718
Daniyal,1435,1771513179453,0.533,8.27498,8.56989,4.15802,10.58959,9.43755
Daniyal,1436,1771513179468,0.42742,8.61984,8.52204,3.05939,9.85717,11.32964
Daniyal,1437,1771513179483,0.6335,7.94686,8.05514,5.37872,10.52856,11.20757
Daniyal,1438,1771513179498,0.5016,6.94367,7.41835,8.91876,12.35961,11.20757
Daniyal,1439,1771513179515,0.5016,6.94367,7.41835,4.21905,10.34545,14.2517
Daniyal,1440,1771513179530,-0.16391,6.97239,7.26999,5.01251,7.23266,17.91381
Daniyal,1441,1771513179548,-0.62124,7.50628,7.92593,2.87628,8.81957,18.89037
Daniyal,1442,1771513179568,-0.5997,7.2024,7.02084,3.66974,12.78686,19.13451
Daniyal,1443,1771513179580,-0.41515,6.51057,6.17588,2.44903,16.14379,18.03587
Daniyal,1444,1771513179601,-0.12084,6.28295,5.99133,0.3128,18.33342,15.16723
Daniyal,1445,1771513179613,-0.12084,6.28295,5.99133,-2.25067,19.61516,12.85552
Daniyal,1446,1771513179633,-0.14477,6.20399,6.63081,-4.13513,15.35033,11.26861
Daniyal,1447,1771513179651,-0.57099,7.00828,7.46381,-2.67792,11.74926,8.33892
Daniyal,1448,1771513179667,-0.10169,6.59432,6.45344,-3.10516,12.84789,4.85992
Daniyal,1449,1771513179682,-0.23569,6.00299,6.27159,0.06866,9.91821,2.54059
Daniyal,1450,1771513179701,-0.23569,6.00299,6.27159,1.10626,13.031,-0.20599
Daniyal,1451,1771513179719,0.18335,5.57199,5.87169,-3.10516,11.07787,-0.5722
Daniyal,1452,1771513179730,-0.01316,5.98624,5.75444,-8.52966,10.9558,-0.93841
Daniyal,1453,1771513179751,-0.17109,6.07956,6.23091,-14.6942,12.60375,-3.80707
Daniyal,1454,1771513179768,-0.41276,5.72991,5.87887,-23.05601,19.79827,-9.05608
Daniyal,1455,1771513179786,-0.74566,5.9357,5.94587,-28.244,21.38518,-13.63372
Daniyal,1456,1771513179803,-0.72652,6.98674,6.69781,-28.48814,20.46965,-15.95305
Daniyal,1457,1771513179818,-0.72652,6.98674,6.69781,-26.65708,18.15032,-17.05168
Daniyal,1458,1771513179834,-0.28834,7.36032,6.80309,-15.97594,9.36889,-15.3427
Daniyal,1459,1771513179857,-0.27159,7.68605,6.95863,-0.05341,-8.88061,-8.44573
Daniyal,1460,1771513179867,-0.57099,7.535,7.37767,5.56182,-15.52581,-6.24847
Daniyal,1461,1771513179885,-0.32901,6.99153,7.18864,11.54327,-23.70451,-2.46429
Daniyal,1462,1771513179902,-0.21176,7.74587,7.41596,19.11162,-29.31974,0.52643
Daniyal,1463,1771513179919,-0.21176,7.74587,7.41596,18.86748,-16.92962,0.70953
Daniyal,1464,1771513179935,1.18893,7.535,5.77837,7.27081,-4.24194,-2.40326
Daniyal,1465,1771513179954,0.28624,7.72194,7.52842,-16.83043,-19.37102,-5.82122
Daniyal,1466,1771513179970,-1.80628,7.44168,11.98894,-3.41034,-13.15307,-1.24359
Daniyal,1467,1771513179987,-0.1663,6.89103,10.30589,8.36944,2.71606,-2.95257
Daniyal,1468,1771513180002,0.14506,6.65175,5.97936,3.6087,2.22778,-1.6098
Daniyal,1469,1771513180018,0.14506,6.65175,5.97936,-7.61413,-6.19506,-2.52533
Daniyal,1470,1771513180034,0.29103,6.64935,5.38565,-9.81139,-6.68334,-3.07464
Daniyal,1471,1771513180053,0.47049,7.27657,7.27956,-4.2572,-12.72582,-3.44085
Daniyal,1472,1771513180070,0.77468,6.70678,6.72652,-8.59069,-6.80541,-6.67571
Daniyal,1473,1771513180087,0.29103,6.28056,6.34098,-12.55797,-10.16235,-7.65228
Daniyal,1474,1771513180104,0.08046,6.51536,6.81745,-9.68932,-8.27026,-9.78851
Daniyal,1475,1771513180127,-0.03709,6.12024,6.08704,-12.06969,-8.45336,-9.17815
Daniyal,1476,1771513180137,-0.03709,6.12024,6.08704,-11.76452,-6.50024,-8.99505
Daniyal,1477,1771513180153,-0.08973,5.6007,6.38884,-13.65661,-3.69262,-9.11712
Daniyal,1478,1771513180171,-0.50608,5.92612,6.81266,-14.45006,-5.95092,-7.71331
Daniyal,1479,1771513180188,-0.30269,6.16331,7.40878,-13.59557,-4.60815,-7.65228
Daniyal,1480,1771513180205,-0.29551,6.38345,7.55713,-6.21032,-3.87573,-6.18743
Daniyal,1481,1771513180220,-0.29551,6.38345,7.55713,-5.41687,-0.57983,-8.26263
Daniyal,1482,1771513180236,-0.06102,6.60628,6.70499,-2.25067,-5.70678,-8.26263
Daniyal,1483,1771513180253,0.24556,6.81207,6.86531,1.89972,-1.67847,-10.76507
Daniyal,1484,1771513180271,0.77707,6.48395,5.75205,-2.79999,-8.75854,-13.20647
Daniyal,1485,1771513180287,0.66221,6.73071,6.11605,-4.62341,-13.15307,-15.76995
Daniyal,1486,1771513180304,0.66221,6.73071,6.11605,-2.55585,-17.601,-19.85167
Daniyal,1487,1771513180321,0.61675,7.74108,8.02403,10.3836,-18.39445,-21.31651
Daniyal,1488,1771513180338,0.42503,8.10987,8.23251,8.3084,-15.22063,-22.47618
Daniyal,1489,1771513180354,-0.25005,8.22712,6.8342,4.89044,-22.66692,-19.42443
Daniyal,1490,1771513180379,0.03021,7.39621,7.09023,6.78253,-16.74651,-20.21788
Daniyal,1491,1771513180389,0.28146,6.2327,6.04397,0.1297,-17.90618,-20.33995
Daniyal,1492,1771513180402,0.28146,6.2327,6.04397,-7.98034,-23.46037,-19.05821
Daniyal,1493,1771513180418,-1.06899,6.28056,6.77677,-11.09313,-27.42765,-18.99718
Daniyal,1494,1771513180437,-1.42074,7.28614,7.9331,-9.14001,-22.78898,-17.47893
Daniyal,1495,1771513180456,-1.88285,7.48236,7.87807,-8.04138,-14.2517,-16.92962
Daniyal,1496,1771513180471,-2.15593,6.50339,7.47578,-9.32311,-0.88501,-16.19719
Daniyal,1497,1771513180488,-2.74247,5.75145,7.11655,-15.5487,1.25122,-11.25335
Daniyal,1498,1771513180503,-2.74247,5.75145,7.11655,-21.10289,2.89917,-8.93401
Daniyal,1499,1771513180520,-2.02164,5.71077,7.74407,-25.00914,1.31225,-7.77435
Daniyal,1500,1771513180536,-1.6675,6.72832,9.24288,-11.0321,1.37329,-7.65228
Daniyal,1501,1771513180554,-1.34656,7.267,8.8669,-4.68444,12.35961,-11.19231
Daniyal,1502,1771513180571,-0.87009,6.84796,6.71217,-13.90075,-5.95092,-7.71331
Daniyal,1503,1771513180587,-0.25723,5.98385,6.53958,-10.36071,-5.27954,-3.68499
Daniyal,1504,1771513180611,-0.25723,5.98385,6.53958,-17.56285,-13.15307,-7.65228
Daniyal,1505,1771513180620,1.6343,5.52892,5.93151,-19.39391,-30.17423,-5.82122
Daniyal,1506,1771513180634,1.29661,6.14417,7.15514,-16.28111,-31.76114,-12.10784
Daniyal,1507,1771513180655,1.18176,6.58475,8.3665,-0.96893,-35.48429,-15.1596
Daniyal,1508,1771513180672,1.02353,6.25663,7.47338,9.95635,-23.88762,-20.9503
Daniyal,1509,1771513180689,0.8656,5.15773,5.9339,10.99395,-21.44621,-22.23204
Daniyal,1510,1771513180703,0.8656,5.15773,5.9339,9.95635,-15.22063,-24.67344
Daniyal,1511,1771513180719,-0.02273,4.31486,6.66431,8.43047,-17.601,-24.49034
Daniyal,1512,1771513180737,-0.9993,4.84636,7.64088,4.21905,-14.55687,-26.56553
Daniyal,1513,1771513180753,-0.75763,6.31885,7.61217,0.19073,-9.79614,-26.74864
Daniyal,1514,1771513180773,-1.56221,7.94447,8.89801,1.71661,-1.31225,-22.04893
Daniyal,1515,1771513180788,-1.11206,8.43291,10.47338,8.00323,10.34545,-15.40374
Daniyal,1516,1771513180803,-1.11206,8.43291,10.47338,18.62334,16.92962,-10.39886
Daniyal,1517,1771513180820,0.56172,7.59273,8.99372,17.46367,23.3383,-10.15472
Daniyal,1518,1771513180837,1.54307,6.27099,6.05354,6.72149,5.95092,-9.17815
Daniyal,1519,1771513180861,1.33011,5.9333,6.0344,7.33184,-5.09643,-9.66644
Daniyal,1520,1771513180871,0.77468,5.72752,6.47259,8.67461,-11.74926,-7.71331
Daniyal,1521,1771513180886,0.77468,5.72752,6.47259,8.18633,-21.32414,-3.74603
Daniyal,1522,1771513180904,-0.86052,5.68684,5.80469,9.77325,-22.1176,-1.85394
Daniyal,1523,1771513180921,-0.81027,5.25105,5.14397,12.70293,-15.09856,-1.67084
Daniyal,1524,1771513180938,-0.27398,3.96551,4.84457,10.13946,-5.46264,-0.87738
Daniyal,1525,1771513180953,-1.18863,3.1657,4.71057,3.54767,-4.60815,0.28229
Daniyal,1526,1771513180972,-1.66989,3.32842,4.60289,-2.00653,-0.21362,-0.51117
Daniyal,1527,1771513180988,-1.66989,3.32842,4.60289,-1.091,8.39233,-1.48773
Daniyal,1528,1771513181005,-1.11924,4.07797,4.80868,7.0877,26.32902,-2.15912
Daniyal,1529,1771513181021,-0.81266,4.55444,4.60529,9.71221,35.11808,-1.97601
Daniyal,1530,1771513181037,-1.14078,4.81526,4.39681,7.39288,42.07608,-0.51117
Daniyal,1531,1771513181055,-2.00967,5.42812,6.16391,2.388,36.58292,2.66266
Daniyal,1532,1771513181077,-2.7999,8.18884,9.2668,13.92363,38.35294,15.65551
Daniyal,1533,1771513181088,-2.7999,8.18884,9.2668,16.85332,40.48917,18.34105
Daniyal,1534,1771513181106,-1.31785,9.29253,11.27289,9.95635,35.91153,22.36937
Daniyal,1535,1771513181121,-1.35613,9.30688,12.20429,6.05011,19.67619,29.63255
Daniyal,1536,1771513181138,-0.72174,10.0011,12.84348,11.54327,23.88762,30.05979
Daniyal,1537,1771513181155,-0.38644,10.55893,12.73341,-11.70348,0.45776,21.69798
Daniyal,1538,1771513181173,-3.14716,12.52224,15.19951,10.99395,-3.87573,43.42648
Daniyal,1539,1771513181188,-3.14716,12.52224,15.19951,19.72197,24.98625,34.9426
Daniyal,1540,1771513181205,0.37238,9.1011,11.24657,3.6087,3.02124,34.33225
Daniyal,1541,1771513181222,-1.51406,8.68206,10.01366,2.14386,-1.92261,37.75022
Daniyal,1542,1771513181239,0.39392,7.42493,8.73051,-4.37927,0.03052,32.8674
Daniyal,1543,1771513181255,-1.15753,8.58874,10.26282,-12.31383,-22.54484,35.18674
Daniyal,1544,1771513181273,-1.39681,9.87189,13.12373,10.44463,-17.17375,41.59543
Daniyal,1545,1771513181289,-1.39681,9.87189,13.12373,28.6865,-2.10571,45.00577
Daniyal,1546,1771513181314,0.62632,8.04018,9.53959,39.48972,-2.89917,53.0624
Daniyal,1547,1771513181324,0.75553,5.44248,6.04397,51.57467,6.56127,58.49453
Daniyal,1548,1771513181339,1.43061,2.84477,3.26202,52.24605,15.59447,56.48037
Daniyal,1549,1771513181353,0.95175,1.18804,1.95254,45.22702,8.75854,50.13271
Daniyal,1550,1771513181372,-0.08016,0.9009,1.41117,32.04343,-4.48608,40.13058
Daniyal,1551,1771513181390,-0.08016,0.9009,1.41117,22.22441,-9.06371,33.53879
Daniyal,1552,1771513181406,-0.07298,1.28375,1.02592,13.43535,-9.18578,25.17698
Daniyal,1553,1771513181423,1.28704,1.0995,1.74885,15.02227,8.20922,14.19066
Daniyal,1554,1771513181438,1.53829,0.4651,3.01555,20.75957,13.2141,8.6441
Daniyal,1555,1771513181455,0.69332,0.87458,2.57498,22.10234,18.94377,8.88824
Daniyal,1556,1771513181473,0.41067,1.84666,1.71057,16.48711,19.06584,9.01031
Daniyal,1557,1771513181490,0.41067,1.84666,1.71057,14.28985,25.65763,5.1651
Daniyal,1558,1771513181505,1.78026,4.1354,2.43829,2.75421,31.08976,-11.13128
Daniyal,1559,1771513181522,3.01077,8.04736,3.4343,-17.07457,19.12688,-21.56065
Daniyal,1560,1771513181547,-0.67866,7.45364,5.92194,-27.81675,-11.56615,-18.14269
Daniyal,1561,1771513181558,-2.06471,6.84078,7.97139,-27.87779,19.61516,-13.32854
Daniyal,1562,1771513181573,-0.17348,6.52493,12.38645,-18.11217,15.35033,-16.68547
Daniyal,1563,1771513181590,-0.17348,6.52493,12.38645,-7.43102,45.12783,-20.88927
Daniyal,1564,1771513181605,0.38913,7.87747,9.64487,-28.91538,39.20743,-27.60313
Daniyal,1565,1771513181622,-0.21655,12.20369,8.68236,-40.56546,16.50237,-29.19004
Daniyal,1566,1771513181639,-2.02642,14.41137,13.41596,-11.70348,17.96721,-18.56993
Daniyal,1567,1771513181655,-3.21655,13.86072,14.34707,10.50567,28.16007,-5.57708
Daniyal,1568,1771513181671,-3.21655,13.86072,14.34707,11.72637,26.32902,1.68609
Daniyal,1569,1771513181688,-2.91476,12.1343,11.57707,7.39288,29.13664,11.39068
Daniyal,1570,1771513181706,-3.4343,10.74347,11.36651,7.63702,35.78946,17.12035
Daniyal,1571,1771513181723,-3.40558,9.74028,11.49333,6.78253,32.18839,27.13011
Daniyal,1572,1771513181740,-2.04796,7.57358,8.66561,2.63214,29.68595,30.91428
Daniyal,1573,1771513181754,-1.08574,6.51296,6.7026,-9.62829,13.45824,29.3884
Daniyal,1574,1771513181773,-1.08574,6.51296,6.7026,-20.18736,-6.68334,31.03635
Daniyal,1575,1771513181795,-1.94746,7.32922,7.01127,-12.00866,-18.88274,27.55735
Daniyal,1576,1771513181804,-0.98973,7.16172,7.32024,-6.88171,-17.53996,26.45872
Daniyal,1577,1771513181821,-0.77438,5.81127,6.08704,-3.77655,-16.5634,23.10179
Daniyal,1578,1771513181839,-0.92991,4.58794,4.9666,-7.43102,-11.81029,15.2893
Daniyal,1579,1771513181856,-1.3011,3.97029,4.41595,-13.35143,-11.56615,11.63482
Daniyal,1580,1771513181873,-1.3011,3.97029,4.41595,-20.18736,-12.60375,8.8272
Daniyal,1581,1771513181890,-1.44227,3.8001,4.37528,-20.4315,-7.23266,4.61578
Daniyal,1582,1771513181908,-1.36092,3.96551,5.21336,-11.27624,4.05884,0.09918
Daniyal,1583,1771513181922,-1.74168,4.11625,5.01924,-4.98962,10.28442,1.07574
Daniyal,1584,1771513181939,-1.53559,3.82403,3.97538,2.20489,15.16723,5.59234
Daniyal,1585,1771513181957,-0.53749,3.37867,2.83101,1.47247,28.95353,6.20269
Daniyal,1586,1771513181972,-0.53749,3.37867,2.83101,-13.59557,29.25871,-1.4267
Daniyal,1587,1771513181990,0.11157,3.6326,2.41675,-32.51645,21.87346,-10.8261
Daniyal,1588,1771513182005,-0.45583,4.85354,4.40638,-39.46683,17.78411,-19.18028
Daniyal,1589,1771513182030,-1.10728,6.15374,7.49253,-18.47838,30.90665,-10.643
Daniyal,1590,1771513182042,-1.51406,6.47199,8.79751,-14.5111,35.42325,-9.11712
Daniyal,1591,1771513182054,-0.91795,5.61984,7.21974,-24.765,39.57364,-11.61956
Daniyal,1592,1771513182074,-0.91795,5.61984,7.21974,-35.19437,28.038,-14.79339
Daniyal,1593,1771513182089,-2.23968,6.4672,8.72812,-29.2816,14.06859,-14.61028
Daniyal,1594,1771513182105,-3.26441,8.57408,10.51167,-12.2528,21.93449,-9.66644
Daniyal,1595,1771513182122,-3.11815,8.74666,8.9004,-15.24352,22.54484,-8.26263
Daniyal,1596,1771513182140,-2.82383,8.02343,8.62493,-21.83531,22.05656,-5.76019
Daniyal,1597,1771513182157,-2.82144,7.34118,11.02643,-21.59117,9.42992,2.29645
Daniyal,1598,1771513182174,-2.82144,7.34118,11.02643,-8.71276,3.26538,8.70513
Daniyal,1599,1771513182190,-2.08176,7.52064,11.45265,-4.13513,1.67847,8.94927
Daniyal,1600,1771513182207,-1.81107,8.07159,9.15644,-4.68444,-7.84301,10.65826
Daniyal,1601,1771513182225,-2.07189,8.20559,7.96421,-4.19616,-9.42992,8.46099
Daniyal,1602,1771513182240,-2.07189,7.39382,7.41835,-6.94274,-14.37377,9.01031
Daniyal,1603,1771513182264,-2.12961,6.65653,7.71775,-7.12585,-17.84514,9.8648
Daniyal,1604,1771513182271,-2.12961,6.65653,7.71775,-2.06756,-17.35686,9.80377
Daniyal,1605,1771513182288,-1.98096,6.28774,8.18226,2.5711,-17.47893,9.8648
Daniyal,1606,1771513182307,-1.93549,6.34517,7.54517,3.4256,-15.1596,8.52203
Daniyal,1607,1771513182322,-2.11047,6.57278,7.82064,6.59942,-16.3803,9.25445
Daniyal,1608,1771513182339,-1.3322,6.51775,7.98575,9.77325,-13.33617,9.80377
Daniyal,1609,1771513182356,-1.3322,6.51775,7.98575,13.67949,-11.93236,13.51928
Daniyal,1610,1771513182373,-0.57817,5.9022,7.24128,23.62822,-7.23266,21.88109
Daniyal,1611,1771513182391,0.15703,4.31964,5.2014,19.11162,10.46752,21.82005
Daniyal,1612,1771513182407,0.44895,2.63181,3.29791,-3.65448,-4.85229,16.14379
Daniyal,1613,1771513182423,-1.49252,3.93918,5.3019,-16.52526,-33.22599,19.13451
Daniyal,1614,1771513182440,-0.30508,6.67089,8.01446,-1.02997,-25.04728,14.49584
Daniyal,1615,1771513182457,-0.30508,6.67089,8.01446,9.71221,-11.01684,-2.15912
Daniyal,1616,1771513182472,1.90469,7.54726,8.48615,10.74981,-10.46752,-6.55365
Daniyal,1617,1771513182490,-0.85573,6.76421,6.38405,1.65558,-2.47192,-2.58636
Daniyal,1618,1771513182514,-0.9323,5.00698,5.57229,-2.67792,-3.32641,6.87408
Daniyal,1619,1771513182525,-1.16231,4.72433,8.04078,0.67902,-2.53296,10.10894
Daniyal,1620,1771513182538,-0.77198,6.30928,8.09342,2.388,-4.36401,9.37652
Daniyal,1621,1771513182555,-0.77198,6.30928,8.09342,2.14386,0.88501,3.82232
Daniyal,1622,1771513182577,-0.02991,7.30289,7.47578,1.83868,1.98364,-3.01361
Daniyal,1623,1771513182591,0.13549,7.18565,8.30908,0.37384,7.04956,-6.24847
Daniyal,1624,1771513182607,0.01585,6.836,7.85653,-2.86102,3.20434,-2.76947
Daniyal,1625,1771513182624,-0.57338,6.94128,8.02164,-3.1662,1.92261,0.89264
Daniyal,1626,1771513182641,-0.8653,7.31247,8.11735,-1.02997,1.80054,6.01959
Daniyal,1627,1771513182659,-0.8653,7.31247,8.11735,-0.66376,2.22778,6.08062
Daniyal,1628,1771513182673,-0.96102,7.57837,8.43829,1.59454,5.2185,6.87408
Daniyal,1629,1771513182691,-0.81266,7.34836,7.95943,-6.33239,5.58471,3.76129
Daniyal,1630,1771513182710,-0.97777,7.34597,8.09582,-6.75964,2.7771,3.82232
Daniyal,1631,1771513182725,-0.82702,6.68046,7.87328,-10.11657,1.12915,3.21197
Daniyal,1632,1771513182739,-0.82702,6.68046,7.87328,-14.32799,0.76294,1.56402
Daniyal,1633,1771513182762,-0.69781,6.71875,8.37129,-13.22936,-3.9978,0.28229
Daniyal,1634,1771513182773,-0.69781,6.71875,8.37129,-13.59557,-3.44848,-0.69427
Daniyal,1635,1771513182790,-0.41037,6.15135,7.4016,-14.75524,-6.13403,-1.6098
Daniyal,1636,1771513182809,-0.40558,5.39701,6.6691,-21.16393,-9.61303,-3.74603
Daniyal,1637,1771513182825,-1.0017,5.3013,7.38963,-24.21568,-13.70238,-3.01361
Daniyal,1638,1771513182837,-1.0017,5.3013,7.38963,-17.44078,-14.79339,-0.81634
Daniyal,1639,1771513182852,-1.18385,5.69641,8.65125,-8.71276,-6.01196,-1.91498
Daniyal,1640,1771513182876,-0.50608,5.77538,7.20539,-8.28552,-6.56127,-2.70843
Daniyal,1641,1771513182891,-0.82463,5.72273,6.67149,-3.59344,-0.21362,-3.13568
Daniyal,1642,1771513182909,-0.29551,5.31566,6.19502,-10.72692,-2.53296,-2.52533
Daniyal,1643,1771513182923,-0.55663,5.51695,7.15275,-10.23864,-3.26538,-0.32806
Daniyal,1644,1771513182941,-0.55663,5.51695,7.15275,-3.59344,-0.5188,0.77057
Daniyal,1645,1771513182953,-0.38644,6.01257,7.88046,-2.86102,-0.27466,1.50299
Daniyal,1646,1771513182970,-0.47498,6.07956,7.55474,-1.88446,1.92261,1.31988
Daniyal,1647,1771513182991,-0.77677,6.07956,7.86132,0.43488,0.03052,3.63922
Daniyal,1648,1771513183008,-0.37448,5.89741,7.15753,-2.86102,2.16675,4.18853
Daniyal,1649,1771513183026,-0.38883,5.85434,7.50449,-4.98962,-1.80054,5.71441
Daniyal,1650,1771513183042,-0.38883,5.85434,7.50449,-5.4779,-4.42505,4.3106
Daniyal,1651,1771513183058,-0.75045,6.62782,8.8334,5.13458,-4.91333,4.61578
Daniyal,1652,1771513183074,-0.4678,6.77139,8.19183,7.33184,1.43433,2.47955
Daniyal,1653,1771513183090,0.18574,5.48345,5.62762,-4.4403,1.61743,-0.93841
Daniyal,1654,1771513183109,-0.53988,5.44965,6.17109,-17.68492,-13.27514,-0.75531
Daniyal,1655,1771513183127,-0.70499,6.11546,9.07508,-7.24792,-10.22338,0.6485
Daniyal,1656,1771513183142,-0.70499,6.11546,9.07508,-0.05341,-7.23266,-2.28119
Daniyal,1657,1771513183159,0.25274,6.10349,8.61536,-1.70135,-8.20922,-1.73187
Daniyal,1658,1771513183177,-0.26441,6.02692,7.36331,1.28937,-4.73022,-2.03705
Daniyal,1659,1771513183199,0.04696,5.40419,7.18385,-2.79999,-8.14819,-1.91498
Daniyal,1660,1771513183207,0.00867,5.49781,7.32024,-3.10516,-8.94164,-0.93841
Daniyal,1661,1771513183221,0.00867,5.49781,7.32024,0.92316,-8.39233,-1.97601
Daniyal,1662,1771513183240,0.28146,5.95245,8.06232,8.18633,-7.53784,-4.05121
Daniyal,1663,1771513183259,0.1666,6.02214,7.74407,8.91876,-1.86157,-7.77435
Daniyal,1664,1771513183276,0.19531,5.62702,6.50848,1.65558,-4.11987,-8.99505
Daniyal,1665,1771513183292,-0.13519,5.57677,7.04716,1.59454,-1.80054,-7.95745
Daniyal,1666,1771513183308,-0.06102,5.84238,7.87568,1.83868,-1.06811,-7.10296
Daniyal,1667,1771513183325,-0.32662,6.14656,7.98575,4.03595,-0.03052,-3.8681
Daniyal,1668,1771513183341,-0.32662,6.14656,7.98575,6.17218,5.09643,-2.8305
Daniyal,1669,1771513183359,-0.25962,5.98864,7.77279,3.85284,5.46264,-1.4267
Daniyal,1670,1771513183377,-0.44148,6.18246,7.72254,-0.54169,8.94164,-1.36566
Daniyal,1671,1771513183391,-0.05145,6.51536,8.25883,-0.96893,6.13403,-1.36566
Daniyal,1672,1771513183408,-0.0658,6.59911,8.64168,0.61798,8.33129,-3.8681
Daniyal,1673,1771513183430,-0.25005,6.77139,8.56032,-0.72479,5.88989,-5.94329
Daniyal,1674,1771513183441,-0.25005,6.77139,8.56032,1.04523,6.37817,-5.94329
Daniyal,1675,1771513183457,-0.50608,7.19043,9.09901,4.46319,7.96508,-4.53949
Daniyal,1676,1771513183476,-0.53509,6.96281,8.05035,-2.43377,9.30785,-2.70843
Daniyal,1677,1771513183494,-0.8007,6.68764,7.75604,-1.33514,9.55199,-1.48773
Daniyal,1678,1771513183509,-0.47498,6.22074,7.84218,-0.35858,12.35961,-1.06049
Daniyal,1679,1771513183525,-0.47498,6.22074,7.84218,-7.36999,7.23266,-1.24359
Daniyal,1680,1771513183540,-0.1663,5.88066,7.22214,-5.4779,1.37329,-0.93841
Daniyal,1681,1771513183558,0.04696,5.99821,8.35933,-2.98309,-1.31225,-2.03705
Daniyal,1682,1771513183574,0.4657,6.20399,7.94028,-4.86755,-7.65991,-1.4267
Daniyal,1683,1771513183593,0.24078,6.49592,8.05753,-5.23376,-13.15307,-0.08392
Daniyal,1684,1771513183611,0.60239,6.53211,8.68475,-2.37274,-15.22063,1.01471
Daniyal,1685,1771513183626,0.60239,6.53211,8.68475,1.89972,-13.70238,1.13678
Daniyal,1686,1771513183651,1.03789,6.09392,8.036,3.30353,-13.27514,3.94439
Daniyal,1687,1771513183661,0.64786,5.67727,6.82224,3.54767,-9.42992,5.71441
Daniyal,1688,1771513183673,0.935,5.22951,6.13041,2.87628,-6.01196,4.79889
Daniyal,1689,1771513183692,0.97089,5.0668,6.31466,1.47247,-0.45776,3.76129
Daniyal,1690,1771513183709,0.63829,5.43051,7.75125,1.22833,0.76294,3.0899
Daniyal,1691,1771513183726,0.63829,5.43051,7.75125,1.89972,2.16675,1.74713
Daniyal,1692,1771513183741,1.0331,5.67488,8.41197,0.98419,4.60815,0.22125
Daniyal,1693,1771513183758,1.19851,5.56002,7.67707,-3.77655,7.23266,0.52643
Daniyal,1694,1771513183775,0.78903,5.61984,7.60738,-5.96618,6.74438,1.38092
Daniyal,1695,1771513183793,1.12672,6.01017,7.83978,-5.41687,6.68334,2.35748
Daniyal,1696,1771513183810,1.27986,6.21356,7.67707,-6.6986,4.66919,3.76129
Daniyal,1697,1771513183827,1.27986,6.21356,7.67707,-5.66101,3.57055,4.00543
Daniyal,1698,1771513183844,1.38515,6.19681,7.96421,-2.18963,-0.45776,3.82232
Daniyal,1699,1771513183859,1.40189,6.14896,7.71536,0.61798,1.12915,3.51715
Daniyal,1700,1771513183874,1.34686,5.42573,6.37927,-3.3493,2.47192,2.47955
Daniyal,1701,1771513183901,0.77946,5.51217,6.87966,-2.37274,-0.94604,3.39508
Daniyal,1702,1771513183908,1.07886,5.55763,7.62413,2.08282,5.15747,2.96783
Daniyal,1703,1771513183923,1.07886,5.55763,7.62413,-3.59344,5.09643,4.37164
Daniyal,1704,1771513183943,0.76989,5.53131,7.36092,-3.3493,3.44848,6.01959
Daniyal,1705,1771513183962,0.78185,5.71556,8.33061,-1.82342,3.75366,5.95855
Daniyal,1706,1771513183975,1.01157,5.70598,7.64327,-5.2948,3.81469,4.79889
Daniyal,1707,1771513183994,0.76032,5.68923,7.74407,-9.44518,1.80054,3.45611
Daniyal,1708,1771513184009,0.76032,5.68923,7.74407,-6.94274,-0.33569,2.54059
Daniyal,1709,1771513184026,1.03071,6.16571,8.9028,-4.31823,5.27954,-1.79291
Daniyal,1710,1771513184043,1.22961,6.22313,8.34975,-4.98962,1.49536,-1.97601
Daniyal,1711,1771513184059,0.69093,6.37867,8.63211,-1.45721,2.16675,-3.44085
Daniyal,1712,1771513184076,0.97807,6.1346,7.73929,-4.31823,2.16675,-4.60052
Daniyal,1713,1771513184093,0.55454,6.20399,7.98814,-5.11169,-0.57983,-4.53949
Daniyal,1714,1771513184113,0.85603,6.12263,8.04557,3.54767,0.03052,-4.53949
Daniyal,1715,1771513184137,0.85603,6.12263,8.04557,2.14386,5.09643,-6.91986
Daniyal,1716,1771513184145,1.17936,5.25344,6.01047,-7.85827,2.47192,-8.3847
Daniyal,1717,1771513184154,0.42742,5.33241,6.9347,-10.60485,-1.19018,-8.75091
Daniyal,1718,1771513184174,0.12353,6.32603,9.64726,1.28937,-5.15747,-2.70843
Daniyal,1719,1771513184195,1.45693,6.03889,8.28276,8.1253,2.53296,-2.34222
Daniyal,1720,1771513184212,1.24875,5.45444,6.07268,-9.07897,0.15259,-7.40814
Daniyal,1721,1771513184227,1.24875,5.45444,6.07268,-13.59557,-12.23754,-7.10296
Daniyal,1722,1771513184245,0.21446,6.63261,9.16122,3.48663,-4.24194,-7.10296
Daniyal,1723,1771513184260,1.85204,6.30449,9.05594,2.32696,-0.03052,-8.75091
Daniyal,1724,1771513184273,1.31815,6.08674,7.29631,-5.17273,-10.83373,-7.40814
Daniyal,1725,1771513184294,1.62473,5.58395,7.57627,-0.78583,-4.18091,-12.29095
Daniyal,1726,1771513184311,1.62473,5.58395,7.57627,-5.41687,-6.50024,-13.02337
Daniyal,1727,1771513184335,1.12193,6.20878,9.50609,1.3504,-9.67406,-11.07024
Daniyal,1728,1771513184343,1.12193,6.20878,9.50609,5.37872,-6.62231,-10.52093
Daniyal,1729,1771513184356,1.74676,5.65574,7.66032,1.89972,-2.47192,-9.54437
Daniyal,1730,1771513184378,1.28225,5.22473,6.84856,-5.66101,-7.11059,-8.99505
Daniyal,1731,1771513184394,1.35643,5.55284,8.66321,0.3128,-5.27954,-8.87298
Daniyal,1732,1771513184411,1.35643,5.55284,8.66321,1.59454,-4.48608,-7.59124
Daniyal,1733,1771513184427,1.45454,5.87109,7.86371,0.43488,-4.30298,-7.83538
Daniyal,1734,1771513184442,1.28225,5.95723,7.34656,-0.29755,-4.73022,-8.62884
Daniyal,1735,1771513184458,0.8345,6.11546,8.01925,0.92316,-7.11059,-7.59124
Daniyal,1736,1771513184478,1.24158,6.10589,7.77757,2.44903,-4.73022,-8.32366
Daniyal,1737,1771513184495,1.44975,6.15374,7.84936,1.28937,-5.52368,-8.44573
Daniyal,1738,1771513184510,1.44975,6.15374,7.84936,1.89972,-8.08715,-8.44573
Daniyal,1739,1771513184527,1.54307,6.39542,8.39522,3.12042,-7.04956,-8.68987
Daniyal,1740,1771513184546,1.37557,6.12024,8.07428,3.12042,-10.71166,-5.14984
Daniyal,1741,1771513184567,1.00439,6.36192,8.86212,9.46807,-7.04956,-5.39398
Daniyal,1742,1771513184577,1.33011,6.35952,8.1006,10.62774,-9.06371,-2.52533
Daniyal,1743,1771513184591,1.33011,6.35952,8.1006,9.77325,-9.79614,-1.48773
Daniyal,1744,1771513184605,1.14826,5.51456,6.64995,4.34112,-6.86645,-3.44085
Daniyal,1745,1771513184622,1.15065,5.34915,7.27956,8.06426,-7.17163,-4.11224
Daniyal,1746,1771513184638,0.91346,5.49302,7.94507,9.346,-7.41577,-4.29535
Daniyal,1747,1771513184655,0.87039,5.44008,7.38724,11.6043,-10.04028,-2.09808
Daniyal,1748,1771513184672,1.44975,5.18405,6.48694,8.18633,-5.58471,-3.01361
Daniyal,1749,1771513184697,1.50239,5.79213,7.80389,10.81084,-9.67406,-4.41742
Daniyal,1750,1771513184706,1.50239,5.79213,7.80389,13.37432,-9.00268,-7.71331
Daniyal,1751,1771513184722,2.26152,6.06042,8.00728,12.76397,-13.27514,-9.36126
Daniyal,1752,1771513184739,2.34287,6.18485,7.83021,13.74053,-13.70238,-10.45989
Daniyal,1753,1771513184761,2.23041,6.11785,7.89243,18.19609,-13.33617,-8.44573
Daniyal,1754,1771513184772,2.23041,6.11785,7.89243,14.9002,-8.75854,-8.99505
Daniyal,1755,1771513184788,1.74437,5.6342,6.82941,11.83318,-17.7307,-3.59344
Daniyal,1756,1771513184806,0.9996,6.56082,8.68954,28.43473,-10.65063,-0.29755
Daniyal,1757,1771513184823,2.35244,5.50977,6.3003,18.42497,-1.25122,-2.49481
Daniyal,1758,1771513184838,0.99242,5.23909,5.40957,5.61523,-12.1765,0.98419
Daniyal,1759,1771513184855,1.36122,5.98385,8.10299,12.44353,-12.29858,3.66974
Daniyal,1760,1771513184872,1.36122,5.98385,8.10299,16.53289,3.93676,0.1297
Daniyal,1761,1771513184892,2.57258,5.1338,6.69781,4.88281,-4.97436,1.89972
Daniyal,1762,1771513184905,1.07408,5.67009,6.2357,3.54004,-6.92748,1.77765
Daniyal,1763,1771513184923,1.99801,6.14417,8.17478,6.10351,-2.59399,-0.60272
Daniyal,1764,1771513184939,2.10838,6.59432,8.65604,7.25555,-2.22778,0.25177
Daniyal,1765,1771513184957,2.06261,6.70678,7.56192,4.39453,4.73022,-0.84686
Daniyal,1766,1771513184971,2.06261,6.70678,7.56192,2.68554,-0.03052,0.43488
Daniyal,1767,1771513184999,2.38116,6.19921,7.55235,8.96453,7.2937,-1.57928
Daniyal,1768,1771513185012,2.38116,6.19921,7.55235,-0.42725,7.96508,-1.88446
Daniyal,1769,1771513185023,1.2009,6.12024,6.94427,-6.89697,-1.92261,0.25177
Daniyal,1770,1771513185039,0.75314,7.25025,9.40798,4.21142,-0.27466,1.77765
Daniyal,1771,1771513185060,1.85444,6.15613,7.57388,5.06591,13.20647,0.43488
Daniyal,1772,1771513185078,1.02353,5.54567,5.72573,-11.10839,5.82885,0.74005
Daniyal,1773,1771513185094,1.02353,5.54567,5.72573,-11.2915,-1.00708,2.93731
Daniyal,1774,1771513185112,0.58564,6.32124,8.60339,1.70898,8.88061,3.54767
Daniyal,1775,1771513185130,1.58405,5.56959,8.13889,0.30518,12.84026,4.34112
Daniyal,1776,1771513185143,1.15304,5.55524,6.49173,-4.88281,9.91821,3.05939
Daniyal,1777,1771513185157,1.16261,6.30928,8.31865,-1.89209,6.56127,0.19073
Daniyal,1778,1771513185175,1.16261,6.30928,8.31865,3.54004,1.37329,0.1297
Daniyal,1779,1771513185193,1.41625,6.75703,8.81187,3.72314,3.20434,-0.84686
Daniyal,1780,1771513185212,2.02672,6.38345,7.10459,3.35693,4.05884,-1.51825
Daniyal,1781,1771513185227,1.49043,6.34756,7.92353,6.40869,1.31225,-0.96893
Daniyal,1782,1771513185245,1.80897,6.34038,8.13171,16.53289,6.74438,-0.41962
Daniyal,1783,1771513185255,1.92622,5.84955,6.03919,10.18523,3.9978,-2.18963
Daniyal,1784,1771513185272,1.92622,5.84955,6.03919,10.1242,-3.9978,0.67902
Daniyal,1785,1771513185289,1.00439,5.78016,6.69781,12.01629,0.7019,-1.88446
Daniyal,1786,1771513185310,0.91825,5.55524,6.58983,2.19726,-5.95092,-1.02997
Daniyal,1787,1771513185323,0.35085,6.59193,7.88285,3.2959,-6.13403,1.22833
Daniyal,1788,1771513185339,1.45214,6.69482,8.4359,10.61248,-2.04468,2.20489
Daniyal,1789,1771513185357,1.38754,6.04128,6.31466,2.01416,2.89917,0.00763
Daniyal,1790,1771513185377,0.90389,6.44806,7.68904,-2.62451,-5.34057,1.10626
Daniyal,1791,1771513185392,0.90389,6.44806,7.68904,4.33349,-0.7019,-0.96893
Daniyal,1792,1771513185410,1.84247,6.29013,8.08146,0.85449,2.71606,-3.3493
Daniyal,1793,1771513185423,1.09801,6.39063,6.92034,-4.63867,-2.22778,-4.26483
Daniyal,1794,1771513185441,0.73639,7.07797,8.58425,3.41797,-4.48608,-5.97381
Daniyal,1795,1771513185457,1.27508,6.6661,7.50449,2.56347,-0.88501,-6.34002
Daniyal,1796,1771513185473,1.27508,6.6661,7.50449,-3.90625,-6.74438,-4.50897
Daniyal,1797,1771513185491,0.95175,6.84078,7.39442,4.02832,-7.90405,-2.73895
Daniyal,1798,1771513185510,1.80897,6.44327,7.5021,-2.68554,-2.89917,-5.05828
Daniyal,1799,1771513185529,0.935,6.94846,8.16521,5.18798,-11.26098,-0.72479
Daniyal,1800,1771513185543,2.3333,6.2686,7.4662,6.65283,1.25122,-5.4245
Daniyal,1801,1771513185560,2.3333,6.2686,7.4662,-0.48828,-5.0354,-2.67792
Daniyal,1802,1771513185576,1.21047,5.85913,6.20698,-2.19726,-5.58471,-2.18963
Daniyal,1803,1771513185594,0.58804,6.09392,7.701,4.88281,0.57983,-0.84686
Daniyal,1804,1771513185610,1.32293,6.35952,7.48535,1.77002,-1.43433,0.1297
Daniyal,1805,1771513185628,0.96371,6.49831,7.20299,6.04248,-3.02124,1.22833
Daniyal,1806,1771513185644,1.91426,5.50259,6.00329,3.66211,5.40161,-2.79999
Daniyal,1807,1771513185660,1.45454,5.62224,6.08943,-4.33349,-3.69262,-1.88446
Daniyal,1808,1771513185679,1.45454,5.62224,6.08943,-4.02832,-2.9602,-4.02069
Daniyal,1809,1771513185695,1.87837,6.18006,7.82782,3.72314,-8.57543,-0.54169
Daniyal,1810,1771513185715,1.78983,5.92852,7.31546,-2.01416,2.16675,-3.83758
Daniyal,1811,1771513185726,1.33011,5.78256,5.95544,-5.43213,-3.69262,-2.00653
Daniyal,1812,1771513185746,1.02114,6.87907,8.19901,3.66211,-6.4392,0.43488
Daniyal,1813,1771513185763,2.50319,5.94766,6.96581,3.17383,5.15747,-2.98309
Daniyal,1814,1771513185779,2.50319,5.94766,6.96581,-9.52148,-0.64087,-0.72479
Daniyal,1815,1771513185794,0.87757,6.501,7.33221,-2.13623,-6.19506,3.54767
Daniyal,1816,1771513185814,1.41386,7.30768,9.47737,7.74383,6.98852,-1.15204
Daniyal,1817,1771513185830,2.21366,6.00778,6.62124,2.38037,3.75366,-2.25067
Daniyal,1818,1771513185847,1.31575,5.78734,5.49093,-6.7749,3.57055,-4.20379
Daniyal,1819,1771513185862,1.30379,6.2662,7.82543,-6.65283,1.12915,-5.05828
Daniyal,1820,1771513185876,1.30379,6.2662,7.82543,-3.60107,-0.88501,-2.98309
Daniyal,1821,1771513185894,0.95414,7.33161,9.58744,3.72314,-1.37329,0.61798
Daniyal,1822,1771513185913,1.50718,7.17607,8.2684,2.80762,2.53296,1.96075
Daniyal,1823,1771513185929,1.14108,6.93889,7.15514,6.22558,-4.79126,5.31768
Daniyal,1824,1771513185947,2.35723,5.83041,6.42473,8.53729,11.87133,-2.49481
Daniyal,1825,1771513185963,1.48325,6.11785,6.57787,0.61035,9.30785,-3.65448
Daniyal,1826,1771513185973,1.48325,6.11785,6.57787,-3.90625,-3.9978,0.67902
Daniyal,1827,1771513185998,0.38674,7.20718,9.2668,9.39178,6.01196,0.74005
Daniyal,1828,1771513186007,0.88235,6.57518,7.8685,10.00213,7.23266,2.81524
Daniyal,1829,1771513186029,0.88235,6.57518,7.8685,0.24414,4.36401,2.93731
Daniyal,1830,1771513186040,0.13789,6.05085,5.53639,-0.97656,6.68334,1.96075
Daniyal,1831,1771513186057,0.94457,5.8017,5.7329,-3.72314,0.7019,1.77765
Daniyal,1832,1771513186074,0.868,6.55843,8.12932,1.52588,2.41089,1.77765
Daniyal,1833,1771513186097,1.7994,6.95085,8.69432,1.52588,0.21362,-0.84686
Daniyal,1834,1771513186107,1.19133,7.25982,8.67996,3.66211,-7.04956,1.28937
Daniyal,1835,1771513186124,1.61755,6.64696,7.53081,9.69695,-1.37329,0.06866
Daniyal,1836,1771513186141,1.6008,6.01017,5.64676,4.27246,4.18091,-3.10516
Daniyal,1837,1771513186157,1.6008,6.01017,5.64676,-2.62451,1.19018,-3.65448
Daniyal,1838,1771513186174,0.86321,6.82164,7.0687,1.64795,0.09155,-2.37274
Daniyal,1839,1771513186193,1.31575,7.24786,9.08465,9.63592,-2.41089,-1.15204
Daniyal,1840,1771513186213,2.21366,6.17767,6.76481,0.48828,-4.24194,-1.94549
Daniyal,1841,1771513186225,1.65823,5.70598,6.21895,-2.50244,-12.54272,0.61798
Daniyal,1842,1771513186241,1.65823,5.70598,6.21895,2.62451,-4.97436,-3.71551
Daniyal,1843,1771513186258,2.18734,5.70838,6.37927,0.91553,-6.68334,-3.65448
Daniyal,1844,1771513186275,1.58166,5.76102,6.0009,-0.12207,1.61743,-7.37762
Daniyal,1845,1771513186299,1.67737,5.54806,6.77199,-3.66211,-1.25122,-7.49969
Daniyal,1846,1771513186324,1.11715,6.11785,7.74886,-5.92041,1.25122,-9.26971
Daniyal,1847,1771513186329,0.96371,6.68764,8.1006,-5.24902,-0.7019,-6.09588
Daniyal,1848,1771513186342,0.89432,6.73789,7.82303,-3.11279,3.32641,-3.89862
Daniyal,1849,1771513186359,0.89432,6.73789,7.82303,-2.68554,9.12475,-2.79999
Daniyal,1850,1771513186376,0.93978,6.50579,6.70977,-4.63867,13.51165,-3.10516
Daniyal,1851,1771513186391,0.66461,6.63739,6.88206,-4.33349,16.74651,-4.44793
Daniyal,1852,1771513186411,0.42263,6.57278,7.22453,-5.49316,21.20207,-7.92693
Daniyal,1853,1771513186426,-0.13759,6.68285,7.64088,-13.85497,20.34758,-11.39831
Daniyal,1854,1771513186441,-0.13759,6.68285,7.64088,-18.06639,9.42992,-5.66864
Daniyal,1855,1771513186458,-1.26281,8.34916,10.30589,7.13348,21.08,6.66046
Daniyal,1856,1771513186476,1.36122,6.81685,8.00968,-3.35693,39.93985,-2.37274
Daniyal,1857,1771513186494,0.63111,6.16331,5.80947,-24.10124,17.17375,2.93731
Daniyal,1858,1771513186513,-1.62203,6.90778,10.14048,5.79834,35.54532,10.13946
Daniyal,1859,1771513186530,1.44018,6.69482,9.33141,22.02604,54.39754,2.5711
Daniyal,1860,1771513186543,-0.29312,7.8009,7.72732,12.99285,27.79386,2.93731
Daniyal,1861,1771513186558,-0.29312,7.8009,7.72732,15.92253,24.25383,-3.04413
Daniyal,1862,1771513186575,1.17936,6.92214,6.78395,11.28387,24.559,-12.19176
Daniyal,1863,1771513186592,0.37956,6.49352,6.32184,2.38037,11.93236,-8.96453
Daniyal,1864,1771513186612,-1.47099,6.20399,7.5021,6.95037,11.74926,-4.87518
Daniyal,1865,1771513186625,-0.41276,5.9692,6.48216,9.63592,11.19994,-3.47137
Daniyal,1866,1771513186641,-0.41276,5.9692,6.48216,3.90625,0.76294,-1.39618
Daniyal,1867,1771513186658,-0.35773,6.30688,5.95783,6.7749,-3.02124,-1.88446
Daniyal,1868,1771513186680,0.23838,5.97398,6.47259,5.98144,0.21362,-4.69207
Daniyal,1869,1771513186693,-0.15194,5.85195,6.30269,2.74658,-8.6975,-3.47137
Daniyal,1870,1771513186708,-0.71695,6.05324,7.17667,10.18523,-6.86645,-1.51825
Daniyal,1871,1771513186725,-0.35773,6.04606,5.84058,4.08935,-5.76782,-2.37274
Daniyal,1872,1771513186741,-0.35773,6.04606,5.84058,0.36621,-13.2141,-0.84686
Daniyal,1873,1771513186758,-0.73609,6.54646,7.38006,8.59832,-6.50024,-0.84686
Daniyal,1874,1771513186779,0.16899,6.52732,7.75125,5.98144,-2.28882,-2.98309
Daniyal,1875,1771513186792,-0.5327,7.01306,7.67707,6.59179,-6.2561,1.3504
Daniyal,1876,1771513186809,-0.25484,6.54886,7.15514,9.51385,7.78198,-0.41962
Daniyal,1877,1771513186825,-1.00409,6.57518,6.53241,-0.06104,1.25122,2.81524
Daniyal,1878,1771513186842,-1.00409,6.57518,6.53241,0.54932,0.15259,3.18146
Daniyal,1879,1771513186858,-0.41755,6.39781,7.32503,-1.52588,2.65503,0.92316
Daniyal,1880,1771513186875,-0.22851,6.77139,6.96341,-7.01904,-5.64575,2.51007
Daniyal,1881,1771513186895,-0.05384,6.82882,7.46381,-5.92041,-3.75366,1.10626
Daniyal,1882,1771513186914,-0.41994,7.02772,7.65524,-6.04248,-5.2185,2.08282
Daniyal,1883,1771513186924,-0.41994,7.02772,7.65524,-5.18798,-2.28882,1.22833
Daniyal,1884,1771513186941,-0.22134,6.95085,7.40638,-3.11279,-6.68334,3.97491
Daniyal,1885,1771513186958,0.30538,6.37867,6.71456,-7.62939,-0.5188,-0.35858
Daniyal,1886,1771513186975,-0.18305,6.4002,7.11655,-8.91113,-17.79173,4.15802
Daniyal,1887,1771513186994,-0.41515,7.06601,8.82623,-2.80762,-15.96068,2.08282
Daniyal,1888,1771513187009,-0.09452,7.28614,7.91396,-1.64795,-20.95793,4.58526
Daniyal,1889,1771513187025,-0.09452,7.28614,7.91396,3.60107,-13.70238,3.79181
Daniyal,1890,1771513187042,0.25513,6.50339,6.6018,1.09863,-5.46264,0.37384
Daniyal,1891,1771513187058,-0.1663,5.78973,6.24766,0.30518,-4.91333,-0.11444
Daniyal,1892,1771513187075,0.19292,5.06919,6.42473,-3.05176,-2.22778,-3.22723
Daniyal,1893,1771513187092,-0.11127,5.63899,7.58345,-1.52588,-15.53344,0.25177
Daniyal,1894,1771513187113,0.81057,5.78734,6.75045,-2.86865,-10.71166,-3.77655
Daniyal,1895,1771513187125,0.81057,5.78734,6.75045,-3.96728,-18.21898,-2.1286
Daniyal,1896,1771513187142,0.54736,5.92373,6.98495,-1.52588,-12.66479,-6.09588
Daniyal,1897,1771513187159,0.9661,5.9357,7.38246,3.54004,-14.12963,-5.24139
Daniyal,1898,1771513187175,1.61994,5.55284,6.4678,3.41797,-3.08227,-10.54381
Daniyal,1899,1771513187193,0.58086,6.00778,7.71296,3.78418,-15.2893,-4.50897
Daniyal,1900,1771513187209,0.60957,7.14736,9.46302,13.17595,-12.72582,-3.3493
Daniyal,1901,1771513187228,0.60957,7.14736,9.46302,11.89422,-17.05931,-0.78583
Daniyal,1902,1771513187242,1.42582,7.84397,8.70898,15.25115,-28.70939,6.78253
Daniyal,1903,1771513187259,1.91904,7.02772,7.59063,26.78679,-1.31225,7.39288
Daniyal,1904,1771513187276,2.51276,4.88465,4.4997,12.26043,-0.39673,2.08282
Daniyal,1905,1771513187295,0.67657,5.60788,6.03201,5.18798,-12.23754,0.37384
Daniyal,1906,1771513187316,0.68375,6.81207,9.29073,30.99821,3.32641,-0.35858
Daniyal,1907,1771513187326,0.68375,6.81207,9.29073,28.06852,9.7351,-1.27411
Daniyal,1908,1771513187344,1.1004,6.3332,6.93231,6.65283,-11.68822,9.52911
Daniyal,1909,1771513187362,0.21446,6.96999,6.56591,7.01141,-7.41577,9.65118
Daniyal,1910,1771513187378,2.51755,6.40499,7.1671,9.45281,-1.5564,7.57598
Daniyal,1911,1771513187394,1.69173,6.72114,6.81984,7.6828,-2.71606,8.00323
Daniyal,1912,1771513187409,1.27268,7.23111,7.52603,14.76287,2.7771,8.36944
Daniyal,1913,1771513187428,1.27268,7.23111,7.52603,17.0822,4.60815,8.00323
Daniyal,1914,1771513187445,1.65344,6.99631,7.15035,15.61736,3.81469,7.45391
Daniyal,1915,1771513187462,1.60798,6.79771,6.95384,14.21355,5.58471,6.9046
Daniyal,1916,1771513187479,1.53111,6.57518,6.7672,9.02557,4.30298,8.00323
Daniyal,1917,1771513187494,1.39711,6.72353,7.75364,11.65008,3.81469,8.91876
Daniyal,1918,1771513187515,1.61037,6.6996,7.48774,11.3449,7.2937,7.33184
Daniyal,1919,1771513187533,1.61037,6.6996,7.48774,10.3073,3.75366,7.63702
Daniyal,1920,1771513187544,1.3014,7.00828,7.23171,7.80486,8.5144,3.30353
Daniyal,1921,1771513187560,1.46411,6.89342,7.19821,5.55419,4.66919,4.46319
Daniyal,1922,1771513187575,1.22722,6.79771,7.42553,4.76074,8.5144,3.36456
Daniyal,1923,1771513187593,1.1674,6.91496,7.36092,5.18798,5.34057,5.07354
Daniyal,1924,1771513187610,1.1674,6.91496,7.36092,6.22558,12.1765,2.99835
Daniyal,1925,1771513187626,1.41147,6.568,6.45344,5.12695,9.55199,3.79181
Daniyal,1926,1771513187644,0.96132,6.68525,6.81027,7.8659,12.11547,3.05939
Daniyal,1927,1771513187665,1.31097,6.49592,6.7672,6.53076,13.45061,5.01251
Daniyal,1928,1771513187677,1.03071,6.7666,6.96341,6.10351,13.14544,6.29425
Daniyal,1929,1771513187694,1.14347,7.18804,7.64806,7.43865,13.75579,7.88116
Daniyal,1930,1771513187709,1.14347,7.18804,7.64806,9.20867,13.26751,9.65118
Daniyal,1931,1771513187731,1.42104,6.73789,6.86531,4.76074,19.43205,7.88116
Daniyal,1932,1771513187749,1.04058,6.71396,6.49891,5.00488,13.20647,9.65118
Daniyal,1933,1771513187763,1.16979,7.28614,7.97139,8.59832,18.27239,7.27081
Daniyal,1934,1771513187777,1.78983,6.64457,6.6356,3.60107,18.57756,6.29425
Daniyal,1935,1771513187798,1.13151,6.65893,6.77917,0.67139,15.40374,6.84356
Daniyal,1936,1771513187816,1.50479,6.87428,7.83261,3.23486,15.28167,6.59942
Daniyal,1937,1771513187833,1.50479,6.87428,7.83261,0.97656,16.25823,5.92804
Daniyal,1938,1771513187848,1.77069,6.50339,6.44148,-3.60107,14.73235,5.80596
Daniyal,1939,1771513187864,1.25115,6.82164,7.15753,-2.07519,12.84026,6.47735
Daniyal,1940,1771513187881,1.44736,7.27179,8.01925,0.85449,13.32854,5.74493
Daniyal,1941,1771513187898,1.61994,7.11386,7.28914,0.18311,13.93889,6.23321
Daniyal,1942,1771513187914,1.17218,7.19282,7.57149,-1.2207,17.84514,8.00323
Daniyal,1943,1771513187932,1.17218,7.19282,7.57149,-1.2207,17.601,10.93291
Daniyal,1944,1771513187954,1.18654,7.26222,7.66032,-3.60107,25.10832,10.74981
Daniyal,1945,1771513187965,1.19133,6.82164,7.06152,-3.72314,22.60588,12.94707
Daniyal,1946,1771513187982,1.09801,6.69243,7.33939,-2.50244,28.52629,10.93291
Daniyal,1947,1771513187999,1.14826,6.60389,6.81745,-4.21142,27.61076,10.50567
Daniyal,1948,1771513188016,1.13151,6.84078,7.32742,-3.479,27.54972,9.77325
Daniyal,1949,1771513188034,1.13151,6.84078,7.32742,-2.19726,23.94865,10.32256
Daniyal,1950,1771513188049,1.44497,7.06361,7.25564,-2.13623,24.98625,9.71221
Daniyal,1951,1771513188067,1.55264,6.91496,6.55873,-4.08935,25.35246,9.95635
Daniyal,1952,1771513188085,1.0331,7.11865,6.91077,-5.43213,27.18351,9.71221
Daniyal,1953,1771513188099,0.92542,7.37468,7.33939,-6.46972,28.038,9.89532
Daniyal,1954,1771513188114,0.92542,7.37468,7.33939,-7.75146,30.78458,9.52911
Daniyal,1955,1771513188132,0.8656,7.32682,7.11895,-10.19286,34.08048,10.13946
Daniyal,1956,1771513188158,0.57607,6.91257,7.2006,-13.24462,36.8881,11.72637
Daniyal,1957,1771513188164,0.08285,6.8001,7.66989,-14.34325,36.0336,14.59502
Daniyal,1958,1771513188179,0.22164,6.65653,7.47817,-15.25878,40.06192,15.14434
Daniyal,1959,1771513188198,0.59761,6.32363,6.56591,-19.34813,44.50985,13.67949
Daniyal,1960,1771513188217,-0.32183,6.82164,7.77757,-19.34813,43.28915,14.9002
Daniyal,1961,1771513188233,-0.32183,6.82164,7.77757,-14.52636,48.17196,14.47295
Daniyal,1962,1771513188253,-0.04666,6.84557,7.85414,-15.62499,50.79647,12.58086
Daniyal,1963,1771513188264,-0.15434,7.06122,7.26521,-15.38085,48.11093,11.78741
Daniyal,1964,1771513188280,-0.05623,7.40579,7.62174,-12.63427,47.62264,9.22393
Daniyal,1965,1771513188300,0.16421,7.18086,7.07827,-14.52636,46.52401,6.23321
Daniyal,1966,1771513188316,0.16421,7.18086,7.07827,-13.06151,43.05264,4.6463
Daniyal,1967,1771513188333,-0.14955,7.21436,7.74407,-11.04736,43.41122,1.89972
Daniyal,1968,1771513188351,0.23599,6.95564,7.10698,-12.93944,42.56436,0.06866
Daniyal,1969,1771513188377,0.06371,6.51057,6.77199,-11.53564,35.97257,-0.05341
Daniyal,1970,1771513188384,0.12114,6.36192,6.93948,-10.80322,34.56876,-1.33514
Daniyal,1971,1771513188398,0.09242,6.2351,6.42473,-12.81737,25.41349,-0.60272
Daniyal,1972,1771513188417,0.09242,6.2351,6.42473,-14.40429,24.31486,-3.77655
Daniyal,1973,1771513188433,0.16421,5.9357,6.2692,-17.39501,11.87133,-4.69207
Daniyal,1974,1771513188451,-1.24846,6.50579,7.7345,-14.22118,8.39233,-1.82342
Daniyal,1975,1771513188468,-0.94905,6.6015,7.87328,-14.64843,9.79614,-3.10516
Daniyal,1976,1771513188485,-0.58056,6.08435,6.75524,-20.32469,9.79614,-4.99725
Daniyal,1977,1771513188501,-1.6005,6.22313,7.57149,-18.31053,10.34545,-3.77655
Daniyal,1978,1771513188514,-1.6005,6.22313,7.57149,-16.66258,19.79827,-4.57
Daniyal,1979,1771513188536,-1.05942,5.99342,6.63081,-22.33885,25.53556,-5.6076
Daniyal,1980,1771513188555,-1.3992,5.96202,6.2022,-19.89745,32.12735,-6.15692
Daniyal,1981,1771513188563,-1.83978,6.16331,7.18864,-17.51708,35.30119,-7.07244
Daniyal,1982,1771513188579,-1.98335,6.35235,7.14317,-14.7705,36.64396,-6.21795
Daniyal,1983,1771513188601,-1.21256,6.41217,6.54198,-10.86425,44.38778,-8.23211
Daniyal,1984,1771513188618,-1.21256,6.41217,6.54198,-11.2915,43.53329,-8.72039
Daniyal,1985,1771513188635,-0.75523,6.4672,6.55394,-6.46972,43.59433,-13.10729
Daniyal,1986,1771513188652,-0.92273,6.23749,7.40399,-5.61523,35.36222,-12.86315
Daniyal,1987,1771513188667,-1.58375,6.53689,7.01127,-8.17871,32.61564,-14.26696
Daniyal,1988,1771513188684,-2.15833,6.82642,7.4997,-7.75146,24.74211,-12.19176
Daniyal,1989,1771513188699,-2.09372,7.10429,7.14317,-11.53564,15.1596,-7.49969
Daniyal,1990,1771513188714,-2.09372,7.10429,7.14317,-16.05223,10.52856,-5.24139
Daniyal,1991,1771513188737,-1.69621,7.24786,7.0998,-16.84569,2.59399,-2.18963
Daniyal,1992,1771513188754,-1.80628,7.72672,8.18944,-12.87841,-1.80054,-1.39618
Daniyal,1993,1771513188774,-1.09053,7.82961,7.96182,-12.45116,-8.94164,-6.27899
Daniyal,1994,1771513188782,-1.31306,7.59512,8.02642,-10.98632,-16.32689,-7.98797
Daniyal,1995,1771513188800,-1.31306,7.59512,8.02642,-5.92041,-20.59172,-7.62176
Daniyal,1996,1771513188818,-1.40877,6.87907,8.05753,-7.08007,-22.36174,-7.13348
Daniyal,1997,1771513188835,-1.01845,6.2016,6.92274,-8.11767,-25.90178,-6.34002
Daniyal,1998,1771513188851,-0.65713,5.68684,6.78156,-6.16455,-24.00969,-7.01141
Daniyal,1999,1771513188869,-0.58534,4.97587,6.34098,-6.59179,-23.76555,-7.98797
Daniyal,2000,1771513188885,-0.91555,4.45633,5.7999,-6.958,-22.42277,-7.01141
Daniyal,2001,1771513188901,-0.75284,3.99661,5.47657,-4.76074,-13.51928,-6.76727
Daniyal,2002,1771513188915,-0.75284,3.99661,5.47657,-5.18798,-9.12475,-6.70623
Daniyal,2003,1771513188933,-1.22692,3.68285,5.15593,-5.37109,-5.82885,-6.6452
Daniyal,2004,1771513188952,-1.52602,3.78096,5.28993,-2.31933,-1.12915,-8.53729
Daniyal,2005,1771513188963,-1.15035,4.48505,5.74487,-2.38037,-0.45776,-7.80486
Daniyal,2006,1771513188981,-0.8988,5.5002,6.46541,-5.85937,-4.36401,-2.3117
Daniyal,2007,1771513188999,-0.8988,5.5002,6.46541,-4.21142,-5.76782,0.06866
Daniyal,2008,1771513189013,0.035,6.75225,7.51406,-0.36621,-5.40161,0.3128
Daniyal,2009,1771513189029,-0.12562,7.13779,7.76082,3.2959,-8.75854,-0.05341
Daniyal,2010,1771513189048,-1.06182,6.85992,7.42792,1.64795,-10.65063,-0.66376
Daniyal,2011,1771513189062,-2.07428,6.97239,7.969,-3.23486,-16.08275,2.63214
Daniyal,2012,1771513189079,-2.07428,6.97239,7.969,-7.50732,-18.88274,6.41632
Daniyal,2013,1771513189097,-2.11047,7.0349,8.28754,-15.38085,-20.16448,7.0877
Daniyal,2014,1771513189115,-1.6986,6.99153,8.09103,-20.08055,-20.16448,3.4256
Daniyal,2015,1771513189133,-1.2006,6.7355,8.48854,-21.78954,-16.93724,-5.66864
Daniyal,2016,1771513189148,-1.47099,6.84796,9.30987,-21.17918,-16.87621,-8.72039
Daniyal,2017,1771513189168,-1.85175,7.22632,9.70469,-14.03808,-14.31273,-12.19176
Daniyal,2018,1771513189182,-1.85175,7.22632,9.70469,-12.5122,-12.60375,-13.90075
Daniyal,2019,1771513189197,-1.75843,7.2335,9.09661,-9.27734,-13.33617,-14.38903
Daniyal,2020,1771513189216,-1.28913,6.95803,8.66561,-5.7373,-4.85229,-18.66149
Daniyal,2021,1771513189234,-0.88684,6.29253,7.83739,-4.21142,-2.47192,-22.38463
Daniyal,2022,1771513189252,-1.39681,5.97398,7.14796,-2.2583,-0.27466,-25.49742
Daniyal,2023,1771513189266,-1.89242,5.85673,6.91316,0.48828,-2.83813,-25.61949
Daniyal,2024,1771513189285,-2.62762,6.01496,7.20299,4.27246,-7.53784,-20.00426
Daniyal,2025,1771513189301,-2.62762,6.01496,7.20299,8.53729,-4.36401,-13.53454
Daniyal,2026,1771513189318,-1.84217,6.05803,6.85813,11.89422,0.76294,-9.81902
Daniyal,2027,1771513189338,-1.30828,6.06999,6.67627,17.81462,1.7395,-11.15417
Daniyal,2028,1771513189349,-0.89641,6.20399,7.02563,21.78191,5.95092,-14.99938
Daniyal,2029,1771513189367,-1.40638,6.20399,6.75045,25.13884,4.97436,-15.91491
Daniyal,2030,1771513189385,-2.62283,6.17288,6.6356,29.10612,4.54712,-13.2904
Daniyal,2031,1771513189398,-2.62283,6.17288,6.6356,30.44889,6.92748,-10.60485
Daniyal,2032,1771513189418,-2.67069,6.17528,6.43909,28.73991,9.91821,-10.00213
Daniyal,2033,1771513189437,-2.05274,6.05324,6.09661,27.03092,10.28442,-10.3073
Daniyal,2034,1771513189449,-1.61725,5.87827,5.88126,23.42985,12.29858,-14.63317
Daniyal,2035,1771513189467,-2.06949,5.7682,5.98894,17.93669,4.54712,-14.63317
Daniyal,2036,1771513189483,-2.06949,5.7682,5.98894,14.15252,2.47192,-14.75524
Daniyal,2037,1771513189505,-2.20618,5.84477,6.14238,10.97869,-3.20434,-11.94762
Daniyal,2038,1771513189518,-2.00249,5.95962,6.19741,9.39178,0.7019,-12.74108
Daniyal,2039,1771513189533,-1.567,5.57199,5.74248,4.63867,-3.9978,-14.20592
Daniyal,2040,1771513189552,-3.10858,6.06999,6.89881,-2.01416,-17.18138,-10.36834
Daniyal,2041,1771513189569,-3.48216,6.97478,7.81107,-0.79346,-12.90893,-1.33514
Daniyal,2042,1771513189587,-2.64198,7.33879,7.54517,-3.2959,-8.88061,3.85284
Daniyal,2043,1771513189601,-2.64198,7.33879,7.54517,-3.96728,-16.63207,8.43047
Daniyal,2044,1771513189617,-3.34337,8.15055,8.55554,1.15967,-4.97436,7.75909
Daniyal,2045,1771513189635,-1.27238,7.22393,8.0695,1.09863,-2.59399,0.43488
Daniyal,2046,1771513189651,-1.74885,7.14497,7.92353,3.54004,-6.62231,-2.92206
Daniyal,2047,1771513189670,-2.30907,6.79771,7.77996,8.29315,-1.80054,-5.66864
Daniyal,2048,1771513189688,-2.16311,6.14178,6.54916,12.80974,2.71606,-6.03485
Daniyal,2049,1771513189702,-2.16311,6.14178,6.54916,12.07732,3.75366,-8.049
Daniyal,2050,1771513189716,-1.64836,5.47867,5.37129,6.71386,-0.64087,-8.29315
Daniyal,2051,1771513189735,-1.8661,5.25105,5.08176,3.35693,-5.15747,-6.70623
Daniyal,2052,1771513189752,-1.35853,5.03091,4.94267,2.19726,-4.73022,-6.27899
Daniyal,2053,1771513189769,-1.33699,5.05005,4.96182,-1.28174,-11.93236,-4.3869
Daniyal,2054,1771513189785,-1.33699,5.05005,4.96182,-2.4414,-18.51653,-0.11444
Daniyal,2055,1771513189802,-1.99053,5.38505,5.8669,-2.13623,-20.8969,7.63702
Daniyal,2056,1771513189819,-1.88764,5.79691,6.42951,-3.35693,-20.71379,12.70293
Daniyal,2057,1771513189834,-1.88525,6.51775,6.55873,-7.14111,-23.70451,15.87676
Daniyal,2058,1771513189854,-1.97857,7.11386,7.59542,-5.7373,-19.30998,15.99883
Daniyal,2059,1771513189869,-1.53799,6.77617,8.54357,-2.86865,-15.71654,13.55742
Daniyal,2060,1771513189886,-1.53799,6.77617,8.54357,-4.39453,-16.81517,11.90948
Daniyal,2061,1771513189903,-1.82303,6.61107,8.35693,-5.49316,-13.39721,9.346
Daniyal,2062,1771513189921,-1.53559,6.30449,7.81825,-5.92041,-8.5144,5.68389
Daniyal,2063,1771513189943,-1.42552,6.0676,7.31546,-6.83593,-5.82885,0.80109
Daniyal,2064,1771513189954,-1.64836,5.94287,6.94427,-9.58251,-5.76782,-2.1286
Daniyal,2065,1771513189969,-1.88764,5.82323,6.79113,-11.77978,-5.40161,-4.32586
Daniyal,2066,1771513189983,-1.88764,5.82323,6.79113,-13.06151,-5.64575,-4.99725
Daniyal,2067,1771513190003,-2.17986,5.85195,7.09023,-11.16943,-7.04956,-4.69207
Daniyal,2068,1771513190019,-1.98814,5.94527,7.27478,-9.94872,-5.52368,-5.66864
Daniyal,2069,1771513190033,-2.22054,6.19921,7.34178,-7.50732,-7.53784,-5.48553
Daniyal,2070,1771513190053,-1.98574,6.44567,7.25085,-4.21142,2.53296,-8.9035
Daniyal,2071,1771513190070,-2.23968,6.702,7.38485,-3.72314,2.71606,-9.69695
Daniyal,2072,1771513190085,-2.23968,6.702,7.38485,-1.34277,7.17163,-11.94762
Daniyal,2073,1771513190105,-2.10329,6.63739,7.90439,1.2207,9.18578,-12.55797
Daniyal,2074,1771513190130,-1.95942,6.21835,7.4662,-1.0376,6.98852,-16.64733
Daniyal,2075,1771513190136,-1.95942,6.21835,7.4662,-0.67139,4.73022,-16.40319
Daniyal,2076,1771513190148,-2.30907,6.52732,8.2684,4.27246,5.64575,-15.06041
Daniyal,2077,1771513190169,-2.06949,6.51057,7.47817,2.68554,6.86645,-14.6942
Daniyal,2078,1771513190186,-2.06949,6.51057,7.47817,3.17383,-0.03052,-11.0321
Daniyal,2079,1771513190199,-2.93151,7.04926,8.47897,9.0866,3.75366,-7.19451
Daniyal,2080,1771513190216,-2.0001,7.08276,7.95225,10.24627,8.5144,-6.6452
Daniyal,2081,1771513190237,-1.37527,7.12343,7.05195,8.47625,0.45776,-10.66589
Daniyal,2082,1771513190253,-1.6005,6.87667,7.79193,12.99285,-0.5188,-14.45006
Daniyal,2083,1771513190270,-1.6005,6.87667,7.79193,12.80974,-0.15259,-18.05113
Daniyal,2084,1771513190285,-1.52363,6.22313,6.78395,10.3073,-9.61303,-19.0277
Daniyal,2085,1771513190300,-2.0671,6.10349,6.34577,10.42937,-14.31273,-16.83043
Daniyal,2086,1771513190322,-2.48854,6.2997,6.15434,8.41522,-14.67894,-10.48278
Daniyal,2087,1771513190340,-1.82303,6.27578,5.78794,6.59179,-15.35033,-9.57488
Daniyal,2088,1771513190348,-1.82303,6.27578,5.78794,7.56072,-15.96068,-9.69695
Daniyal,2089,1771513190366,-1.4016,6.43609,6.31944,9.69695,-16.26586,-10.06316
Daniyal,2090,1771513190385,-1.60289,5.99821,6.42234,8.84246,-17.24242,-9.14764
Daniyal,2091,1771513190401,-2.06231,5.54806,6.27637,8.47625,-17.54759,-6.70623
Daniyal,2092,1771513190418,-2.34018,5.34198,6.45584,7.01141,-15.96068,-3.65448
Daniyal,2093,1771513190437,-2.51007,5.40898,6.61137,6.28662,-10.10131,0.00763
Daniyal,2094,1771513190454,-2.60369,5.73231,6.88684,5.43213,-8.57543,2.20489
Daniyal,2095,1771513190471,-2.60369,5.73231,6.88684,5.98144,-6.92748,6.66046
Daniyal,2096,1771513190488,-2.36411,6.32363,7.51406,7.92693,-1.49536,7.45391
Daniyal,2097,1771513190510,-1.72971,6.63739,7.902,10.79559,-1.06811,6.9046
Daniyal,2098,1771513190522,-1.55474,6.70439,7.66272,10.3073,2.47192,2.93731
Daniyal,2099,1771513190536,-1.75843,6.3667,7.34656,9.26971,0.57983,2.26593
Daniyal,2100,1771513190554,-2.30429,6.1681,7.51406,7.62176,2.9602,1.47247
Daniyal,2101,1771513190571,-2.30429,6.1681,7.51406,5.61523,1.92261,3.91388
Daniyal,2102,1771513190587,-2.6324,6.44327,7.42074,4.02832,10.22338,6.84356
Daniyal,2103,1771513190604,-2.58186,6.52014,7.24128,3.05176,7.84301,10.81084
Daniyal,2104,1771513190621,-2.1009,6.46242,7.1333,2.62451,14.91545,9.59014
Daniyal,2105,1771513190638,-1.6005,6.30688,6.77917,-1.15967,9.06371,9.89532
Daniyal,2106,1771513190653,-1.7345,6.24706,7.04477,-0.24414,10.58959,9.1629
Daniyal,2107,1771513190672,-1.7345,6.24706,7.04477,-1.52588,6.50024,11.6043
Daniyal,2108,1771513190686,-2.25643,6.37149,6.94427,-0.42725,3.08227,14.77813
Daniyal,2109,1771513190711,-2.25882,6.55843,7.07348,0.12207,0.21362,17.82988
Daniyal,2110,1771513190719,-1.93549,6.79053,7.01606,-0.12207,0.7019,19.11162
Daniyal,2111,1771513190735,-1.27478,6.7331,6.6667,-2.4414,-0.39673,16.91436
Daniyal,2112,1771513190755,-1.23171,6.99153,7.11895,-1.95312,-3.26538,14.10674
Daniyal,2113,1771513190770,-1.23171,6.99153,7.11895,-2.74658,-2.04468,10.3836
Daniyal,2114,1771513190786,-0.92273,6.91257,6.7026,-3.78418,-5.52368,8.91876
Daniyal,2115,1771513190804,-0.93948,6.66132,6.68106,-2.86865,-6.86645,3.66974
Daniyal,2116,1771513190821,-1.42552,6.76182,7.17907,-1.58691,-11.9934,2.5711
Daniyal,2117,1771513190839,-1.2006,6.43131,6.68824,-0.85449,-5.34057,-0.66376
Daniyal,2118,1771513190854,-1.2006,6.43131,6.68824,-0.36621,-5.58471,-1.39618
Daniyal,2119,1771513190870,-1.20299,6.16571,6.48455,2.01416,-2.53296,-4.69207
Daniyal,2120,1771513190893,-1.08096,6.03171,6.65235,2.99072,-2.47192,-8.59832
Daniyal,2121,1771513190903,-1.04746,5.79691,6.33619,0.67139,-6.13403,-9.81902
Daniyal,2122,1771513190918,-1.60768,5.83759,6.59223,-0.91553,-12.1765,-7.6828
Daniyal,2123,1771513190939,-1.69382,6.0676,6.75045,-1.64795,-12.84789,-4.87518
Daniyal,2124,1771513190953,-1.69382,6.0676,6.75045,-3.96728,-11.01684,-2.3117
Daniyal,2125,1771513190971,-1.74168,6.13699,6.45105,-2.99072,-9.67406,0.61798
Daniyal,2126,1771513190988,-2.08176,6.55843,7.11177,-0.67139,-3.14331,0.80109
Daniyal,2127,1771513191003,-1.84217,6.69243,7.17189,-0.48828,-0.27466,1.41144
Daniyal,2128,1771513191021,-1.31545,6.6015,7.15753,-0.42725,0.94604,0.43488
Daniyal,2129,1771513191037,-1.33699,6.45524,7.43271,-1.58691,-1.37329,-0.41962
Daniyal,2130,1771513191055,-1.33699,6.45524,7.43271,-2.13623,-1.37329,-1.39618
Daniyal,2131,1771513191070,-1.44467,6.49113,7.70339,-1.95312,-2.83813,-2.49481
Daniyal,2132,1771513191096,-1.81346,6.93889,8.08146,-0.48828,-3.14331,-1.94549
Daniyal,2133,1771513191104,-1.88525,7.11386,7.87089,-0.30518,5.09643,-4.32586
Daniyal,2134,1771513191118,-1.95703,7.19043,7.73211,-1.2207,3.38745,-5.79071
Daniyal,2135,1771513191136,-1.83021,7.43929,8.46461,-0.12207,6.68334,-9.63592
Daniyal,2136,1771513191155,-1.83021,7.43929,8.46461,0.12207,8.08715,-11.70348
Daniyal,2137,1771513191173,-2.26122,7.468,8.57947,-0.06104,10.9558,-13.04626
Daniyal,2138,1771513191188,-2.68026,7.58555,8.37847,1.77002,13.45061,-12.2528
Daniyal,2139,1771513191205,-2.45504,7.35075,7.81586,3.479,21.44621,-13.22936
Daniyal,2140,1771513191221,-1.61964,6.48874,6.77917,3.35693,26.45109,-16.64733
Daniyal,2141,1771513191237,-1.34417,5.89741,6.27637,4.02832,27.91593,-19.39391
Daniyal,2142,1771513191254,-1.34417,5.89741,6.27637,0.85449,25.29142,-23.84947
Daniyal,2143,1771513191274,-1.12164,5.43051,5.64437,-3.96728,14.91545,-25.43638
Daniyal,2144,1771513191286,-2.01685,5.61984,6.03679,-1.77002,10.71166,-24.15464
Daniyal,2145,1771513191301,-2.35214,5.82323,6.24527,-0.42725,6.74438,-20.55357
Daniyal,2146,1771513191322,-2.52204,5.9022,5.68026,-0.67139,2.28882,-14.81627
Daniyal,2147,1771513191338,-2.30668,5.78734,5.6683,-1.28174,-0.88501,-11.94762
Daniyal,2148,1771513191355,-2.30668,5.78734,5.6683,-2.19726,-7.96508,-7.31658
Daniyal,2149,1771513191371,-2.57228,5.81366,6.15913,-3.54004,-13.2141,-1.51825
Daniyal,2150,1771513191389,-2.12004,5.9333,6.07268,-4.88281,-16.20482,1.65558
Daniyal,2151,1771513191405,-1.98335,6.05324,6.42712,-4.94384,-21.26311,3.48663
Daniyal,2152,1771513191418,-2.25404,6.3356,7.11895,-1.58691,-21.99553,6.17218
Daniyal,2153,1771513191438,-1.47577,6.16571,6.5994,2.74658,-13.76342,9.28497
Daniyal,2154,1771513191455,-1.47577,6.16571,6.5994,4.15039,-14.31273,8.67461
Daniyal,2155,1771513191480,-1.2006,6.15613,6.54437,5.85937,-16.75414,5.98907
Daniyal,2156,1771513191488,-1.04985,6.06042,6.39362,4.82177,-15.71654,4.46319
Daniyal,2157,1771513191502,-1.23171,5.81845,6.3003,4.27246,-18.51653,4.70733
Daniyal,2158,1771513191518,-1.27956,5.92852,6.97298,6.04248,-19.18791,1.47247
Daniyal,2159,1771513191539,-1.94267,6.32363,7.5356,8.96453,-22.42277,-0.54169
Daniyal,2160,1771513191555,-1.94267,6.32363,7.5356,12.50457,-18.8217,0.74005
Daniyal,2161,1771513191574,-2.01446,6.54407,7.41596,13.96941,-12.96996,2.26593
Daniyal,2162,1771513191589,-1.94507,6.54646,7.52603,13.78631,-10.89477,4.34112
Daniyal,2163,1771513191605,-1.88285,6.49831,8.2349,15.06804,-9.06371,4.09698
Daniyal,2164,1771513191623,-1.85653,6.45284,8.59861,17.32634,-1.92261,7.57598
Daniyal,2165,1771513191639,-1.88764,6.8336,8.51964,17.20427,-1.19018,14.10674
Daniyal,2166,1771513191663,-1.07856,6.69482,7.47099,16.34978,12.47405,14.41192
Daniyal,2167,1771513191673,-1.07856,6.69482,7.47099,15.37322,8.94164,13.80156
Daniyal,2168,1771513191689,-1.38485,6.702,8.07189,19.52361,10.16235,13.37432
Daniyal,2169,1771513191705,-1.19581,6.58953,7.76561,20.31706,12.77923,15.32744
Daniyal,2170,1771513191723,-1.52602,6.44327,6.78156,17.44841,9.06371,19.47783
Daniyal,2171,1771513191739,-1.52602,6.44327,6.78156,15.8615,6.56127,20.87401
Daniyal,2172,1771513191756,-1.43749,6.52254,6.87009,12.07732,4.48608,22.9492
Daniyal,2173,1771513191772,-1.63878,6.70918,6.77917,10.00213,4.85229,23.25438
Daniyal,2174,1771513191790,-0.73848,6.635,6.42712,6.95037,4.48608,18.74541
Daniyal,2175,1771513191807,-0.97298,6.59671,6.49651,5.55419,1.61743,14.16778
Daniyal,2176,1771513191823,-1.67707,6.3332,7.25085,8.59832,3.08227,10.44463
Daniyal,2177,1771513191847,-1.67707,6.3332,7.25085,8.96453,7.78198,9.52911
Daniyal,2178,1771513191854,-1.75843,5.94527,6.52523,7.37762,12.29858,9.95635
Daniyal,2179,1771513191870,-2.07428,6.01257,6.43669,7.62176,11.50512,12.76397
Daniyal,2180,1771513191891,-2.67069,6.32603,7.21974,6.65283,17.17375,18.44023
Daniyal,2181,1771513191906,-2.31147,6.3667,6.93709,4.57763,19.43205,22.46092
Daniyal,2182,1771513191923,-2.05514,6.58714,7.22453,5.00488,19.79827,25.45164
Daniyal,2183,1771513191938,-2.05514,6.58714,7.22453,7.43865,22.3007,26.91648
Daniyal,2184,1771513191955,-1.9666,6.9341,7.40878,8.17108,24.00969,29.05271
Daniyal,2185,1771513191973,-1.71775,6.9341,6.92991,6.46972,23.21623,28.80857
Daniyal,2186,1771513191991,-1.27717,6.74985,6.57308,3.60107,20.77483,26.48924
Daniyal,2187,1771513192005,-1.26521,7.01306,6.70499,0.67139,17.05168,21.60643
Daniyal,2188,1771513192030,-1.59332,7.28375,7.07109,-1.70898,11.56615,16.79228
Daniyal,2189,1771513192036,-1.59332,7.28375,7.07109,-3.35693,10.40649,14.96123
Daniyal,2190,1771513192050,-1.53559,7.26222,6.84856,-3.84521,9.61303,14.35088
Daniyal,2191,1771513192073,-1.69621,7.21436,6.94188,-5.31005,7.35473,11.6043
Daniyal,2192,1771513192089,-1.42074,7.12583,7.35135,-5.61523,4.30298,10.32256
Daniyal,2193,1771513192107,-1.21496,7.21675,7.29392,-7.08007,1.31225,8.79669
Daniyal,2194,1771513192124,-1.07378,7.0995,7.06391,-6.28662,-0.94604,7.45391
Daniyal,2195,1771513192139,-1.07378,7.0995,7.06391,-4.08935,0.03052,4.52423
Daniyal,2196,1771513192154,-1.21496,7.02772,7.21974,-2.68554,-1.7395,2.08282
Daniyal,2197,1771513192173,-1.93789,7.15693,7.66989,3.23486,4.36401,1.1673
Daniyal,2198,1771513192190,-1.53081,6.92932,7.2676,7.98797,13.81682,-1.15204
Daniyal,2199,1771513192215,-1.8685,6.72593,6.85574,10.49041,15.70891,-2.79999
Daniyal,2200,1771513192223,-1.98335,6.58953,7.26521,17.20427,27.30558,-8.29315
Daniyal,2201,1771513192237,-1.98335,6.58953,7.26521,18.3029,32.3715,-10.54381
Daniyal,2202,1771513192256,-1.96182,6.45524,6.96102,17.99773,36.52188,-12.13073
Daniyal,2203,1771513192272,-2.32104,6.32842,6.83659,16.77703,34.20255,-8.35418
Daniyal,2204,1771513192290,-3.1663,6.51057,7.09502,14.8239,33.89737,-2.37274
Daniyal,2205,1771513192306,-2.9674,6.67568,6.77199,12.68767,35.72843,3.30353
Daniyal,2206,1771513192324,-2.81426,7.13061,6.64038,10.3073,34.56876,8.49151
Daniyal,2207,1771513192340,-2.81426,7.13061,6.64038,5.31005,34.26358,12.03155
Daniyal,2208,1771513192356,-2.28036,7.48475,6.18545,-1.0376,32.79874,11.72637
Daniyal,2209,1771513192374,-2.03121,7.6358,6.24287,-4.76074,27.61076,9.40704
Daniyal,2210,1771513192391,-1.81825,7.65972,6.91795,-3.66211,26.93937,6.41632
Daniyal,2211,1771513192414,-1.8996,7.41536,6.92991,-3.84521,20.34758,2.69317
Daniyal,2212,1771513192422,-2.467,7.46561,7.38006,-1.89209,15.95305,4.58526
Daniyal,2213,1771513192439,-2.467,7.46561,7.38006,1.89209,22.05656,7.02667
Daniyal,2214,1771513192457,-1.1671,6.34756,6.05115,3.11279,26.32902,4.70733
Daniyal,2215,1771513192473,-0.11844,4.94238,4.58375,-1.83105,17.96721,-2.73895
Daniyal,2216,1771513192492,-1.05703,4.23111,4.32024,-8.91113,6.98852,-7.98797
Daniyal,2217,1771513192506,-1.96899,3.64457,4.43988,-10.49804,6.56127,-8.72039
Daniyal,2218,1771513192523,-1.96899,3.64457,4.43988,-13.24462,7.23266,-9.63592
Daniyal,2219,1771513192539,-2.40957,3.6661,4.0331,-16.66258,2.53296,-7.31658
Daniyal,2220,1771513192555,-3.50369,4.67647,3.9347,-24.83366,2.71606,5.37872
Daniyal,2221,1771513192574,-4.12134,5.89741,3.61406,-34.66031,-3.63159,18.68437
Daniyal,2222,1771513192592,-3.03201,6.26381,4.76561,-37.40689,-9.55199,30.21238
Daniyal,2223,1771513192613,-2.00728,6.82403,6.11845,-35.3317,-12.35961,34.36277
Daniyal,2224,1771513192622,-2.00728,6.82403,6.11845,-34.66031,-21.93449,39.42868
Daniyal,2225,1771513192638,-2.36411,7.28375,6.98973,-31.48649,-24.19279,41.32077
Daniyal,2226,1771513192657,-2.32343,7.44886,7.53799,-21.85057,-21.93449,43.15182
Daniyal,2227,1771513192676,-2.20379,7.62622,7.72732,-12.20702,-14.80101,39.36765
Daniyal,2228,1771513192691,-2.02164,8.05962,7.42792,-9.46044,-11.9934,37.47556
Daniyal,2229,1771513192708,-1.63878,7.98754,7.27239,-5.49316,-5.15747,28.99168
Daniyal,2230,1771513192722,-1.63878,7.98754,7.27239,-6.83593,-6.01196,22.15574
Daniyal,2231,1771513192741,-1.33699,7.41536,7.09502,-10.92528,-3.93676,12.39776
Daniyal,2232,1771513192759,-1.44467,7.17607,7.21974,-17.76122,-13.82445,6.05011
Daniyal,2233,1771513192780,-1.7345,7.5015,7.81586,-22.03367,-19.49309,2.20489
Daniyal,2234,1771513192790,-1.43031,7.49911,7.87568,-23.13231,-25.35246,2.87628
Daniyal,2235,1771513192806,-1.34656,8.01865,8.08864,-23.86473,-27.42765,1.41144
Daniyal,2236,1771513192822,-1.34656,8.01865,8.08864,-27.45817,-38.53605,-1.88446
Daniyal,2237,1771513192842,-1.81107,8.61745,8.87169,-23.62059,-38.41397,-0.84686
Daniyal,2238,1771513192859,-1.22453,7.66212,8.68954,-20.75194,-28.46525,-8.72039
Daniyal,2239,1771513192874,-1.44945,7.19522,8.08864,-20.44676,-28.52629,-9.39178
Daniyal,2240,1771513192891,-0.97298,6.45763,7.2341,-17.08983,-15.83861,-14.08385
Daniyal,2241,1771513192908,-0.37926,5.7012,6.38644,-16.78465,-14.2517,-20.49254
Daniyal,2242,1771513192924,-0.37926,5.7012,6.38644,-14.7705,-9.79614,-30.62436
Daniyal,2243,1771513192940,-0.08495,4.84158,5.9674,-12.87841,-12.11547,-36.78891
Daniyal,2244,1771513192969,-1.41356,4.2,6.25484,-6.7749,-17.7307,-35.75132
Daniyal,2245,1771513192980,-2.08176,4.04208,6.29312,-5.79834,-17.7307,-28.244
Daniyal,2246,1771513192987,-1.99053,4.25264,5.75205,-6.83593,-17.91381,-21.71324
Daniyal,2247,1771513193005,-1.99053,4.25264,5.75205,-7.56835,-23.58244,-8.11004
Daniyal,2248,1771513193022,-2.46939,4.82004,6.67867,-4.76074,-25.71867,11.90948
Daniyal,2249,1771513193042,-2.22054,5.34437,7.09741,-8.42284,-25.77971,19.84404
Daniyal,2250,1771513193059,-1.10249,5.96202,6.90599,-12.63427,-28.34318,21.36229
Daniyal,2251,1771513193075,0.03739,6.8336,8.534,-9.33837,-28.58732,16.05986
Daniyal,2252,1771513193091,0.19531,6.94606,9.6999,0.79346,-21.69035,11.78741
Daniyal,2253,1771513193109,0.19531,6.94606,9.6999,5.31005,-9.67406,3.48663
Daniyal,2254,1771513193125,0.38435,6.10828,8.60579,5.85937,-8.63647,3.4256
Daniyal,2255,1771513193147,-0.18784,5.75145,8.12932,6.46972,4.18091,0.49591
Daniyal,2256,1771513193154,-0.01316,5.00698,7.29631,2.2583,2.47192,-0.48065
Daniyal,2257,1771513193171,-0.26441,4.79133,6.97777,-1.15967,2.83813,-3.77655
Daniyal,2258,1771513193191,-0.51087,5.0357,7.35135,-3.41797,-5.40161,-4.20379
Daniyal,2259,1771513193209,-0.51087,5.0357,7.35135,-5.92041,-5.82885,-6.34002
Daniyal,2260,1771513193223,-0.06102,5.44008,7.05195,-9.2163,-12.72582,-6.6452
Daniyal,2261,1771513193242,-0.24526,6.31406,7.768,-8.54492,-13.09203,-8.53729
Daniyal,2262,1771513193257,-0.17348,6.7355,8.13889,-8.17871,-15.77758,-9.33074
Daniyal,2263,1771513193274,-0.28834,6.97717,8.48375,-0.91553,-11.13891,-12.13073
Daniyal,2264,1771513193293,-0.40319,6.69721,8.47418,4.08935,-9.12475,-12.61901
Daniyal,2265,1771513193308,-0.40319,6.69721,8.47418,4.57763,-6.74438,-10.66589
Daniyal,2266,1771513193325,-0.58534,6.36431,7.92114,3.90625,-0.64087,-7.74383
Daniyal,2267,1771513193351,-0.58534,6.16571,8.14607,2.92969,3.50952,-4.32586
Daniyal,2268,1771513193361,-0.37926,5.80648,8.03121,-0.73242,6.56127,0.55695
Daniyal,2269,1771513193370,-1.03041,5.76581,8.33779,-1.58691,4.11987,4.52423
Daniyal,2270,1771513193392,-0.52552,5.84955,7.89482,-2.31933,9.97924,6.59942
Daniyal,2271,1771513193410,-0.52552,5.84955,7.89482,-4.02832,7.72094,8.36944
Daniyal,2272,1771513193424,-0.41515,6.13938,7.67947,-4.15039,11.26098,5.01251
Daniyal,2273,1771513193438,-0.64995,6.33081,8.10539,-4.45556,6.68334,5.13458
Daniyal,2274,1771513193457,-0.33619,6.38106,7.63849,-5.18798,12.23754,0.55695
Daniyal,2275,1771513193475,-0.38883,6.37867,7.51167,-7.01904,6.37817,-0.23651
Daniyal,2276,1771513193493,-0.39362,6.43131,7.88764,-5.00488,7.35473,-4.57
Daniyal,2277,1771513193509,-0.39362,6.43131,7.88764,-6.10351,2.28882,-5.4245
Daniyal,2278,1771513193527,-0.47976,6.38106,7.68186,-4.94384,1.49536,-6.88934
Daniyal,2279,1771513193536,-0.64756,6.41934,7.85653,-3.479,-2.10571,-5.6076
Daniyal,2280,1771513193555,-0.49173,6.46959,7.66511,-0.54932,1.00708,-6.40106
Daniyal,2281,1771513193575,-0.41755,6.21356,7.47099,0.48828,-1.31225,-6.52313
Daniyal,2282,1771513193591,-0.37448,5.94287,7.56192,2.56347,-0.76294,-6.76727
Daniyal,2283,1771513193608,-0.37448,5.94287,7.56192,1.52588,-3.26538,-5.6076
Daniyal,2284,1771513193626,-0.41755,5.67727,7.14078,0.73242,-5.82885,-3.59344
Daniyal,2285,1771513193641,-0.22373,5.45444,6.88445,-0.30518,-5.40161,-3.77655
Daniyal,2286,1771513193658,-0.54467,5.47627,7.22692,-0.85449,-10.7727,-1.45721
Daniyal,2287,1771513193675,-0.38883,5.52892,7.1333,-1.77002,-7.04956,-2.06756
Daniyal,2288,1771513193692,-0.38883,5.52892,7.1333,-2.99072,-12.23754,0.37384
Daniyal,2289,1771513193717,-0.60449,5.9333,7.57627,0.48828,-5.09643,0.1297
Daniyal,2290,1771513193724,-0.42233,5.94527,7.8015,-0.61035,-7.96508,1.89972
Daniyal,2291,1771513193740,-0.7002,6.11067,7.98575,0.06104,-4.24194,1.3504
Daniyal,2292,1771513193757,-0.60927,6.27817,8.25404,0.85449,-3.69262,2.87628
Daniyal,2293,1771513193776,-0.03948,6.01496,7.47817,-0.73242,4.48608,0.49591
Daniyal,2294,1771513193792,-0.03948,6.01496,7.47817,-4.02832,3.20434,0.1297
Daniyal,2295,1771513193809,-0.27159,5.89262,7.79432,-5.98144,7.04956,-2.00653
Daniyal,2296,1771513193825,-0.23569,5.91416,8.08864,-7.01904,5.52368,-1.02997
Daniyal,2297,1771513193842,-0.38883,6.18246,7.91157,-5.43213,7.17163,-0.66376
Daniyal,2298,1771513193859,-0.30748,6.05564,7.92353,-5.43213,5.64575,-1.02997
Daniyal,2299,1771513193880,-0.80548,6.21356,8.36411,-4.82177,4.54712,0.67902
Daniyal,2300,1771513193890,-0.80548,6.21356,8.36411,-5.7373,5.95092,0.49591
Daniyal,2301,1771513193909,-0.50847,6.2016,7.75364,-7.32421,1.49536,2.32696
Daniyal,2302,1771513193924,-0.80309,6.40738,8.18944,-5.55419,4.24194,2.44903
Daniyal,2303,1771513193940,-0.70738,6.49592,8.42632,-4.57763,4.54712,3.12042
Daniyal,2304,1771513193959,-0.22373,6.13699,7.72493,-5.67627,8.08715,0.37384
Daniyal,2305,1771513193975,-0.82223,6.24706,8.12932,-4.21142,5.95092,2.08282
Daniyal,2306,1771513193992,-0.82223,6.24706,8.12932,-5.00488,11.32201,1.47247
Daniyal,2307,1771513194010,-0.39362,5.82084,6.98016,-10.13183,10.58959,0.92316
Daniyal,2308,1771513194025,-0.65234,5.60788,6.72413,-11.41357,6.68334,1.1673
Daniyal,2309,1771513194042,-0.98255,5.94766,7.77039,-9.46044,4.18091,2.87628
Daniyal,2310,1771513194067,-0.41037,5.77777,7.05673,-9.70458,4.05884,3.66974
Daniyal,2311,1771513194075,-0.20219,5.35394,6.74088,-9.33837,4.85229,1.96075
Daniyal,2312,1771513194089,-0.20219,5.35394,6.74088,-8.54492,0.82397,2.02179
Daniyal,2313,1771513194110,-0.76481,5.64377,7.67468,-7.56835,5.0354,0.3128
Daniyal,2314,1771513194125,-0.74566,5.84955,7.29871,-8.11767,0.21362,2.32696
Daniyal,2315,1771513194143,-0.59013,5.80648,7.55474,-4.02832,4.85229,0.80109
Daniyal,2316,1771513194158,-0.61884,5.71556,7.59063,-4.82177,-0.15259,2.5711
Daniyal,2317,1771513194175,-0.12562,5.63181,7.46381,-7.20214,2.22778,-1.33514
Daniyal,2318,1771513194192,-0.12562,5.63181,7.46381,-8.85009,-5.88989,-1.27411
Daniyal,2319,1771513194210,-0.24766,6.00778,8.28036,-8.91113,-3.93676,-4.44793
Daniyal,2320,1771513194226,-0.54706,5.99103,8.39043,-6.28662,-6.86645,-3.3493
Daniyal,2321,1771513194250,-0.65952,5.71077,7.6675,-3.11279,6.13403,-8.78143
Daniyal,2322,1771513194258,-0.96102,6.06999,7.5356,-3.72314,-2.10571,-5.6076
Daniyal,2323,1771513194272,-0.96102,6.06999,7.5356,-5.00488,4.79126,-7.74383
Daniyal,2324,1771513194291,-0.12802,5.16251,7.10698,-17.0288,-1.37329,-7.6828
Daniyal,2325,1771513194309,-0.79591,4.69322,7.42074,-16.47948,-5.76782,-6.52313
Daniyal,2326,1771513194327,-0.02034,5.29173,8.02164,-12.57323,-6.86645,-8.41522
Daniyal,2327,1771513194342,-0.34098,5.7682,7.92832,-12.81737,-12.54272,-9.69695
Daniyal,2328,1771513194360,-0.24048,5.57677,8.44307,-8.11767,-9.00268,-13.10729
Daniyal,2329,1771513194374,-0.24048,5.57677,8.44307,-6.22558,-11.32201,-12.68004
Daniyal,2330,1771513194393,-0.31944,5.99821,8.01685,-6.53076,-8.45336,-14.45006
Daniyal,2331,1771513194410,-0.77438,6.29253,8.38804,-7.01904,-14.98412,-11.2152
Daniyal,2332,1771513194433,-0.99212,6.96999,9.43909,-4.63867,-19.18791,-9.63592
Daniyal,2333,1771513194441,-0.66909,7.24068,9.87967,3.66211,-23.52141,-5.18036
Daniyal,2334,1771513194458,0.68614,5.9357,8.04557,16.22771,-11.87133,-3.1662
Daniyal,2335,1771513194477,0.68614,5.9357,8.04557,19.70671,8.02612,-6.76727
Daniyal,2336,1771513194493,1.08604,3.88385,4.70818,-12.93944,11.74926,-23.48326
Daniyal,2337,1771513194511,-1.52602,4.53769,5.44786,-54.74086,-47.56924,-32.7606
Daniyal,2338,1771513194525,-5.35932,11.23909,14.42872,-23.19334,-85.1516,20.21025
Daniyal,2339,1771513194543,1.72044,6.14656,10.67917,41.42758,17.601,10.44463
Daniyal,2340,1771513194558,5.01954,3.15613,5.45264,35.81998,18.02825,-14.32799
Daniyal,2341,1771513194575,5.01954,3.15613,5.45264,17.63152,-8.45336,-6.58416
Daniyal,2342,1771513194601,0.55454,3.52971,5.2995,1.83105,15.3427,-12.80211
Daniyal,2343,1771513194612,0.55454,3.52971,5.2995,-7.81249,-2.7771,-14.5111
Daniyal,2344,1771513194625,-1.01605,4.61665,7.71057,-8.48388,-18.6386,-9.20867
Daniyal,2345,1771513194643,-0.77198,5.52413,8.67757,-1.2207,-14.55687,-7.98797
Daniyal,2346,1771513194660,-0.28116,4.6669,7.65284,-5.49316,-21.81242,-3.28827
Daniyal,2347,1771513194676,-0.28116,4.6669,7.65284,1.40381,-16.57103,-5.85174
Daniyal,2348,1771513194693,0.22881,4.93729,7.59302,8.84246,-8.88061,-7.25555
Daniyal,2349,1771513194712,-0.09212,5.45444,6.34337,-1.52588,-5.82885,-8.049
Daniyal,2350,1771513194726,-0.45823,5.48824,6.62124,-7.08007,-11.81029,-7.80486
Daniyal,2351,1771513194744,-0.46301,6.42652,9.27877,-0.48828,-13.88549,-7.8659
Daniyal,2352,1771513194762,-0.54706,6.85514,9.32902,5.24902,-14.06859,-8.59832
Daniyal,2353,1771513194783,-0.54706,6.85514,9.32902,6.34765,-13.64135,-3.65448
Daniyal,2354,1771513194790,-0.20219,6.87667,8.45743,8.78143,-2.28882,-2.61688
Daniyal,2355,1771513194809,0.46092,6.1011,7.89721,4.94384,11.01684,-3.83758
Daniyal,2356,1771513194827,0.46092,5.29412,7.92832,-0.54932,17.96721,-6.6452
Daniyal,2357,1771513194843,-0.7337,6.10828,9.91795,-2.50244,10.04028,-3.83758
Daniyal,2358,1771513194862,-0.52552,6.69003,10.05913,0.91553,2.16675,-2.00653
Daniyal,2359,1771513194877,-0.52552,6.69003,10.05913,9.45281,0.64087,0.3128
Daniyal,2360,1771513194893,0.95414,6.21117,8.27558,14.51873,13.20647,-7.07244
Daniyal,2361,1771513194909,0.6,5.59831,7.71057,15.98357,8.14819,-10.06316
Daniyal,2362,1771513194927,-1.97378,6.10589,8.97937,17.14324,5.88989,-10.54381
Daniyal,2363,1771513194945,-2.27079,6.67807,7.88285,17.81462,0.76294,2.5711
Daniyal,2364,1771513194968,0.21685,5.52413,5.65873,11.46697,7.23266,-1.88446
Daniyal,2365,1771513194979,0.21685,5.52413,5.65873,11.77215,-4.11987,0.61798
Daniyal,2366,1771513194990,0.15464,5.95723,7.21257,20.92741,2.04468,-3.22723
Daniyal,2367,1771513195010,1.78265,4.26222,6.27398,24.28435,21.14104,-13.96178
Daniyal,2368,1771513195027,0.54736,3.64457,4.92353,13.78631,12.9013,-21.53014
Daniyal,2369,1771513195043,-1.86371,4.92293,6.48694,12.50457,2.04468,-20.12633
Daniyal,2370,1771513195061,-1.86371,4.92293,6.48694,19.70671,1.86157,-8.84246
Daniyal,2371,1771513195076,-2.11765,5.7993,7.69143,19.3405,-8.20922,4.21905
Daniyal,2372,1771513195094,-1.38724,6.63021,8.17747,21.96501,-14.86205,14.22881
Daniyal,2373,1771513195110,0.90867,6.49113,8.37608,28.06852,-5.0354,11.17705
Daniyal,2374,1771513195129,0.08285,6.29253,8.62493,28.86198,-3.26538,11.48223
Daniyal,2375,1771513195153,-0.55663,5.95005,7.40399,25.01677,5.64575,10.5667
Daniyal,2376,1771513195165,-0.47019,5.40419,6.79831,20.5612,14.85442,9.89532
Daniyal,2377,1771513195176,-0.47019,5.40419,6.79831,20.01189,21.81242,7.33184
Daniyal,2378,1771513195192,-0.42473,5.24866,7.32024,17.57048,28.16007,2.69317
Daniyal,2379,1771513195212,-1.54517,5.97907,7.98335,2.07519,19.30998,-1.88446
Daniyal,2380,1771513195228,-3.82941,7.87029,9.98256,7.43865,17.66203,17.46367
Daniyal,2381,1771513195245,-2.67069,6.81685,9.09661,18.79118,42.74747,16.1209
Daniyal,2382,1771513195258,-2.67069,6.81685,9.09661,12.50457,36.0336,17.58574
Daniyal,2383,1771513195276,-2.55793,7.60469,9.44866,25.32194,38.90226,20.6909
Daniyal,2384,1771513195296,-0.13998,6.26142,9.44387,30.38786,74.95875,0.80109
Daniyal,2385,1771513195319,-1.22931,5.43769,8.0695,21.84294,51.10165,6.59942
Daniyal,2386,1771513195326,-3.83659,8.15773,10.54756,33.68375,61.23347,9.46807
Daniyal,2387,1771513195344,-1.15274,6.65414,7.72732,39.7186,85.45679,7.88116
Daniyal,2388,1771513195361,-1.15274,6.65414,7.72732,28.06852,73.6236,12.45879
Daniyal,2389,1771513195378,-2.10329,5.8352,6.92752,33.92789,73.74567,19.4168
Daniyal,2390,1771513195393,-2.05992,6.09631,8.11974,39.96274,78.55981,22.03367
Daniyal,2391,1771513195412,-1.7656,5.60309,5.96022,32.46305,70.81599,21.36229
Daniyal,2392,1771513195428,-2.39522,6.38106,5.24925,23.61296,58.60897,29.17478
Daniyal,2393,1771513195443,-1.62203,6.28535,5.37129,23.24675,54.64169,32.04343
Daniyal,2394,1771513195460,-1.62203,6.28535,5.37129,26.54264,57.69344,31.31101
Daniyal,2395,1771513195478,-0.15673,5.29412,4.75843,25.26091,48.78231,29.23582
Daniyal,2396,1771513195503,-0.64516,5.51934,4.22931,21.53777,40.24503,27.89305
Daniyal,2397,1771513195515,-1.27478,6.43849,4.11446,18.05876,33.10392,25.51268
Daniyal,2398,1771513195529,-1.16949,6.7355,4.30588,15.61736,27.42765,20.5078
Daniyal,2399,1771513195541,-1.16949,6.7355,4.30588,14.76287,26.75627,16.18193
Daniyal,2400,1771513195561,-1.26042,6.568,4.38963,14.15252,19.8593,12.15362
Daniyal,2401,1771513195579,-1.80628,6.99392,4.6005,13.6032,16.5634,8.61358
Daniyal,2402,1771513195594,-1.26042,6.90539,4.24367,13.23699,18.69963,3.36456
Daniyal,2403,1771513195610,-2.07189,7.22154,4.72493,10.24627,9.24682,1.89972
Daniyal,2404,1771513195628,-2.60369,7.58555,5.2995,8.65936,6.98852,2.02179
Daniyal,2405,1771513195644,-3.43908,8.18166,5.00728,1.40381,4.18091,8.79669
Daniyal,2406,1771513195663,-3.43908,8.18166,5.00728,-7.81249,-2.28882,14.47295
Daniyal,2407,1771513195684,-3.02243,8.36112,6.02004,-11.90185,-4.18091,17.09746
Daniyal,2408,1771513195691,-3.02243,8.36112,6.02004,-11.2915,-3.63159,17.64678
Daniyal,2409,1771513195711,-3.47737,8.54537,6.47019,-11.84081,-8.81957,22.39989
Daniyal,2410,1771513195730,-3.01286,8.51905,6.44866,-11.35253,-9.67406,24.35301
Daniyal,2411,1771513195743,-3.01286,8.51905,6.44866,-11.41357,-9.49096,23.49852
Daniyal,2412,1771513195758,-2.40957,8.25823,6.47259,-12.39013,-15.41137,23.9868
Daniyal,2413,1771513195778,-2.85494,8.38266,7.05673,-10.37597,-17.66966,24.78025
Daniyal,2414,1771513195794,-2.55793,8.23909,6.81266,-12.26806,-21.08,25.08543
Daniyal,2415,1771513195814,-1.8685,7.85115,6.40319,-12.93944,-23.1552,21.85057
Daniyal,2416,1771513195827,-1.14078,6.74268,6.38644,-9.27734,-20.22551,15.32744
Daniyal,2417,1771513195844,-1.14078,6.74268,6.38644,-7.75146,-17.42552,8.55255
Daniyal,2418,1771513195866,-1.78953,6.67568,6.08704,-7.87353,-20.40862,11.6043
Daniyal,2419,1771513195877,-2.37847,6.94128,5.89083,-5.7373,-10.22338,5.68389
Daniyal,2420,1771513195892,-1.62443,6.35952,5.28036,-9.2163,-10.10131,2.51007
Daniyal,2421,1771513195911,-3.34098,7.46082,6.00329,-12.26806,-12.84789,5.25665
Daniyal,2422,1771513195929,-3.25723,7.49193,6.43669,-9.88769,-5.70678,7.20977
Daniyal,2423,1771513195943,-3.25723,7.49193,6.43669,-10.31493,-6.31713,8.97979
Daniyal,2424,1771513195960,-2.77597,7.42493,6.39601,-5.06591,-1.61743,7.51495
Daniyal,2425,1771513195979,-1.94267,6.71396,6.40798,-3.05176,0.7019,4.46319
Daniyal,2426,1771513195995,-2.17268,6.79292,6.52523,-2.31933,-1.19018,3.91388
Daniyal,2427,1771513196013,-2.21815,7.17368,6.63799,-3.96728,-1.49536,3.12042
Daniyal,2428,1771513196033,-2.08415,7.34118,6.65713,-6.34765,-5.76782,4.6463
Daniyal,2429,1771513196045,-2.08415,7.34118,6.65713,-5.31005,-2.89917,4.09698
Daniyal,2430,1771513196057,-0.9347,5.97159,5.82862,-5.85937,0.39673,-3.71551
Daniyal,2431,1771513196079,-0.69063,5.32523,5.12722,-16.90673,-14.67894,-6.21795
Daniyal,2432,1771513196095,-2.41436,6.16571,5.97458,-16.66258,-18.34105,-1.39618
Daniyal,2433,1771513196110,-1.74646,5.78256,5.42393,-19.53123,-18.28002,0.67902
Daniyal,2434,1771513196127,-1.64357,6.32124,4.99771,-24.22331,-25.84074,2.44903
Daniyal,2435,1771513196146,-1.64357,6.32124,4.99771,-26.96989,-32.67667,6.35528
Daniyal,2436,1771513196162,-2.00249,6.93171,6.44626,-23.19334,-33.47013,9.95635
Daniyal,2437,1771513196175,-1.83021,6.78335,6.87249,-23.19334,-35.24015,11.48223
Daniyal,2438,1771513196195,-1.04267,6.49352,6.1017,-24.71159,-34.99601,8.67461
Daniyal,2439,1771513196222,-1.18624,6.48395,6.77438,-24.65056,-39.45157,6.05011
Daniyal,2440,1771513196228,-1.22213,6.57996,7.28914,-23.62059,-38.59708,4.76837
Daniyal,2441,1771513196242,-1.22213,6.57996,7.28914,-23.9868,-36.46085,2.75421
Daniyal,2442,1771513196260,-0.75763,6.22313,6.99452,-26.78679,-38.16983,2.20489
Daniyal,2443,1771513196278,-1.08335,6.54407,7.52124,-29.83854,-40.3671,1.41144
Daniyal,2444,1771513196295,-1.44227,6.92453,8.60579,-26.96989,-40.18399,5.37872
Daniyal,2445,1771513196313,-0.9012,6.56321,8.69941,-21.48436,-33.22599,5.92804
Daniyal,2446,1771513196329,-0.47737,6.12263,7.75604,-19.95848,-25.96281,4.95147
Daniyal,2447,1771513196345,-0.47737,6.12263,7.75604,-17.2119,-20.65276,2.63214
Daniyal,2448,1771513196369,-0.35294,6.01257,8.11974,-14.28222,-14.73998,-0.05341
Daniyal,2449,1771513196376,-0.41515,5.90698,7.90678,-16.23534,-12.1765,-1.02997
Daniyal,2450,1771513196392,-0.77438,6.05803,8.03121,-16.66258,-9.24682,-0.29755
Daniyal,2451,1771513196411,-0.87248,6.38824,8.73051,-13.12255,-4.36401,3.73077
Daniyal,2452,1771513196429,-0.87248,6.38824,8.73051,-11.23046,1.12915,6.9046
Daniyal,2453,1771513196444,-0.84855,6.44806,8.63211,-9.94872,2.7771,10.93291
Daniyal,2454,1771513196460,-0.84138,6.58953,8.97219,-6.89697,6.37817,16.73125
Daniyal,2455,1771513196477,-0.23091,6.65414,8.81905,-5.31005,11.07787,17.64678
Daniyal,2456,1771513196496,-0.00598,6.64935,8.31865,-5.24902,11.32201,18.13506
Daniyal,2457,1771513196514,0.35563,6.42892,8.20619,-0.73242,18.27239,17.03642
Daniyal,2458,1771513196532,0.35563,6.42892,8.20619,1.15967,27.24455,10.3836
Daniyal,2459,1771513196542,0.76989,5.38026,7.06152,-0.36621,26.69523,7.27081
Daniyal,2460,1771513196561,-0.10887,5.21755,7.17189,2.86865,25.77971,5.13458
Daniyal,2461,1771513196579,-0.24048,5.07877,7.00648,4.21142,31.02872,4.03595
Daniyal,2462,1771513196596,-0.45823,4.58555,5.92672,-2.68554,26.14592,3.91388
Daniyal,2463,1771513196613,-1.05942,4.82961,6.35773,-3.96728,23.52141,6.29425
Daniyal,2464,1771513196630,-1.05942,4.82961,6.35773,-3.66211,21.08,10.44463
Daniyal,2465,1771513196645,-1.19821,5.35873,6.7672,-11.4746,15.28167,15.87676
Daniyal,2466,1771513196659,-0.7337,5.52652,6.33859,-15.07567,8.94164,19.05058
Daniyal,2467,1771513196679,-0.34337,5.82323,7.22214,-16.41844,2.89917,20.99608
Daniyal,2468,1771513196695,-0.05384,6.11306,7.42792,-18.06639,-6.80541,23.86473
Daniyal,2469,1771513196713,0.57846,5.94048,7.04716,-16.05223,-6.50024,21.48436
Daniyal,2470,1771513196735,0.60957,6.06042,7.31306,-12.87841,-9.12475,15.44951
Daniyal,2471,1771513196742,0.60957,6.06042,7.31306,-12.14599,-8.33129,13.98467
Daniyal,2472,1771513196760,0.39153,6.34517,7.57627,-10.92528,-6.68334,10.68877
Daniyal,2473,1771513196778,0.19053,6.37627,7.5332,-13.24462,-7.41577,7.0877
Daniyal,2474,1771513196797,-0.05145,6.52254,7.70579,-16.47948,-9.42992,5.74493
Daniyal,2475,1771513196813,-0.38883,6.70678,8.4,-14.89257,-9.55199,6.84356
Daniyal,2476,1771513196829,-0.38883,6.70678,8.4,-15.07567,-7.23266,4.89044
Daniyal,2477,1771513196847,-0.61406,6.63261,8.31147,-17.27294,-8.94164,3.66974
Daniyal,2478,1771513196862,-1.12881,7.12104,8.81187,-14.83153,-0.57983,2.20489
Daniyal,2479,1771513196878,-1.18146,7.3005,9.50848,-11.04736,6.07299,1.53351
Daniyal,2480,1771513196905,-0.55663,6.99631,9.12533,-7.75146,20.22551,-6.46209
Daniyal,2481,1771513196912,-0.15912,6.55364,8.75923,-8.23974,21.62932,-9.45281
Daniyal,2482,1771513196929,-0.15912,6.55364,8.75923,-7.44628,26.75627,-14.45006
Daniyal,2483,1771513196947,-0.51326,6.71635,9.68555,-6.34765,22.54484,-11.88659
Daniyal,2484,1771513196965,-1.21017,7.14497,10.06391,2.86865,26.69523,-8.29315
Daniyal,2485,1771513196981,-0.28594,6.4002,8.39522,6.7749,27.91593,-9.69695
Daniyal,2486,1771513196997,-0.56142,6.29013,7.61695,13.05388,29.86906,-11.94762
Daniyal,2487,1771513197013,-0.56142,6.29013,7.61695,17.02117,34.38565,-13.22936
Daniyal,2488,1771513197030,-0.45823,5.69881,6.91316,17.75359,35.48429,-15.85387
Daniyal,2489,1771513197048,-0.27159,4.75544,5.62044,12.68767,32.49356,-20.00426
Daniyal,2490,1771513197064,-0.21655,4.30768,4.902,6.40869,27.36662,-24.39878
Daniyal,2491,1771513197083,-1.21735,4.35554,5.52682,0.48828,14.91545,-23.30015
Daniyal,2492,1771513197100,-1.82782,4.69801,6.06551,-3.90625,5.64575,-14.02282
Daniyal,2493,1771513197111,-1.82782,4.69801,6.06551,-9.46044,0.45776,-9.0866
Daniyal,2494,1771513197130,-1.47577,5.1338,5.51725,-16.84569,-20.10344,2.08282
Daniyal,2495,1771513197148,-0.59252,6.07478,6.55873,-14.46532,-21.75139,2.69317
Daniyal,2496,1771513197163,1.22243,6.28535,7.17189,-9.94872,-23.82658,-0.17548
Daniyal,2497,1771513197183,1.59601,5.47149,6.80309,-5.24902,-20.34758,-10.78796
Daniyal,2498,1771513197198,0.30538,5.21994,7.0352,-5.24902,-30.72355,-13.41247
Daniyal,2499,1771513197211,0.30538,5.21994,7.0352,-5.92041,-31.15079,-12.92418
Daniyal,2500,1771513197229,-0.62124,4.87508,6.87488,-12.32909,-31.39493,-9.88006
Daniyal,2501,1771513197246,-1.18146,5.27258,6.61885,-23.07127,-35.36222,-6.46209
Daniyal,2502,1771513197273,-1.61246,6.86949,7.88046,-23.19334,-33.65323,-0.29755
Daniyal,2503,1771513197280,-1.02802,7.267,9.10858,-8.11767,-11.93236,-0.72479
Daniyal,2504,1771513197294,0.19531,6.19203,8.01685,-5.7373,1.80054,-9.20867
Daniyal,2505,1771513197314,0.19531,6.19203,8.01685,-10.00976,0.15259,-12.49694
Daniyal,2506,1771513197330,-1.14317,6.51057,8.9674,-10.37597,3.08227,-13.77868
Daniyal,2507,1771513197347,-0.67627,6.39063,10.02563,-12.32909,6.86645,-14.26696
Daniyal,2508,1771513197363,-1.11206,7.38425,10.1668,-16.47948,-4.24194,-10.42937
Daniyal,2509,1771513197381,-0.90359,8.57169,11.0001,-0.36621,4.85229,-3.65448
Daniyal,2510,1771513197397,-0.07537,7.11147,9.46541,5.7373,16.68547,-4.69207
Daniyal,2511,1771513197414,-0.07537,7.11147,9.46541,4.45556,16.86858,-3.77655
Daniyal,2512,1771513197431,-0.30748,6.35474,8.22772,8.11004,25.90178,-7.01141
Daniyal,2513,1771513197455,0.5665,5.49063,7.56431,7.01141,28.95353,-12.80211
Daniyal,2514,1771513197465,0.06132,4.5018,6.46541,0,20.22551,-16.15905
Daniyal,2515,1771513197476,-1.61007,4.89422,6.79352,-3.84521,12.47405,-16.09801
Daniyal,2516,1771513197493,-1.61007,4.89422,6.79352,-6.28662,3.9978,-10.42937
Daniyal,2517,1771513197516,-2.60369,5.79452,7.77996,-10.2539,1.31225,2.20489
Daniyal,2518,1771513197531,-0.94666,5.93091,7.0663,-9.46044,2.41089,2.5711
Daniyal,2519,1771513197546,1.22243,6.19921,6.92034,-4.08935,5.76782,-10.00213
Daniyal,2520,1771513197562,0.7675,6.51296,7.95225,0.24414,2.65503,-16.46422
Daniyal,2521,1771513197580,-0.10648,5.56959,7.19582,-0.97656,4.79126,-21.53014
Daniyal,2522,1771513197598,-1.00409,5.53849,7.40878,-4.08935,-9.7351,-18.72252
Daniyal,2523,1771513197614,-1.00409,5.53849,7.40878,1.34277,-8.75854,-16.28111
Daniyal,2524,1771513197638,-0.38644,5.55045,7.22932,2.31933,-7.23266,-16.89147
Daniyal,2525,1771513197649,0.07089,4.92293,5.97697,0.61035,-10.9558,-18.41734
Daniyal,2526,1771513197662,-0.71934,4.73869,6.75763,4.5166,-12.11547,-17.86803
Daniyal,2527,1771513197678,-1.3657,4.52812,6.75045,5.92041,-8.14819,-14.75524
Daniyal,2528,1771513197698,-1.47577,4.98066,6.32902,-1.09863,-12.96996,-5.91278
Daniyal,2529,1771513197716,-1.47577,4.98066,6.32902,-0.73242,-12.23754,-1.82342
Daniyal,2530,1771513197731,-0.78634,5.52174,7.5332,0.18311,-13.51928,1.28937
Daniyal,2531,1771513197749,-0.63081,5.92852,8.05035,-1.40381,-15.65551,3.12042
Daniyal,2532,1771513197767,-0.85573,6.57039,8.48136,-0.36621,-16.26586,6.17218
Daniyal,2533,1771513197789,-1.04985,7.18804,8.92194,3.2959,-9.61303,8.43047
Daniyal,2534,1771513197802,-1.18385,7.61187,9.00329,4.08935,-6.62231,7.63702
Daniyal,2535,1771513197813,-1.18385,7.61187,9.00329,6.8283,1.43433,5.31768
Daniyal,2536,1771513197831,-0.99452,7.19522,9.15165,8.47625,9.49096,1.10626
Daniyal,2537,1771513197848,-0.4678,6.47917,8.90758,6.46972,12.41302,-3.89862
Daniyal,2538,1771513197867,-0.31944,6.27817,8.8334,4.76074,11.9934,-8.29315
Daniyal,2539,1771513197882,-0.8007,6.12263,8.67039,2.13623,11.9934,-8.23211
Daniyal,2540,1771513197897,-0.8007,6.12263,8.67039,0.24414,6.2561,-5.6076
Daniyal,2541,1771513197915,-1.4997,6.3332,9.02244,2.68554,4.85229,-1.091
Daniyal,2542,1771513197932,-1.78475,6.85992,8.83101,5.67627,6.4392,4.46319
Daniyal,2543,1771513197949,-0.91555,6.58236,7.60499,9.45281,14.3051,4.89044
Daniyal,2544,1771513197971,0.43699,5.66291,6.39362,6.34765,13.81682,-3.77655
Daniyal,2545,1771513197981,-0.13759,5.05962,6.49412,5.79834,9.85717,-7.74383
Daniyal,2546,1771513197998,-0.13759,5.05962,6.49412,6.16455,9.06371,-11.52038
Daniyal,2547,1771513198015,-0.82223,4.42523,6.3338,0.91553,0.82397,-10.84899
Daniyal,2548,1771513198030,-1.47099,4.5664,6.01526,-1.70898,-4.48608,-8.049
Daniyal,2549,1771513198047,-1.56461,5.3348,6.47498,-2.31933,-8.14819,0.3128
Daniyal,2550,1771513198065,-1.24367,5.92134,6.42473,-4.33349,-10.83373,7.94219
Daniyal,2551,1771513198081,-0.16152,6.16331,6.79831,-2.99072,-14.06859,10.5667
Daniyal,2552,1771513198099,-0.16152,6.16331,6.79831,1.2207,-8.94164,6.96563
Daniyal,2553,1771513198115,1.11954,5.40419,6.51326,0.42725,-11.56615,0.00763
Daniyal,2554,1771513198138,0.34128,4.89183,6.86052,3.72314,-23.09416,-4.20379
Daniyal,2555,1771513198146,-1.00887,4.76261,7.78236,6.59179,-19.55412,-4.14276
Daniyal,2556,1771513198166,-1.06421,4.98066,6.43669,1.70898,-16.81517,-2.3117
Daniyal,2557,1771513198181,-0.94187,6.04606,6.76002,-7.93456,-22.17863,4.03595
Daniyal,2558,1771513198198,-0.94187,6.04606,6.76002,-5.12695,-14.55687,5.68389
Daniyal,2559,1771513198215,-0.04905,6.18724,8.08385,-4.02832,-10.34545,4.15802
Daniyal,2560,1771513198233,-0.18066,5.98146,8.00968,-7.08007,-16.26586,2.87628
Daniyal,2561,1771513198249,-0.2668,6.08914,8.9028,-3.84521,-15.35033,2.81524
Daniyal,2562,1771513198265,-0.18784,5.96441,9.56351,1.83105,-14.55687,4.03595
Daniyal,2563,1771513198280,-0.18784,5.96441,9.56351,1.40381,-14.2517,5.31768
Daniyal,2564,1771513198302,-0.24766,6.22553,8.71137,1.46484,-15.59447,6.23321
Daniyal,2565,1771513198314,-0.32662,6.45763,8.79273,4.15039,-5.2185,5.68389
Daniyal,2566,1771513198327,-0.32662,6.45763,8.79273,4.15039,-5.2185,5.68389
Daniyal,2567,1771513198342,-0.32662,6.45763,8.79273,4.15039,-5.2185,5.68389
Daniyal,2568,1771513198359,-0.44626,6.25903,8.13171,4.15039,-5.2185,5.68389
Daniyal,2569,1771513198376,-1.23171,6.57278,9.33141,2.56347,6.56127,8.85772
Daniyal,2570,1771513198392,-0.40558,6.4337,8.75444,3.11279,10.89477,6.72149
Daniyal,2571,1771513198409,-0.40558,6.4337,8.75444,2.13623,8.27026,7.02667
Daniyal,2572,1771513198429,-0.29791,6.06042,8.53879,2.31933,13.14544,5.92804
Daniyal,2573,1771513198443,-0.29791,6.06042,8.53879,0.54932,10.46752,6.59942
Daniyal,2574,1771513198459,-0.44148,6.2686,8.036,-2.50244,10.34545,2.99835
Daniyal,2575,1771513198476,-0.39123,6.29253,7.97378,-0.06104,4.11987,1.65558
Daniyal,2576,1771513198493,-1.07856,6.6685,8.82383,6.28662,7.90405,2.51007
Daniyal,2577,1771513198509,-0.58534,6.51775,7.77996,10.24627,14.18303,1.41144
Daniyal,2578,1771513198526,-0.51087,6.24706,6.91556,13.42009,19.12688,-1.88446
Daniyal,2579,1771513198543,-0.62363,5.88545,6.97538,16.96013,25.71867,-5.30243
Daniyal,2580,1771513198562,-0.62363,5.88545,6.97538,18.60808,32.43253,-10.54381
Daniyal,2581,1771513198581,-1.38245,5.52652,6.54198,13.84734,26.32902,-13.22936
Daniyal,2582,1771513198593,-1.71057,5.59352,6.43669,13.72527,25.65763,-14.08385
Daniyal,2583,1771513198609,-1.51406,5.38026,6.34098,10.3073,21.69035,-11.94762
Daniyal,2584,1771513198626,-1.98814,5.79213,6.36969,5.43213,10.58959,-1.88446
Daniyal,2585,1771513198645,-0.54706,5.33719,5.62283,6.95037,23.21623,0.74005
Daniyal,2586,1771513198661,-0.54706,5.33719,5.62283,-4.27246,19.18791,-2.98309
Daniyal,2587,1771513198682,-0.78634,5.07398,5.34975,-12.08495,-1.43433,0.61798
Daniyal,2588,1771513198698,-1.01845,6.02453,6.92752,-3.60107,16.50237,-11.88659
Daniyal,2589,1771513198712,0.76271,5.2008,5.93629,-10.68114,-5.88989,-21.59117
Daniyal,2590,1771513198729,-2.27557,5.98385,7.22214,-8.72802,-20.16448,-15.42662
Daniyal,2591,1771513198749,-2.24925,5.6342,7.11895,2.74658,1.67847,-11.88659
Daniyal,2592,1771513198763,-2.24925,5.6342,7.11895,-7.50732,-14.61791,-8.53729
Daniyal,2593,1771513198786,-2.12004,6.87667,6.12323,-13.00048,-19.55412,-1.76239
Daniyal,2594,1771513198796,-3.74327,8.19362,7.71536,-7.81249,-12.90893,2.32696
Daniyal,2595,1771513198813,-2.35932,7.59512,9.01287,-6.04248,-10.40649,1.89972
Daniyal,2596,1771513198831,-1.1671,7.36032,8.45025,-10.00976,-11.9934,-2.67792
Daniyal,2597,1771513198849,-1.61486,7.64058,9.68076,-6.46972,-15.71654,-5.11932
Daniyal,2598,1771513198865,-1.61486,7.64058,9.68076,1.34277,-5.52368,-6.70623
Daniyal,2599,1771513198881,-0.15434,6.769,8.38565,-3.96728,-7.53784,-13.71764
Daniyal,2600,1771513198898,-0.75763,6.48874,7.73929,-3.17383,-15.22826,-15.42662
Daniyal,2601,1771513198915,-1.43988,5.96202,8.54357,0.91553,-6.80541,-15.60973
Daniyal,2602,1771513198931,-1.58136,5.48106,6.79113,-1.89209,-11.13891,-10.00213
Daniyal,2603,1771513198949,-1.53081,5.39462,6.18784,-7.32421,-15.59447,-5.05828
Daniyal,2604,1771513198968,-2.23968,5.19601,7.5332,-8.05663,-22.05656,0.37384
Daniyal,2605,1771513198979,-2.23968,5.19601,7.5332,-4.82177,-22.05656,5.37872
Daniyal,2606,1771513198994,-1.58136,5.38026,7.70339,-1.40381,-16.02172,8.1253
Daniyal,2607,1771513199015,0.16421,5.44008,6.95623,-0.06104,-12.66479,4.40216
Daniyal,2608,1771513199031,-0.78395,5.44248,8.42393,6.16455,-18.34105,2.14386
Daniyal,2609,1771513199050,-1.0017,5.01416,7.95464,8.72039,-8.75854,0.80109
Daniyal,2610,1771513199064,-1.0017,5.01416,7.95464,3.11279,-5.0354,2.388
Daniyal,2611,1771513199079,-0.4678,5.41376,6.38405,-0.73242,-8.14819,3.24249
Daniyal,2612,1771513199097,-0.79591,5.61984,7.92114,5.79834,-1.19018,4.95147
Daniyal,2613,1771513199115,-1.08814,4.95673,7.91635,3.23486,3.14331,6.11114
Daniyal,2614,1771513199135,-1.1671,5.29891,7.32264,0.06104,2.47192,10.68877
Daniyal,2615,1771513199149,-0.4319,5.65334,7.93071,3.90625,11.87133,10.50567
Daniyal,2616,1771513199164,-0.4319,5.65334,7.93071,2.2583,11.13891,9.52911
Daniyal,2617,1771513199181,-0.76959,5.48824,7.77996,1.46484,9.30785,8.61358
Daniyal,2618,1771513199198,-1.11446,5.27737,8.00728,2.99072,16.19719,9.83428
Daniyal,2619,1771513199216,-0.89402,5.51934,7.37528,2.07519,14.3051,10.81084
Daniyal,2620,1771513199234,-0.97537,6.07717,8.0025,5.7373,16.44133,11.48223
Daniyal,2621,1771513199250,-1.26521,6.19203,8.38086,8.049,12.77923,14.9002
Daniyal,2622,1771513199265,-1.26521,6.19203,8.38086,9.88006,18.8217,14.10674
Daniyal,2623,1771513199282,-0.34098,5.86152,7.21017,6.10351,11.44408,12.33672
Daniyal,2624,1771513199305,-0.9993,6.07956,7.6675,8.41522,12.35198,10.32256
Daniyal,2625,1771513199314,-1.27238,5.81845,7.67947,6.40869,8.33129,10.68877
Daniyal,2626,1771513199330,-1.44945,6.10828,7.49492,4.39453,5.58471,11.4212
Daniyal,2627,1771513199348,-1.11446,6.40977,7.90678,7.98797,4.85229,12.51983
Daniyal,2628,1771513199367,-1.11446,6.40977,7.90678,6.34765,7.84301,10.07842
Daniyal,2629,1771513199382,-0.69781,6.27578,7.19582,2.38037,2.41089,7.69805
Daniyal,2630,1771513199400,-0.83659,6.3667,7.81107,2.01416,5.2185,5.56182
Daniyal,2631,1771513199418,-0.84855,6.46481,8.07907,-1.0376,-1.25122,6.41632
Daniyal,2632,1771513199431,-0.22134,6.45045,8.15564,-0.12207,0.27466,4.21905
Daniyal,2633,1771513199450,0.27428,5.96441,8.21815,1.46484,-1.92261,0.00763
Daniyal,2634,1771513199469,0.27428,5.96441,8.21815,1.28174,-3.08227,-4.08172
Daniyal,2635,1771513199484,-0.08255,5.82802,8.15085,0.24414,-7.53784,-4.63104
Daniyal,2636,1771513199494,-0.56381,5.70838,7.8685,-0.97656,-5.95092,-6.27899
Daniyal,2637,1771513199513,-0.91316,6.08674,8.19422,-6.83593,-18.21898,-4.81414
Daniyal,2638,1771513199531,-1.15992,6.57518,9.38884,-6.34765,-15.89965,-3.3493
Daniyal,2639,1771513199549,-1.15992,6.57518,9.38884,-4.88281,-12.96996,-0.60272
Daniyal,2640,1771513199565,-1.69382,6.96042,9.19951,-2.92969,3.08227,3.73077
Daniyal,2641,1771513199584,-0.86052,6.67807,7.75364,-1.83105,10.52856,4.21905
Daniyal,2642,1771513199601,-0.24287,6.24228,8.45982,-0.67139,20.46965,-2.67792
Daniyal,2643,1771513199614,0.21685,4.80329,8.49332,-4.08935,16.13616,-7.56072
Daniyal,2644,1771513199632,0.84885,3.90329,8.03121,-5.00488,13.26751,-12.13073
Daniyal,2645,1771513199652,0.63589,4.12822,7.59542,-8.36181,13.99993,-20.67564
Daniyal,2646,1771513199664,0.63589,4.12822,7.59542,-14.03808,-0.94604,-13.59557
Daniyal,2647,1771513199679,-2.2349,5.73231,9.16601,-9.94872,-11.13891,4.76837
Daniyal,2648,1771513199696,0.04696,6.41695,9.19711,7.92693,11.56615,18.07402
Daniyal,2649,1771513199716,3.53749,4.75065,5.38325,17.87566,31.39493,9.22393
Daniyal,2650,1771513199730,2.44576,3.25902,4.65793,8.9035,24.49797,-9.0866
Daniyal,2651,1771513199749,2.44576,3.25902,4.65793,7.98797,7.65991,-11.09313
Daniyal,2652,1771513199769,-1.19821,2.97667,6.98256,17.38738,8.14819,-15.5487
Daniyal,2653,1771513199780,-0.21416,3.02931,6.79831,6.7749,2.04468,-11.76452
Daniyal,2654,1771513199802,-0.61884,6.00539,6.24766,-10.62011,-25.90178,4.34112
Daniyal,2655,1771513199813,2.3333,5.75623,8.35454,-5.79834,-19.12688,1.28937
Daniyal,2656,1771513199831,2.3333,5.75623,8.35454,11.65008,-8.57543,-9.57488
Daniyal,2657,1771513199849,3.29342,4.48265,10.24816,12.68767,-4.60815,-8.049
Daniyal,2658,1771513199866,0.29103,5.64856,9.61376,1.0376,-13.64135,2.26593
Daniyal,2659,1771513199885,1.01635,5.46431,9.10379,0.79346,-0.57983,-0.60272
Daniyal,2660,1771513199896,0.6,5.20798,9.37448,-2.92969,-6.98852,2.32696
Daniyal,2661,1771513199913,0.96849,5.41137,9.08226,-4.45556,6.80541,-2.00653
Daniyal,2662,1771513199937,0.12592,5.18166,9.35773,-9.2163,2.22778,-0.05341
Daniyal,2663,1771513199951,0.12592,5.18166,9.35773,-9.70458,12.1765,-1.02997
Daniyal,2664,1771513199964,0.07567,5.38265,8.64886,-12.6953,7.65991,0.55695
Daniyal,2665,1771513199986,-0.05384,5.95723,8.7688,-9.64355,13.57268,-1.15204
Daniyal,2666,1771513200001,0.62154,5.91655,8.3689,-13.67187,6.01196,-2.55585
Daniyal,2667,1771513200014,0.65025,6.00539,9.0344,-12.26806,7.78198,-4.08172
Daniyal,2668,1771513200034,0.65025,6.00539,9.0344,-14.52636,3.08227,-2.98309
Daniyal,2669,1771513200049,0.78664,6.25663,8.88605,-11.35253,8.94164,-5.72967
Daniyal,2670,1771513200064,0.88235,6.23988,8.35215,-16.60155,1.12915,-7.25555
Daniyal,2671,1771513200079,-1.0328,6.83121,9.84856,-17.63915,-16.81517,2.20489
Daniyal,2672,1771513200095,1.34207,5.59591,9.41277,-3.479,-0.64087,0.43488
Daniyal,2673,1771513200119,0.84168,4.61187,6.67149,0.48828,2.53296,2.81524
Daniyal,2674,1771513200131,0.84168,4.61187,6.67149,-4.27246,-1.37329,0.74005
Daniyal,2675,1771513200149,0.36999,4.23111,6.2668,-2.68554,1.7395,-3.53241
Daniyal,2676,1771513200172,0.2336,3.73071,6.68824,-4.15039,1.86157,-5.4245
Daniyal,2677,1771513200183,0.2336,3.73071,6.68824,-3.96728,-3.63159,-4.93621
Daniyal,2678,1771513200196,0.31017,4.45633,7.35135,-0.42725,-3.9978,-7.13348
Daniyal,2679,1771513200213,0.67178,4.65494,8.16999,0.61035,-11.56615,-10.00213
Daniyal,2680,1771513200232,0.67178,4.65494,8.16999,-2.31933,-12.42064,-9.94109
Daniyal,2681,1771513200249,0.47049,4.85354,8.07428,-1.15967,-11.93236,-7.13348
Daniyal,2682,1771513200268,0.7675,5.14337,8.08385,-2.80762,-3.20434,-9.26971
Daniyal,2683,1771513200282,0.24796,5.22951,7.54278,-9.39941,-4.60815,-9.02557
Daniyal,2684,1771513200298,-0.54227,5.52652,8.79033,-9.39941,2.7771,-8.53729
Daniyal,2685,1771513200318,-0.31226,5.62224,9.20429,-7.01904,11.19994,-9.69695
Daniyal,2686,1771513200343,-0.31226,5.62224,9.20429,-7.75146,9.97924,-5.97381
Daniyal,2687,1771513200354,-0.88445,6.00299,8.83101,-4.08935,16.3803,-8.65936
Daniyal,2688,1771513200365,0.05653,5.75384,8.96501,-4.27246,13.57268,-8.96453
Daniyal,2689,1771513200381,-0.8007,6.01017,9.18276,-6.89697,10.46752,-8.049
Daniyal,2690,1771513200401,-0.49412,6.10589,9.20668,-0.67139,7.35473,-2.61688
Daniyal,2691,1771513200419,0.40588,5.8017,7.78954,-0.36621,13.69475,-5.72967
Daniyal,2692,1771513200430,0.40588,5.8017,7.78954,-1.46484,-2.9602,-2.79999
Daniyal,2693,1771513200453,-0.58534,6.55364,9.34098,7.43865,8.75854,-6.6452
Daniyal,2694,1771513200464,1.38275,5.75145,8.56511,7.19451,3.69262,-9.45281
Daniyal,2695,1771513200480,0.73161,5.8998,7.92114,9.69695,-2.34985,-12.37487
Daniyal,2696,1771513200496,0.05414,5.80888,8.81665,15.00701,-7.35473,-12.98522
Daniyal,2697,1771513200514,0.05414,5.80888,8.81665,14.33562,-8.5144,-14.26696
Daniyal,2698,1771513200530,0.01107,5.80409,8.37368,13.05388,-16.63207,-11.70348
Daniyal,2699,1771513200549,-0.30748,6.00299,8.74965,16.65495,-11.19994,-12.00866
Daniyal,2700,1771513200568,0.6335,5.58156,7.77279,14.39666,-9.00268,-14.08385
Daniyal,2701,1771513200581,-0.30748,5.15534,7.49253,12.93181,-10.46752,-13.59557
Daniyal,2702,1771513200597,-0.67866,4.69801,7.21496,7.62176,-4.30298,-15.18248
Daniyal,2703,1771513200617,-0.98495,5.07637,7.36331,4.21142,-3.9978,-10.54381
Daniyal,2704,1771513200635,-0.98495,5.07637,7.36331,3.90625,3.50952,-10.54381
Daniyal,2705,1771513200660,-0.42712,5.28933,7.15275,6.46972,1.31225,-7.92693
Daniyal,2706,1771513200670,-0.01316,4.99502,7.5356,7.74383,5.52368,-11.0321
Daniyal,2707,1771513200685,-0.64277,4.92054,7.5667,5.31005,-4.54712,-8.29315
Daniyal,2708,1771513200702,-0.73848,4.86311,7.94028,6.04248,-4.42505,-3.77655
Daniyal,2709,1771513200718,-0.44148,5.32044,7.57867,3.23486,-7.84301,-0.66376
Daniyal,2710,1771513200736,-0.44148,5.32044,7.57867,1.58691,-14.12963,-0.29755
Daniyal,2711,1771513200752,-1.07378,6.33799,9.05833,7.13348,-13.94652,4.21905
Daniyal,2712,1771513200769,-0.1998,5.98385,8.9674,7.56072,2.34985,0.98419
Daniyal,2713,1771513200784,0.1666,5.29173,6.79113,3.23486,6.80541,-4.75311
Daniyal,2714,1771513200804,-1.18624,5.97907,8.36172,8.78143,8.45336,-8.78143
Daniyal,2715,1771513200821,-0.95862,5.30848,7.98575,8.65936,15.3427,-11.52038
Daniyal,2716,1771513200831,-0.95862,5.30848,7.98575,2.62451,14.18303,-12.31383
Daniyal,2717,1771513200853,-1.87328,6.00299,7.70579,-2.99072,6.31713,-12.00866
Daniyal,2718,1771513200869,-3.15195,7.08276,9.64966,-4.45556,5.40161,-2.73895
Daniyal,2719,1771513200886,-3.57308,8.03779,10.44946,-0.97656,3.26538,-1.70135
Daniyal,2720,1771513200903,-3.84616,9.50309,9.92752,12.99285,15.52581,6.23321
Daniyal,2721,1771513200920,-2.2684,8.18405,7.41835,27.64128,53.11581,13.00811
Daniyal,2722,1771513200936,-2.2684,8.18405,7.41835,41.42758,61.96589,0.06866
Daniyal,2723,1771513200953,1.62712,6.3691,7.50449,58.09016,70.57185,-12.80211
Daniyal,2724,1771513200981,1.69651,4.33161,6.51566,67.18439,49.57577,-23.23912
Daniyal,2725,1771513200989,0.92782,2.32283,4.96421,65.90266,21.99553,-33.67612
Daniyal,2726,1771513201001,-0.20459,0.53689,3.48694,55.34359,-0.15259,-33.9813
Daniyal,2727,1771513201014,-0.20459,0.53689,3.48694,21.90398,-34.20255,-25.25328
Daniyal,2728,1771513201035,-0.96341,1.62383,2.38804,-36.5524,-86.98267,1.1673
Daniyal,2729,1771513201052,-0.66909,6.32363,2.79272,-58.94466,-104.13353,35.15622
Daniyal,2730,1771513201070,-0.30748,9.20638,3.0682,-68.03889,-69.35114,50.90328
Daniyal,2731,1771513201086,3.19053,6.568,6.49651,-48.027,-83.5647,38.63522
Daniyal,2732,1771513201099,4.04985,2.21755,7.63849,-27.09196,-74.05085,23.37645
Daniyal,2733,1771513201121,4.04985,2.21755,7.63849,-3.90625,-74.53913,-26.53502
Daniyal,2734,1771513201136,1.56491,-1.40249,6.24048,17.02117,-133.36171,-62.59914
Daniyal,2735,1771513201150,-5.02164,-0.54766,6.67627,-58.45638,-127.01406,-96.89324
Daniyal,2736,1771513201170,-12.46272,7.73629,7.9666,-117.76724,-201.82785,-49.65969
Daniyal,2737,1771513201187,-7.56431,22.11596,14.54118,-89.94287,-71.06013,112.10624
Daniyal,2738,1771513201203,11.14637,14.43769,27.52254,-72.00617,-50.61337,45.22702
Daniyal,2739,1771513201219,11.14637,14.43769,27.52254,75.41651,31.94425,-6.09588
Daniyal,2740,1771513201235,10.38246,1.52812,28.1713,84.57178,118.0419,0.61798
Daniyal,2741,1771513201254,2.21366,3.18245,2.1679,60.59261,102.36351,-7.80486
Daniyal,2742,1771513201271,1.70369,2.04048,3.00838,25.56608,16.5634,-25.43638
Daniyal,2743,1771513201287,-1.23649,1.03729,3.35294,1.83105,-9.42992,-28.91538
Daniyal,2744,1771513201311,-3.82941,0.91765,1.75603,-6.16455,-11.07787,-22.62877
Daniyal,2745,1771513201324,-2.8669,3.96072,4.98096,-2.07519,-34.38565,-17.56285
Daniyal,2746,1771513201334,-2.8669,3.96072,4.98096,7.31658,-28.8925,-17.01354
Daniyal,2747,1771513201352,1.06929,8.20559,7.32264,21.29362,-10.28442,-5.11932
Daniyal,2748,1771513201371,3.07059,7.99711,11.36651,36.49137,-1.61743,1.77765
Daniyal,2749,1771513201388,5.3357,4.58794,12.17558,33.2565,-4.66919,-2.61688
Daniyal,2750,1771513201403,4.98844,3.57757,8.15803,20.25603,-5.34057,-4.69207
Daniyal,2751,1771513201418,4.98844,3.57757,8.15803,12.99285,-20.40862,8.79669
Daniyal,2752,1771513201436,0.42024,4.24786,6.96581,14.39666,-14.00756,17.28057
Daniyal,2753,1771513201454,-0.27876,3.65175,6.64756,2.62451,-10.40649,17.70781
Daniyal,2754,1771513201480,-0.41515,3.501,8.42393,-4.63867,-10.40649,17.28057
Daniyal,2755,1771513201485,1.49522,3.65653,8.70658,-5.7373,0.76294,14.71709
Daniyal,2756,1771513201501,1.49522,3.65653,8.70658,-10.31493,13.93889,10.44463
Daniyal,2757,1771513201517,2.20887,4.1019,6.13759,-18.49364,14.42717,8.97979
Daniyal,2758,1771513201537,0.46092,4.8344,7.27717,-20.62987,12.9013,10.87188
Daniyal,2759,1771513201553,0.04935,6.19681,9.1684,-18.92089,10.9558,17.89092
Daniyal,2760,1771513201571,0.10917,7.27179,10.27478,-5.43213,14.24407,20.99608
Daniyal,2761,1771513201589,1.79222,6.61586,9.62094,3.96728,24.3759,15.20537
Daniyal,2762,1771513201604,0.77228,5.67727,9.07508,-1.52588,15.83098,9.89532
Daniyal,2763,1771513201621,0.77228,5.67727,9.07508,-3.84521,14.48821,6.29425
Daniyal,2764,1771513201644,0.92542,5.09552,9.74567,-5.55419,15.22063,5.31768
Daniyal,2765,1771513201656,1.20329,5.30848,8.95065,-4.82177,14.3051,3.30353
Daniyal,2766,1771513201670,1.17458,5.36351,9.20668,-3.23486,9.7351,2.44903
Daniyal,2767,1771513201687,1.87358,4.74108,7.97857,-2.56347,15.46477,-4.20379
Daniyal,2768,1771513201704,1.87358,4.74108,7.97857,-4.15039,9.42992,-5.66864
Daniyal,2769,1771513201720,0.09242,5.07398,8.49332,1.95312,-2.47192,-7.49969
Daniyal,2770,1771513201737,1.40429,4.69322,8.79751,8.11004,9.91821,-12.31383
Daniyal,2771,1771513201755,1.27029,4.31964,6.96341,4.21142,2.10571,-12.92418
Daniyal,2772,1771513201771,0.02064,4.17847,7.83978,7.37762,-2.34985,-12.80211
Daniyal,2773,1771513201788,0.98285,4.0995,8.01925,9.88006,2.9602,-10.84899
Daniyal,2774,1771513201804,1.11476,4.29571,6.76242,6.10351,3.38745,-5.36346
Daniyal,2775,1771513201816,1.11476,4.29571,6.76242,10.3073,5.70678,-4.26483
Daniyal,2776,1771513201834,1.35643,4.12582,8.11735,11.65008,-0.33569,0.1297
Daniyal,2777,1771513201856,1.23679,4.42523,8.0001,8.049,0.15259,3.36456
Daniyal,2778,1771513201871,0.99003,4.58555,7.82543,8.84246,-2.53296,5.13458
Daniyal,2779,1771513201889,0.96371,4.57837,8.14367,12.26043,-3.9978,6.35528
Daniyal,2780,1771513201903,0.96371,4.57837,8.14367,12.01629,3.26538,5.07354
Daniyal,2781,1771513201919,1.16979,4.26222,6.85334,10.42937,2.10571,3.79181
Daniyal,2782,1771513201936,0.67896,4.31007,7.96182,9.94109,-0.57983,4.03595
Daniyal,2783,1771513201961,0.78425,5.27019,9.31227,9.94109,-1.61743,5.56182
Daniyal,2784,1771513201968,1.48086,5.89023,9.43669,10.85662,-2.71606,6.53839
Daniyal,2785,1771513201983,1.48086,5.89023,9.43669,7.74383,-9.00268,7.39288
Daniyal,2786,1771513202005,1.0669,6.51296,10.43749,12.32146,-16.6931,13.43535
Daniyal,2787,1771513202021,1.5673,6.14417,10.68635,9.33074,-5.58471,12.94707
Daniyal,2788,1771513202035,-0.00598,5.88784,9.32423,7.13348,-8.45336,16.79228
Daniyal,2789,1771513202053,-0.4678,6.12263,10.08784,9.88006,4.60815,19.05058
Daniyal,2790,1771513202070,0.27906,5.76102,9.04876,8.17108,13.99993,16.48711
Daniyal,2791,1771513202088,-0.09691,6.02692,8.97458,9.63592,21.99553,7.94219
Daniyal,2792,1771513202106,-0.09691,6.02692,8.97458,7.98797,21.38518,9.71221
Daniyal,2793,1771513202121,-1.06182,6.42892,8.77358,7.6828,26.87834,17.40264
Daniyal,2794,1771513202144,-1.06421,6.02453,7.21974,6.46972,27.42765,21.17918
Daniyal,2795,1771513202155,-1.29153,5.92612,6.79831,9.0866,31.57804,22.33885
Daniyal,2796,1771513202170,-1.63161,6.43131,7.6337,16.47185,31.76114,28.74754
Daniyal,2797,1771513202188,-0.34816,5.73231,6.88445,22.02604,44.9371,25.81785
Daniyal,2798,1771513202206,-0.34816,5.73231,6.88445,25.50505,40.48917,23.86473
Daniyal,2799,1771513202222,-0.92513,6.10349,7.94268,30.38786,39.26847,24.96336
Daniyal,2800,1771513202238,-1.02562,5.91416,7.08066,29.41129,36.39981,29.17478
Daniyal,2801,1771513202254,-0.92991,6.61107,5.95304,27.3361,37.43741,31.43308
Daniyal,2802,1771513202271,-0.55184,7.05883,6.05115,28.73991,42.93057,31.37205
Daniyal,2803,1771513202295,0.38913,6.17528,6.6691,31.91373,37.68155,18.25713
Daniyal,2804,1771513202305,0.38913,6.17528,6.6691,30.87614,28.52629,16.05986
Daniyal,2805,1771513202319,0.03978,5.34437,7.18146,23.18571,18.69963,11.97051
Daniyal,2806,1771513202338,0.05892,5.07398,6.29312,1.83105,-8.39233,10.44463
Daniyal,2807,1771513202355,0.68614,5.97637,6.08226,-5.55419,-25.29142,13.13018
Daniyal,2808,1771513202373,2.52712,4.97827,4.67946,-10.37597,-24.49797,9.10186
Daniyal,2809,1771513202390,3.91107,3.2351,3.98016,-26.17643,-28.22111,-21.22496
Daniyal,2810,1771513202406,3.91107,3.2351,3.98016,-36.18619,-33.22599,-38.31479
Daniyal,2811,1771513202421,0.52104,3.34517,5.55793,-51.01772,-60.56208,-44.65481
Daniyal,2812,1771513202440,-3.53001,4.54247,7.38963,-48.14907,-51.28475,-37.03305
Daniyal,2813,1771513202460,-3.8342,7.22154,7.47099,-43.75454,-36.33878,-22.56773
Daniyal,2814,1771513202466,-3.89402,8.52144,9.10379,-44.12075,-47.44717,-0.29755
Daniyal,2815,1771513202490,-3.89402,8.52144,9.10379,-21.85057,-22.60588,3.79181
Daniyal,2816,1771513202505,0.31017,5.78495,9.41994,-13.54979,0.7019,-8.65936
Daniyal,2817,1771513202521,2.22562,4.52094,8.13889,-12.39013,-11.93236,-23.54429
Daniyal,2818,1771513202535,-2.6324,5.25584,11.0336,-18.4326,-28.58732,-26.04673
Daniyal,2819,1771513202556,-6.60898,6.70439,14.41915,-33.80582,-59.58553,15.44951
Daniyal,2820,1771513202572,-2.49571,12.78336,18.66402,-9.27734,-49.33163,66.2765
Daniyal,2821,1771513202589,-2.49571,12.78336,18.66402,23.36882,28.77043,34.2407
Daniyal,2822,1771513202605,7.59332,9.91735,17.76611,27.76335,50.49129,24.04783
Daniyal,2823,1771513202620,0.68614,6.64696,14.2346,18.24187,49.33163,33.08103
Daniyal,2824,1771513202636,2.01476,4.17129,7.72493,18.97429,57.75447,34.05759
Daniyal,2825,1771513202656,2.62074,3.05563,5.32104,12.80974,39.20743,20.81297
Daniyal,2826,1771513202672,0.29581,3.42204,4.64836,5.67627,13.02337,15.02227
Daniyal,2827,1771513202690,0.29581,3.42204,4.64836,1.70898,4.85229,7.45391
Daniyal,2828,1771513202706,-0.74327,3.08196,3.17827,-6.89697,3.57055,2.5711
Daniyal,2829,1771513202721,-1.80389,3.79292,2.87408,-10.37597,-6.62231,10.50567
Daniyal,2830,1771513202739,-1.20538,4.62144,4.97378,-0.73242,-1.49536,14.10674
Daniyal,2831,1771513202758,0.52822,4.41536,6.49173,19.95085,11.9934,15.51055
Daniyal,2832,1771513202772,-0.01316,3.52971,6.68824,25.01677,7.2937,17.52471
Daniyal,2833,1771513202787,-0.01316,3.52971,6.68824,23.36882,7.41577,18.19609
Daniyal,2834,1771513202805,0.04696,2.64138,5.1679,17.57048,8.57543,18.5623
Daniyal,2835,1771513202822,0.37956,2.7012,4.59811,5.67627,10.83373,21.66746
Daniyal,2836,1771513202840,0.48006,3.24945,5.17508,-4.08935,11.74926,23.74266
Daniyal,2837,1771513202856,0.20489,3.72592,6.62363,-13.48876,6.98852,28.74754
Daniyal,2838,1771513202872,0.24796,4.15693,7.79911,-18.61571,3.14331,33.50828
Daniyal,2839,1771513202889,0.24796,4.15693,7.79911,-18.18846,2.65503,34.36277
Daniyal,2840,1771513202906,0.06849,4.98545,8.49093,-19.4702,-1.49536,34.66794
Daniyal,2841,1771513202926,-0.2333,6.15613,9.10858,-14.89257,-4.60815,33.26413
Daniyal,2842,1771513202938,0.50399,7.35314,10.02324,-2.80762,2.34985,28.74754
Daniyal,2843,1771513202954,2.00758,7.69322,10.44467,8.78143,8.75854,17.95195
Daniyal,2844,1771513202974,1.07408,7.60469,10.06152,14.03045,6.68334,9.77325
Daniyal,2845,1771513202990,1.07408,7.60469,10.06152,11.3449,4.85229,7.20977
Daniyal,2846,1771513203005,-0.05145,7.45125,9.39362,6.46972,0.94604,8.06426
Daniyal,2847,1771513203021,0.05414,7.43211,9.43669,4.15039,0.57983,6.11114
Daniyal,2848,1771513203040,0.15464,7.25265,10.1692,3.60107,-2.16675,5.80596
Daniyal,2849,1771513203061,0.36042,6.89103,10.27478,5.67627,4.24194,5.01251
Daniyal,2850,1771513203079,0.06849,6.65175,9.37927,0.30518,5.46264,6.96563
Daniyal,2851,1771513203086,0.06849,6.65175,9.37927,-2.68554,6.62231,8.97979
Daniyal,2852,1771513203106,-0.60927,6.65414,9.25484,-3.96728,9.49096,13.25225
Daniyal,2853,1771513203123,-0.21894,6.67568,9.08944,-4.27246,17.17375,17.89092
Daniyal,2854,1771513203139,0.62632,6.13938,7.67707,-5.92041,23.1552,17.03642
Daniyal,2855,1771513203154,0.21685,5.48824,7.11655,-8.36181,23.64348,16.54815
Daniyal,2856,1771513203173,0.21685,5.48824,7.11655,-7.75146,24.62004,17.21953
Daniyal,2857,1771513203191,-0.59492,5.19601,7.59781,-6.22558,24.86418,21.60643
Daniyal,2858,1771513203207,-0.84616,5.57438,7.59063,-2.80762,26.57316,26.91648
Daniyal,2859,1771513203222,0.00389,5.69163,7.19821,2.19726,30.2963,29.05271
Daniyal,2860,1771513203241,0.18574,5.67488,7.27478,2.99072,29.62492,29.84617
Daniyal,2861,1771513203255,-0.4319,5.9357,8.37368,5.37109,27.79386,31.49412
Daniyal,2862,1771513203272,-0.4319,5.9357,8.37368,9.26971,28.40421,37.53659
Daniyal,2863,1771513203290,-0.51565,6.12981,7.74646,9.75799,39.75674,36.19382
Daniyal,2864,1771513203306,-0.01316,6.20878,6.47498,7.6828,34.69083,34.11863
Daniyal,2865,1771513203323,0.05414,6.32603,7.51645,10.97869,41.95401,27.6489
Daniyal,2866,1771513203339,-0.10887,6.09392,7.37528,9.20867,42.25919,23.74266
Daniyal,2867,1771513203358,0.27906,6.01974,6.30509,8.29315,48.59921,17.03642
Daniyal,2868,1771513203375,0.27906,6.01974,6.30509,5.37109,46.58505,11.6043
Daniyal,2869,1771513203390,-0.05384,6.19921,6.26202,-0.24414,43.16708,9.28497
Daniyal,2870,1771513203412,-0.63559,6.39302,6.5013,-8.66699,34.93497,9.28497
Daniyal,2871,1771513203422,-1.19581,6.65414,6.74567,-13.67187,33.53117,10.13946
Daniyal,2872,1771513203438,-1.38006,7.14018,6.99931,-20.08055,27.18351,12.09258
Daniyal,2873,1771513203457,-0.70259,7.06361,7.55235,-18.92089,23.70451,13.19121
Daniyal,2874,1771513203474,-0.70259,7.06361,7.55235,-19.95848,26.08488,5.25665
Daniyal,2875,1771513203491,0.46331,6.46959,6.87488,-22.7661,17.35686,-1.02997
Daniyal,2876,1771513203507,-0.05384,6.28295,7.72254,-19.4702,24.07072,-10.97106
Daniyal,2877,1771513203522,0.24796,5.82563,6.64756,-25.44401,20.46965,-16.83043
Daniyal,2878,1771513203539,-0.94427,6.2327,6.76481,-32.58512,12.05443,-19.08873
Daniyal,2879,1771513203565,-0.94427,6.2327,6.76481,-33.74479,9.06371,-17.37975
Daniyal,2880,1771513203572,-1.4662,6.17049,7.87089,-31.36442,9.30785,-15.12145
Daniyal,2881,1771513203589,-0.55663,5.84477,6.97059,-30.8151,10.65063,-20.2484
Daniyal,2882,1771513203605,-0.0347,6.0341,6.87727,-30.8151,1.31225,-22.01842
Daniyal,2883,1771513203623,-0.60688,6.03171,8.31386,-24.04021,0.39673,-20.2484
Daniyal,2884,1771513203640,0.01585,5.69641,7.6002,-20.44676,1.5564,-21.16393
Daniyal,2885,1771513203658,0.26471,5.91895,7.22932,-23.43748,-4.42505,-26.22984
Daniyal,2886,1771513203675,0.26471,5.91895,7.22932,-22.58299,-12.42064,-23.91051
Daniyal,2887,1771513203690,-0.5327,5.92852,8.59382,-19.95848,-6.74438,-26.35191
Daniyal,2888,1771513203707,0.4992,5.28455,7.2676,-22.58299,-8.5144,-33.55405
Daniyal,2889,1771513203722,0.12114,5.49542,7.32503,-22.39989,-11.38305,-38.61996
Daniyal,2890,1771513203749,-0.24048,5.71795,9.07986,-13.85497,-12.78686,-39.59653
Daniyal,2891,1771513203762,0.44417,5.2008,8.43111,-13.24462,-7.4768,-42.21341
Daniyal,2892,1771513203772,0.44417,5.2008,8.43111,-16.41844,-18.34105,-40.9393
Daniyal,2893,1771513203790,-0.96102,5.77538,8.51247,-12.57323,-19.12688,-35.38511
Daniyal,2894,1771513203806,-0.79113,6.53211,8.99372,-3.72314,-11.68822,-31.84507
Daniyal,2895,1771513203824,0.42981,6.25424,7.25564,1.64795,-3.02124,-32.21128
Daniyal,2896,1771513203841,0.43938,5.84238,6.05833,-5.06591,-5.82885,-33.61509
Daniyal,2897,1771513203856,0.43938,5.84238,6.05833,-11.41357,-12.23754,-30.5023
Daniyal,2898,1771513203874,-0.47019,5.38265,7.0017,-18.12743,-15.10619,-24.9481
Daniyal,2899,1771513203893,-0.15912,5.27498,7.01127,-20.56883,-21.75139,-18.41734
Daniyal,2900,1771513203914,-0.31466,6.73789,7.9355,-18.79881,-28.8925,-10.48278
Daniyal,2901,1771513203924,0.18335,8.07877,9.60658,-7.93456,-31.94425,-4.02069
Daniyal,2902,1771513203937,0.74836,8.60788,10.52124,-0.24414,-30.78458,-2.06756
Daniyal,2903,1771513203955,0.74836,8.60788,10.52124,9.63592,-26.08488,-6.6452
Daniyal,2904,1771513203974,1.366,8.32762,10.35853,7.43865,-17.48656,-15.36559
Daniyal,2905,1771513203992,0.734,7.334,9.78635,-3.2959,-18.21898,-17.50182
Daniyal,2906,1771513204009,-0.72652,7.32682,10.71506,-3.17383,-30.23527,-9.75799
Daniyal,2907,1771513204029,1.51675,5.29891,8.64886,14.94597,6.74438,-18.1732
Daniyal,2908,1771513204037,1.51675,5.29891,8.64886,12.5656,14.18303,-29.95298
Daniyal,2909,1771513204054,2.78106,3.78335,4.94746,-7.75146,-13.58031,-48.13382
Daniyal,2910,1771513204074,0.99242,4.19282,5.3019,-9.33837,-9.00268,-56.31252
Daniyal,2911,1771513204091,-0.47976,2.84716,5.68026,-7.93456,-10.58959,-58.99806
Daniyal,2912,1771513204108,-1.77518,3.47468,5.39282,-9.0332,-16.87621,-57.04494
Daniyal,2913,1771513204126,-3.30509,5.23191,5.98415,-13.36669,-32.67667,-36.4227
Daniyal,2914,1771513204141,-1.42074,5.31805,7.26281,-3.60107,-27.97697,-27.63365
Daniyal,2915,1771513204157,-1.42074,5.31805,7.26281,4.6997,-18.51653,-25.74156
Daniyal,2916,1771513204173,0.76989,4.98545,6.64038,-1.58691,-26.69523,-24.58189
Daniyal,2917,1771513204190,0.4681,5.50738,7.07588,-3.66211,-30.72355,-23.60533
Daniyal,2918,1771513204212,1.10279,5.19123,8.04078,0,-25.29142,-27.57261
Daniyal,2919,1771513204222,0.08046,6.12503,8.29951,-0.91553,-33.77531,-24.765
Daniyal,2920,1771513204237,0.08046,6.12503,8.29951,5.98144,-37.37638,-18.1732
Daniyal,2921,1771513204256,0.3652,6.57278,8.97458,9.26971,-27.30558,-23.05601
Daniyal,2922,1771513204274,0.92782,6.21835,8.65843,2.86865,-36.09464,-21.59117
Daniyal,2923,1771513204287,-0.38405,7.09233,9.50848,0.24414,-33.28702,-18.66149
Daniyal,2924,1771513204307,-1.36092,7.65494,10.69831,-0.79346,-33.28702,-12.2528
Daniyal,2925,1771513204324,-2.55314,8.57408,11.46461,6.16455,-25.35246,-7.62176
Daniyal,2926,1771513204341,-2.55314,8.57408,11.46461,28.19059,9.67406,-5.36346
Daniyal,2927,1771513204357,-1.66271,8.27976,9.83181,23.8571,24.3759,-18.29527
Daniyal,2928,1771513204376,0.02542,7.27897,7.26999,13.48113,23.64348,-29.4647
Daniyal,2929,1771513204392,-1.31306,6.99871,8.89562,21.35466,32.49356,-37.70444
Daniyal,2930,1771513204409,-1.51406,7.04447,9.84617,28.49577,30.96769,-36.66684
Daniyal,2931,1771513204424,-1.06421,7.01785,8.2349,35.5148,30.47941,-33.73716
Daniyal,2932,1771513204440,-1.06421,7.01785,8.2349,44.96762,36.21671,-34.65268
Daniyal,2933,1771513204459,0.75553,5.9692,6.83181,33.56168,29.50285,-43.43411
Daniyal,2934,1771513204481,-0.80309,6.02214,6.47498,4.6997,-12.66479,-25.74156
Daniyal,2935,1771513204494,-5.72094,8.49273,10.05195,26.84782,-6.86645,17.76885
Daniyal,2936,1771513204509,-3.05354,8.83998,9.20668,50.39974,28.038,28.38133
Daniyal,2937,1771513204525,1.97408,5.85913,5.14876,37.59,23.82658,20.81297
Daniyal,2938,1771513204542,1.97408,5.85913,5.14876,26.90885,-1.92261,21.11815
Daniyal,2939,1771513204557,2.11795,5.06202,5.14876,41.36655,13.02337,8.67461
Daniyal,2940,1771513204575,3.66461,2.33719,4.79432,51.01009,11.62719,-11.27624
Daniyal,2941,1771513204593,3.74596,1.18086,3.92991,51.01009,-0.03052,-31.41782
Daniyal,2942,1771513204610,0.89192,1.30798,2.45504,31.73063,-19.98137,-45.87551
Daniyal,2943,1771513204631,-2.41675,2.35663,2.12243,16.77703,-36.46085,-41.96927
Daniyal,2944,1771513204637,-2.41675,2.35663,2.12243,8.78143,-29.80802,-30.80747
Daniyal,2945,1771513204655,-3.10858,5.15534,1.70339,-0.24414,-11.50512,-22.32359
Daniyal,2946,1771513204677,-2.81665,7.54726,2.07697,-33.50065,-38.96329,-18.72252
Daniyal,2947,1771513204692,-5.21097,9.48635,5.95304,-50.89565,-68.31355,3.97491
Daniyal,2948,1771513204709,-6.7672,10.57089,9.58744,-21.36229,-35.48429,33.08103
Daniyal,2949,1771513204726,-1.60289,8.67966,12.38405,9.14764,-14.00756,24.35301
Daniyal,2950,1771513204743,-1.60289,8.67966,12.38405,22.20915,7.72094,16.42607
Daniyal,2951,1771513204759,0.50399,7.79133,9.4678,11.71111,13.20647,-2.92206
Daniyal,2952,1771513204774,0.17617,7.85833,6.81745,3.05176,15.3427,-17.74596
Daniyal,2953,1771513204800,-0.78873,9.11546,9.17318,12.32146,25.84074,-20.67564
Daniyal,2954,1771513204812,-1.91396,8.75863,10.10459,23.91813,28.09904,-16.52526
Daniyal,2955,1771513204825,-0.69063,7.15933,6.88924,23.73503,28.09904,-18.53942
Daniyal,2956,1771513204838,-0.69063,7.15933,6.88924,13.35906,19.92033,-26.22984
Daniyal,2957,1771513204857,0.08046,5.80648,5.42393,-10.437,-6.50024,-24.765
Daniyal,2958,1771513204876,-3.13759,7.18086,6.51805,-31.54752,-34.14151,0.06866
Daniyal,2959,1771513204893,-4.60259,9.08644,8.52443,-25.68815,-25.16935,16.304
Daniyal,2960,1771513204911,-2.50768,9.31645,9.58744,-19.71434,-31.21183,24.59715
Daniyal,2961,1771513204926,-0.08016,7.60948,7.52603,-8.97216,-13.09203,22.9492
Daniyal,2962,1771513204950,-0.08016,7.60948,7.52603,-8.85009,-12.96996,4.76837
Daniyal,2963,1771513204957,2.32134,6.07239,6.13998,-18.85985,-29.44181,-11.2152
Daniyal,2964,1771513204972,0.71486,5.56481,6.92752,-17.82225,-34.32462,-14.26696
Daniyal,2965,1771513204991,-0.05145,4.64537,6.74806,-1.83105,-19.67619,-17.07457
Daniyal,2966,1771513205007,0.50638,3.67328,4.32024,-0.85449,-13.09203,-22.38463
Daniyal,2967,1771513205022,0.50638,3.67328,4.32024,-36.5524,-39.02432,-37.33823
Daniyal,2968,1771513205040,-1.63878,4.65015,4.66032,-62.24055,-68.31355,-22.20152
Daniyal,2969,1771513205053,-5.46222,7.01067,8.81426,-26.05436,-29.01456,4.40216
Daniyal,2970,1771513205075,-1.09292,6.7355,11.21785,8.59832,-4.79126,-7.8659
Daniyal,2971,1771513205086,0.80339,5.67727,9.4008,11.65008,-3.75366,-8.96453
Daniyal,2972,1771513205103,0.80339,5.67727,9.4008,15.55632,0.64087,-11.0321
Daniyal,2973,1771513205124,0.69571,4.41775,7.04716,22.39226,19.30998,-20.49254
Daniyal,2974,1771513205139,1.433,3.56082,5.45504,7.92693,7.23266,-30.99058
Daniyal,2975,1771513205159,-0.76959,4.0014,4.85653,-23.92576,-15.59447,-27.26744
Daniyal,2976,1771513205175,-3.66431,6.19442,7.65524,-27.45817,-34.01944,-5.91278
Daniyal,2977,1771513205189,-1.3322,6.70439,9.67598,-1.09863,7.4768,0.06866
Daniyal,2978,1771513205209,-1.3322,6.70439,9.67598,1.15967,15.70891,-12.80211
Daniyal,2979,1771513205225,-0.71934,6.93889,9.0679,-10.55907,-8.08715,-1.70135
Daniyal,2980,1771513205240,-4.12852,8.13141,10.73181,15.43425,26.45109,2.93731
Daniyal,2981,1771513205260,0.00389,7.51346,10.11656,19.70671,29.50285,-5.6076
Daniyal,2982,1771513205270,-1.19103,7.07079,7.84696,11.83318,17.601,-0.35858
Daniyal,2983,1771513205289,-2.00249,6.58475,7.67229,15.06804,23.82658,-0.41962
Daniyal,2984,1771513205305,-2.00249,6.58475,7.67229,21.47673,23.21623,-3.1662
Daniyal,2985,1771513205322,-2.25643,7.27418,9.02004,30.87614,16.50237,8.24737
Daniyal,2986,1771513205339,-2.30907,7.52543,8.1006,38.25375,26.32902,4.09698
Daniyal,2987,1771513205356,-1.06421,7.42493,6.52762,34.53825,16.74651,1.83868
Daniyal,2988,1771513205374,-2.85733,7.90619,7.14557,31.66959,6.13403,4.89044
Daniyal,2989,1771513205393,-2.08893,7.67647,8.39283,52.04769,16.68547,15.93779
Daniyal,2990,1771513205410,1.88076,6.17288,6.15434,62.97298,17.35686,11.90948
Daniyal,2991,1771513205436,2.24716,3.89581,4.12882,57.11361,5.34057,-3.47137
Daniyal,2992,1771513205443,2.24716,3.89581,4.12882,41.61069,-30.23527,-14.26696
Daniyal,2993,1771513205456,-0.05145,2.46192,3.90598,36.85758,-33.10392,-11.52038
Daniyal,2994,1771513205477,-2.02881,3.69003,2.62283,32.58512,-24.68107,-2.55585
Daniyal,2995,1771513205490,-1.90199,4.69801,1.98844,16.28874,-29.25871,-0.23651
Daniyal,2996,1771513205509,-1.90199,4.69801,1.98844,-5.00488,-42.01505,9.65118
Daniyal,2997,1771513205526,-3.51565,5.49781,3.0012,-6.958,-40.91641,27.70994
Daniyal,2998,1771513205543,-1.55474,5.04527,4.67946,-0.30518,-26.26799,18.86748
Daniyal,2999,1771513205556,0.57607,4.64776,5.59412,-7.56835,-36.58292,12.6419
Daniyal,3000,1771513205579,-2.6683,6.27817,7.47817,-9.70458,-52.20028,30.45652
Daniyal,3001,1771513205591,-0.35533,6.4026,7.4662,4.45556,-31.15079,28.5034
Daniyal,3002,1771513205605,-0.35533,6.4026,7.4662,0.42725,-30.96769,20.02715
Daniyal,3003,1771513205627,0.79621,6.98914,7.02323,-9.09423,-45.43301,26.30613
Daniyal,3004,1771513205644,-0.42951,7.12822,7.51645,-5.49316,-30.35734,16.48711
Daniyal,3005,1771513205660,1.30379,6.3356,7.21017,-19.16502,-45.0668,8.43047
Daniyal,3006,1771513205677,-1.26042,7.49911,8.9674,-18.73778,-54.21444,18.74541
Daniyal,3007,1771513205694,-0.21176,6.98674,9.27637,-3.479,-28.83146,15.87676
Daniyal,3008,1771513205710,-0.21176,6.98674,9.27637,-8.17871,-36.33878,6.66046
Daniyal,3009,1771513205727,0.68614,7.18086,9.43669,-15.56395,-41.40469,12.39776
Daniyal,3010,1771513205752,-0.92513,7.48953,10.80629,-11.23046,-37.19327,16.48711
Daniyal,3011,1771513205760,0.35803,7.84876,11.83101,1.83105,-28.038,12.09258
Daniyal,3012,1771513205773,1.97408,7.37229,11.83341,8.9035,-18.6386,5.867
Daniyal,3013,1771513205794,1.63191,6.72353,11.32583,19.70671,-8.5144,0.00763
Daniyal,3014,1771513205810,1.63191,6.72353,11.32583,21.90398,6.13403,-2.06756
Daniyal,3015,1771513205826,0.76989,5.61506,8.8693,3.90625,3.20434,0.74005
Daniyal,3016,1771513205844,-0.68345,5.62702,7.82782,-2.92969,1.5564,8.49151
Daniyal,3017,1771513205860,-0.69541,5.9333,8.534,3.11279,14.54924,11.4212
Daniyal,3018,1771513205877,0.35803,5.65334,7.66272,8.96453,22.78898,11.84844
Daniyal,3019,1771513205902,0.35803,5.1673,6.94427,3.96728,19.79827,11.05499
Daniyal,3020,1771513205911,-0.08255,5.16012,7.91396,5.55419,17.53996,14.77813
Daniyal,3021,1771513205922,-0.08255,5.16012,7.91396,10.55144,20.77483,17.40264
Daniyal,3022,1771513205943,1.24875,5.22234,7.81586,22.08708,26.8173,20.62987
Daniyal,3023,1771513205961,1.92622,4.85593,6.35773,23.06364,27.61076,19.05058
Daniyal,3024,1771513205977,1.71326,4.43001,5.9339,9.0866,7.35473,12.39776
Daniyal,3025,1771513205993,1.19851,5.25344,7.5667,8.35418,-0.21362,12.70293
Daniyal,3026,1771513206011,1.19851,5.25344,7.5667,17.87566,5.52368,14.59502
Daniyal,3027,1771513206027,2.16341,5.71316,8.08385,27.03092,10.52856,16.42607
Daniyal,3028,1771513206051,2.70927,4.84876,6.58983,26.05436,7.84301,14.22881
Daniyal,3029,1771513206058,2.82413,4.16172,6.15673,20.3781,2.9602,6.17218
Daniyal,3030,1771513206074,1.6989,4.51855,7.02084,18.3029,3.20434,5.50079
Daniyal,3031,1771513206094,1.44257,5.23191,7.58824,15.37322,-1.86157,8.55255
Daniyal,3032,1771513206112,1.44257,5.23191,7.58824,14.45769,3.50952,6.17218
Daniyal,3033,1771513206127,2.18973,5.50499,7.40399,9.88006,-2.71606,6.17218
Daniyal,3034,1771513206146,1.52154,5.93809,8.10778,3.17383,-8.75854,5.62286
Daniyal,3035,1771513206161,1.81855,5.85195,8.85494,5.31005,-0.94604,5.13458
Daniyal,3036,1771513206177,1.31815,5.71316,8.18465,-3.78418,-0.27466,6.17218
Daniyal,3037,1771513206196,0.85843,6.62782,8.73051,-9.82665,-0.39673,7.0877
Daniyal,3038,1771513206209,0.85843,6.62782,8.73051,-6.04248,9.55199,10.3836
Daniyal,3039,1771513206228,0.92303,6.62303,9.35534,-7.56835,15.70891,10.07842
Daniyal,3040,1771513206245,0.47288,6.54886,8.48854,-16.35741,13.57268,13.61846
Daniyal,3041,1771513206261,-0.21655,6.74028,9.54437,-13.48876,16.07512,19.35576
Daniyal,3042,1771513206277,0.29581,6.635,9.87488,-10.98632,20.16448,21.54539
Daniyal,3043,1771513206295,0.56889,6.81446,9.04876,-11.16943,14.42717,26.67234
Daniyal,3044,1771513206313,0.56889,6.81446,9.04876,-3.2959,26.6342,23.86473
Daniyal,3045,1771513206327,2.06501,6.01496,7.54038,-8.30077,27.42765,15.99883
Daniyal,3046,1771513206353,1.01396,6.40738,7.49731,-13.91601,12.47405,18.5623
Daniyal,3047,1771513206364,0.0661,6.58714,9.40319,-0.48828,23.09416,19.66093
Daniyal,3048,1771513206375,1.57687,5.71795,7.28914,2.56347,30.05216,14.83916
Daniyal,3049,1771513206393,1.57687,5.71795,7.28914,-5.43213,20.0424,8.06426
Daniyal,3050,1771513206411,0.50638,6.54168,5.99372,-5.24902,9.55199,14.35088
Daniyal,3051,1771513206428,0.48245,6.07956,7.43749,5.18798,21.14104,7.39288
Daniyal,3052,1771513206442,1.433,4.97827,6.51087,4.02832,17.90618,4.52423
Daniyal,3053,1771513206458,0.62154,5.77298,5.91237,-2.68554,8.63647,3.79181
Daniyal,3054,1771513206479,0.72921,5.78734,7.31546,2.74658,7.65991,6.9046
Daniyal,3055,1771513206501,1.32293,5.75863,6.99691,3.23486,4.66919,3.48663
Daniyal,3056,1771513206516,1.32293,5.75863,6.99691,0.73242,2.28882,1.96075
Daniyal,3057,1771513206525,0.72921,6.31167,7.20539,-3.23486,-4.91333,2.81524
Daniyal,3058,1771513206544,-0.35294,7.334,9.3003,6.95037,-3.26538,10.81084
Daniyal,3059,1771513206563,1.49282,6.22553,8.0336,17.50945,19.00481,2.69317
Daniyal,3060,1771513206578,1.7348,5.16012,5.2684,-0.73242,15.58684,-8.78143
Daniyal,3061,1771513206593,1.7348,5.16012,5.2684,-23.92576,-2.47192,-8.41522
Daniyal,3062,1771513206610,-1.25085,5.78495,7.70339,-21.66746,-7.59887,7.45391
Daniyal,3063,1771513206626,-0.3984,5.64377,9.56351,1.77002,30.72355,6.72149
Daniyal,3064,1771513206649,2.08684,5.65334,6.1328,-25.13884,4.18091,3.91388
Daniyal,3065,1771513206660,-0.67627,7.72194,8.11257,-26.60368,-10.40649,15.63262
Daniyal,3066,1771513206674,1.76112,6.02214,9.22373,-9.64355,11.38305,11.11602
Daniyal,3067,1771513206695,1.76112,6.02214,9.22373,-0.18311,24.62004,0.92316
Daniyal,3068,1771513206709,0.63829,6.92692,7.94507,-5.98144,3.02124,13.00811
Daniyal,3069,1771513206727,-0.87727,7.468,8.34018,7.92693,23.82658,9.71221
Daniyal,3070,1771513206744,1.8329,5.7012,6.41994,3.84521,28.64835,1.89972
Daniyal,3071,1771513206761,-0.00598,6.24706,6.17588,-10.74218,13.69475,2.5711
Daniyal,3072,1771513206776,-0.00598,6.24706,6.17588,-12.32909,12.84026,2.44903
Daniyal,3073,1771513206803,0.85364,5.81366,6.93948,0.42725,33.22599,-3.95965
Daniyal,3074,1771513206809,0.85364,5.81366,6.93948,0.42725,33.22599,-3.95965
Daniyal,3075,1771513206822,0.15224,5.91177,5.82862,-23.43748,12.05443,-7.31658
Daniyal,3076,1771513206838,-2.23729,7.24068,8.87408,-22.27781,5.76782,3.85284
Daniyal,3077,1771513206857,0.11635,6.98196,8.94347,1.89209,33.89737,3.12042
Daniyal,3078,1771513206877,0.11635,6.98196,8.94347,-8.85009,23.64348,-0.72479
Daniyal,3079,1771513206896,0.19771,7.86551,7.80389,-2.19726,21.81242,0.92316
Daniyal,3080,1771513206912,0.93021,6.78575,8.65604,10.67352,38.2919,-9.0866
Daniyal,3081,1771513206928,1.7324,5.50738,6.6332,1.15967,24.49797,-15.79284
Daniyal,3082,1771513206944,-0.32662,5.49781,5.4,-14.09911,7.35473,-13.4735
Daniyal,3083,1771513206969,-0.76959,5.49063,6.34337,-13.42772,8.81957,-10.42937
Daniyal,3084,1771513206980,-0.3003,6.08435,6.1998,-15.9912,5.95092,-11.33727
Daniyal,3085,1771513206993,-0.3003,6.08435,6.1998,-18.00536,0.64087,-10.06316
Daniyal,3086,1771513207011,-0.30987,6.50579,6.60658,-13.67187,2.04468,-11.0321
Daniyal,3087,1771513207028,0.07567,6.32363,7.61217,-12.45116,-5.58471,-9.88006
Daniyal,3088,1771513207045,0.12114,5.97159,7.24367,-14.22118,-5.88989,-11.94762
Daniyal,3089,1771513207062,-0.50847,6.14178,7.48295,-18.2495,-15.65551,-7.8659
Daniyal,3090,1771513207079,-0.50847,6.14178,7.48295,-17.76122,-16.44896,-6.58416
Daniyal,3091,1771513207093,0.07328,6.2686,8.31147,-14.52636,-13.70238,-8.65936
Daniyal,3092,1771513207113,-0.4989,6.33081,8.39522,-13.79393,-11.9934,-7.13348
Daniyal,3093,1771513207130,-0.21176,6.59911,7.98575,-9.33837,0.15259,-10.97106
Daniyal,3094,1771513207149,0.09482,6.54168,7.7345,-12.32909,-0.64087,-13.77868
Daniyal,3095,1771513207156,0.09482,6.54168,7.7345,-12.5122,-1.06811,-14.32799
Daniyal,3096,1771513207174,-0.00837,5.84477,7.75364,-10.80322,8.39233,-19.94322
Daniyal,3097,1771513207197,0.54257,5.21516,6.81984,-16.35741,-2.22778,-22.32359
Daniyal,3098,1771513207212,-0.80309,5.64377,7.36331,-14.9536,-6.19506,-17.74596
Daniyal,3099,1771513207229,-1.16949,6.48634,8.8023,-11.65771,-11.81029,-11.27624
Daniyal,3100,1771513207244,0.09482,7.09233,8.84058,-3.479,-3.81469,-11.58141
Daniyal,3101,1771513207261,0.09482,7.09233,8.84058,-10.13183,-17.05931,-12.31383
Daniyal,3102,1771513207278,-0.22612,7.64537,9.02962,-2.4414,-26.20695,-0.17548
Daniyal,3103,1771513207293,-0.8318,7.86551,10.69113,23.79606,3.14331,-1.76239
Daniyal,3104,1771513207310,2.88156,5.45683,7.19103,17.99773,0.64087,-17.74596
Daniyal,3105,1771513207324,0.64546,5.23669,5.37607,-4.94384,-27.42765,-12.31383
Daniyal,3106,1771513207341,-1.10249,4.73629,5.94826,-7.20214,-22.78898,-10.36834
Daniyal,3107,1771513207357,-1.10249,4.73629,5.94826,0.73242,-8.94164,-14.32799
Daniyal,3108,1771513207379,0.28624,5.04766,5.78315,-4.57763,-19.37102,-13.22936
Daniyal,3109,1771513207395,-0.70259,5.65095,5.32343,-2.74658,-14.2517,-15.5487
Daniyal,3110,1771513207413,-1.05703,5.41137,6.47976,5.00488,-8.20922,-12.55797
Daniyal,3111,1771513207430,-1.79671,5.74906,7.13091,10.42937,-4.66919,-10.18523
Daniyal,3112,1771513207445,-0.20219,6.32842,6.89163,15.25115,-1.7395,-7.37762
Daniyal,3113,1771513207462,0.80578,6.16331,7.24128,19.21843,-1.37329,-9.0866
Daniyal,3114,1771513207480,0.80578,6.16331,7.24128,13.84734,-12.96996,-7.13348
Daniyal,3115,1771513207493,-0.39362,6.35235,8.28515,13.54216,-20.71379,-0.29755
Daniyal,3116,1771513207514,-0.00598,6.70918,8.55314,27.70231,-3.87573,3.05939
Daniyal,3117,1771513207529,1.49282,6.58714,6.41516,24.04021,-7.2937,-2.79999
Daniyal,3118,1771513207544,1.16022,5.9692,5.81187,17.99773,-10.04028,-9.88006
Daniyal,3119,1771513207560,1.16022,5.9692,5.81187,13.42009,-15.71654,-10.78796
Daniyal,3120,1771513207577,-0.54227,5.49542,7.05673,17.26531,-8.81957,-7.92693
Daniyal,3121,1771513207594,-0.8988,5.57677,6.24527,12.01629,-8.39233,-9.51385
Daniyal,3122,1771513207613,-1.40399,6.38106,5.60369,-6.53076,-19.30998,-10.24627
Daniyal,3123,1771513207639,-3.86291,8.25344,8.668,-15.25878,-33.47013,-6.58416
Daniyal,3124,1771513207651,-6.6688,11.02822,11.8693,26.72575,11.38305,33.44724
Daniyal,3125,1771513207662,-2.03839,10.50389,10.25803,33.92789,20.59172,28.32029
Daniyal,3126,1771513207676,-2.03839,10.50389,10.25803,30.93717,19.06584,25.45164
Daniyal,3127,1771513207695,1.47607,8.20798,8.79751,39.59653,37.74259,13.00811
Daniyal,3128,1771513207713,3.00838,5.49542,7.81586,39.65756,33.89737,-3.95965
Daniyal,3129,1771513207729,2.59173,4.54008,6.67149,10.1242,3.63159,-24.33775
Daniyal,3130,1771513207746,-2.51964,6.71875,6.90359,-3.66211,-15.10619,-9.0866
Daniyal,3131,1771513207772,-0.77438,7.05883,6.04636,13.78631,8.45336,-0.84686
Daniyal,3132,1771513207785,2.60877,5.62941,4.22453,11.52801,4.60815,-10.24627
Daniyal,3133,1771513207793,2.60877,5.62941,4.22453,2.2583,-5.2185,-15.12145
Daniyal,3134,1771513207813,0.59761,4.38664,3.72413,-7.44628,-20.77483,-17.01354
Daniyal,3135,1771513207830,-0.49412,3.40768,4.04985,-9.15527,-23.46037,-21.4691
Daniyal,3136,1771513207847,-1.47099,4.19282,4.88764,-14.16015,-37.49844,-19.82115
Daniyal,3137,1771513207864,-1.47099,4.19282,4.88764,-21.11815,-37.62052,-14.45006
Daniyal,3138,1771513207879,-3.24048,5.85673,5.44786,-19.59227,-35.97257,7.0877
Daniyal,3139,1771513207894,-4.37767,7.69562,7.34656,-10.68114,-26.93937,25.63475
Daniyal,3140,1771513207919,-2.50529,8.0668,9.59701,9.81902,-3.9978,29.35789
Daniyal,3141,1771513207930,0.41545,6.95564,9.95145,18.05876,5.40161,22.39989
Daniyal,3142,1771513207946,1.29422,6.32363,8.93151,18.36394,9.30785,11.84844
Daniyal,3143,1771513207964,1.29422,6.32363,8.93151,21.47673,4.05884,9.71221
Daniyal,3144,1771513207980,0.48245,6.08674,8.85015,32.82926,23.76555,5.07354
Daniyal,3145,1771513207998,0.86082,5.54567,6.71695,21.35466,12.65716,0.43488
Daniyal,3146,1771513208014,0.15942,5.80888,5.50768,7.74383,3.44848,2.08282
Daniyal,3147,1771513208030,-0.23091,6.01974,6.2668,9.75799,8.63647,2.32696
Daniyal,3148,1771513208046,-0.15434,6.57996,6.79352,7.56072,3.50952,3.05939
Daniyal,3149,1771513208066,-1.48774,7.25265,8.09342,6.16455,-10.83373,12.03155
Daniyal,3150,1771513208079,-1.48774,7.25265,8.09342,14.15252,-2.34985,16.60918
Daniyal,3151,1771513208095,-1.27956,6.97478,8.3019,12.32146,-6.50024,21.48436
Daniyal,3152,1771513208114,-1.10249,7.36272,7.67468,1.2207,-12.1765,25.39061
Daniyal,3153,1771513208130,-1.11685,7.59033,8.85733,3.11279,-6.86645,28.19822
Daniyal,3154,1771513208148,0.37478,7.25982,8.22772,4.08935,4.60815,20.21025
Daniyal,3155,1771513208163,0.37478,7.25982,8.22772,-2.80762,5.0354,12.51983
Daniyal,3156,1771513208181,-0.07537,7.12104,8.19661,-4.6997,7.11059,10.07842
Daniyal,3157,1771513208198,-1.3011,7.51107,9.38405,2.38037,20.46965,7.94219
Daniyal,3158,1771513208223,-0.77677,7.79133,8.14846,-1.34277,19.55412,4.46319
Daniyal,3159,1771513208233,-1.62682,7.94208,8.39043,3.54004,19.67619,9.83428
Daniyal,3160,1771513208242,-1.62682,7.94208,8.39043,9.0866,29.93009,8.1253
Daniyal,3161,1771513208259,-0.33141,7.18565,7.89721,8.41522,25.23039,6.72149
Daniyal,3162,1771513208280,0.04935,6.94367,6.76959,9.94109,22.36174,5.68389
Daniyal,3163,1771513208298,0.4011,5.97907,6.7672,14.6408,23.3383,2.5711
Daniyal,3164,1771513208314,-0.50608,5.37787,6.3338,8.049,11.9934,4.95147
Daniyal,3165,1771513208332,-1.50688,5.42333,6.10888,6.46972,7.84301,12.45879
Daniyal,3166,1771513208347,-0.23091,5.25344,5.45743,10.85662,15.64788,16.91436
Daniyal,3167,1771513208372,-0.23091,5.25344,5.45743,2.86865,6.01196,16.85332
Daniyal,3168,1771513208379,0.31735,5.3348,5.22054,-4.27246,-1.12915,18.31816
Daniyal,3169,1771513208393,-0.26441,5.32044,6.65713,-1.46484,-0.57983,19.5999
Daniyal,3170,1771513208416,-0.22373,5.66291,7.38963,-0.85449,-3.02124,20.75194
Daniyal,3171,1771513208432,-0.12802,6.16571,7.05195,-3.54004,-6.4392,22.15574
Daniyal,3172,1771513208449,-0.12802,6.16571,7.05195,-0.91553,-1.49536,19.53886
Daniyal,3173,1771513208466,0.31256,6.17767,7.30589,-3.60107,-1.98364,16.73125
Daniyal,3174,1771513208482,0.11396,6.20878,7.40638,-5.43213,-0.39673,12.94707
Daniyal,3175,1771513208494,-0.11127,6.34038,7.87807,-4.02832,3.57055,11.05499
Daniyal,3176,1771513208514,-0.05384,6.77139,8.32343,-5.18798,4.60815,7.82012
Daniyal,3177,1771513208528,-0.50369,7.2694,8.82623,-9.52148,-0.09155,9.04083
Daniyal,3178,1771513208547,-0.50369,7.2694,8.82623,-5.18798,1.12915,14.10674
Daniyal,3179,1771513208563,-0.41515,7.75304,9.6999,3.05176,7.4768,13.25225
Daniyal,3180,1771513208580,0.65025,7.89901,9.36012,4.88281,7.53784,12.6419
Daniyal,3181,1771513208595,0.29342,7.57837,8.54597,6.8283,14.24407,11.48223
Daniyal,3182,1771513208615,0.02064,6.92214,7.74886,1.40381,14.61028,9.46807
Daniyal,3183,1771513208631,-0.86052,6.99392,7.96421,-1.46484,12.29858,11.05499
Daniyal,3184,1771513208654,-0.54227,6.99392,8.23969,2.01416,19.67619,11.78741
Daniyal,3185,1771513208665,-0.54227,6.99392,8.23969,-0.54932,17.90618,12.21465
Daniyal,3186,1771513208677,-0.47019,7.08036,7.78714,-0.36621,17.17375,13.92363
Daniyal,3187,1771513208695,-0.64995,7.06601,8.46461,4.39453,21.87346,15.93779
Daniyal,3188,1771513208716,0.15703,6.77617,7.67229,5.43213,23.58244,14.41192
Daniyal,3189,1771513208732,0.57368,6.45045,7.0663,3.35693,20.53069,12.70293
Daniyal,3190,1771513208749,0.57368,6.45045,7.0663,5.55419,20.53069,11.48223
Daniyal,3191,1771513208764,0.44417,5.89262,7.38963,5.85937,19.73723,9.1629
Daniyal,3192,1771513208781,0.02542,5.71795,6.77917,2.19726,14.67131,8.3084
Daniyal,3193,1771513208799,-0.19502,5.92134,6.42473,3.66211,17.17375,9.1629
Daniyal,3194,1771513208813,0.59282,5.60549,5.92672,6.95037,21.08,5.867
Daniyal,3195,1771513208831,0.59282,5.60549,5.92672,3.23486,18.76067,0.55695
Daniyal,3196,1771513208847,0.67896,5.06202,5.05514,-5.55419,13.20647,-1.70135
Daniyal,3197,1771513208865,-0.26441,4.89661,5.04317,-7.9956,10.46752,-2.3117
Daniyal,3198,1771513208882,-0.49173,5.01177,5.64437,-13.61083,5.52368,-1.091
Daniyal,3199,1771513208898,-1.3011,5.63899,6.08943,-14.09911,3.69262,4.70733
Daniyal,3200,1771513208915,-0.84616,6.20399,6.48216,-7.93456,7.59887,8.55255
Daniyal,3201,1771513208932,0.69332,5.93809,5.73051,-5.61523,9.49096,4.95147
Daniyal,3202,1771513208949,0.69332,5.93809,5.73051,-8.48388,8.63647,0.25177
Daniyal,3203,1771513208973,0.35803,5.55524,5.8334,-11.96288,3.08227,-1.82342
Daniyal,3204,1771513208979,-0.15434,5.57199,6.84856,-12.93944,2.59399,-3.1662
Daniyal,3205,1771513208993,-0.17827,5.86152,7.18146,-16.05223,-1.37329,-3.89862
Daniyal,3206,1771513209014,-0.4008,6.59911,8.08624,-18.61571,-9.79614,-1.21307
Daniyal,3207,1771513209031,-0.4008,6.59911,8.08624,-3.479,-9.06371,5.867
Daniyal,3208,1771513209050,0.18335,7.08036,9.22373,5.79834,3.9978,0.19073
Daniyal,3209,1771513209065,2.01715,6.43849,7.24607,-5.79834,-7.84301,-5.85174
Daniyal,3210,1771513209082,0.41545,6.35713,6.77199,-21.78954,-18.8217,-5.30243
Daniyal,3211,1771513209102,-0.81984,6.06281,7.835,-23.49852,-10.52856,-5.24139
Daniyal,3212,1771513209115,-0.84616,7.37229,8.32104,-33.50065,-20.53069,-3.77655
Daniyal,3213,1771513209132,-0.84616,7.37229,8.32104,-27.64128,-21.93449,1.47247
Daniyal,3214,1771513209148,-0.27159,8.33001,10.39203,-13.00048,-8.81957,-3.3493
Daniyal,3215,1771513209166,1.4665,8.04018,11.50529,-7.26318,-11.74926,-3.65448
Daniyal,3216,1771513209181,0.76511,7.54008,10.64806,-5.98144,-4.48608,-1.82342
Daniyal,3217,1771513209197,1.10518,6.50339,8.52682,-9.0332,0.21362,-3.41034
Daniyal,3218,1771513209216,1.18415,6.38585,9.07747,-8.85009,-1.5564,-5.30243
Daniyal,3219,1771513209232,1.18415,6.38585,9.07747,-5.79834,3.75366,-6.76727
Daniyal,3220,1771513209259,0.91585,4.91815,6.75763,-8.60595,16.19719,-16.52526
Daniyal,3221,1771513209266,0.91585,4.91815,6.75763,-10.92528,8.27026,-14.6942
Daniyal,3222,1771513209277,-0.74806,5.7347,7.969,-8.17871,3.93676,-12.37487
Daniyal,3223,1771513209297,0.09242,5.51695,7.46381,-2.92969,15.95305,-10.3073
Daniyal,3224,1771513209315,0.63111,5.32762,6.88924,-1.2207,13.51165,-9.39178
Daniyal,3225,1771513209332,0.63111,5.32762,6.88924,-0.12207,6.19506,-3.77655
Daniyal,3226,1771513209348,0.25035,5.35394,7.62174,6.46972,17.90618,0.3128
Daniyal,3227,1771513209368,1.5673,4.71237,6.67867,3.479,16.50237,-2.67792
Daniyal,3228,1771513209382,0.8345,4.97109,6.36969,-4.08935,4.42505,1.83868
Daniyal,3229,1771513209400,0.45613,4.75783,7.71775,3.05176,13.20647,4.28009
Daniyal,3230,1771513209415,1.75394,4.36511,6.71695,2.86865,16.86858,1.71661
Daniyal,3231,1771513209432,1.75394,4.36511,6.71695,-6.28662,2.41089,6.41632
Daniyal,3232,1771513209449,0.43699,4.83679,6.42951,-5.55419,5.40161,5.74493
Daniyal,3233,1771513209464,1.52393,4.65733,6.98734,-3.05176,3.50952,5.98907
Daniyal,3234,1771513209482,1.33729,5.33001,6.77438,-4.02832,-3.08227,6.53839
Daniyal,3235,1771513209498,1.86162,5.57677,7.30589,1.34277,-3.87573,4.21905
Daniyal,3236,1771513209514,1.7013,5.66052,7.54278,7.01141,-9.36889,2.02179
Daniyal,3237,1771513209533,1.7013,5.66052,7.54278,6.65283,-13.88549,0.43488
Daniyal,3238,1771513209557,1.25833,6.06042,7.37528,2.86865,-20.65276,0.55695
Daniyal,3239,1771513209564,0.47288,6.73071,8.27558,2.01416,-21.26311,1.96075
Daniyal,3240,1771513209577,0.30299,7.11147,8.88126,3.17383,-17.7307,2.20489
Daniyal,3241,1771513209596,0.62871,6.61586,8.5005,3.479,-8.33129,0.06866
Daniyal,3242,1771513209615,0.62871,6.61586,8.5005,-1.46484,1.12915,-4.02069
Daniyal,3243,1771513209632,0.40828,6.15135,8.06471,-5.92041,3.9978,-4.75311
Daniyal,3244,1771513209651,-0.00837,6.21596,8.74487,-8.48388,7.4768,-3.77655
Daniyal,3245,1771513209665,0.00867,6.80728,9.31945,-9.58251,8.39233,-1.76239
Daniyal,3246,1771513209682,0.20249,7.45843,9.82463,-7.20214,8.14819,1.77765
Daniyal,3247,1771513209708,0.75314,7.27418,9.23809,-1.46484,16.13616,1.22833
Daniyal,3248,1771513209719,1.5335,6.70678,7.85414,-1.58691,13.57268,-0.66376
Daniyal,3249,1771513209731,1.5335,6.70678,7.85414,0.42725,17.47893,-5.48553
Daniyal,3250,1771513209750,1.50957,6.00299,7.38006,-0.42725,14.122,-9.0866
Daniyal,3251,1771513209766,0.30778,5.40898,6.85813,-2.86865,10.9558,-10.36834
Daniyal,3252,1771513209782,0.035,5.26062,6.28594,-7.62939,6.37817,-13.53454
Daniyal,3253,1771513209797,-0.3984,5.75863,6.87488,-9.2163,1.80054,-11.0321
Daniyal,3254,1771513209815,-0.3984,5.75863,6.87488,-7.32421,2.41089,-9.45281
Daniyal,3255,1771513209833,0.76511,6.04128,7.58824,-2.31933,2.65503,-7.56072
Daniyal,3256,1771513209849,1.31575,5.83759,7.49013,-2.50244,-1.98364,-5.72967
Daniyal,3257,1771513209871,0.79382,5.59352,7.64567,1.46484,2.47192,-2.1286
Daniyal,3258,1771513209883,1.02592,5.05484,6.77438,-1.52588,1.5564,-3.65448
Daniyal,3259,1771513209897,-0.42473,5.42812,7.4997,-7.01904,-11.44408,1.65558
Daniyal,3260,1771513209915,-0.42473,5.42812,7.4997,-1.83105,-4.18091,5.867
Daniyal,3261,1771513209934,0.55214,5.32762,8.01685,-0.61035,2.7771,3.12042
Daniyal,3262,1771513209950,1.74197,5.45444,6.64277,-8.17871,-5.46264,0.06866
Daniyal,3263,1771513209966,0.95175,5.73709,7.6002,-5.43213,-4.60815,-0.11444
Daniyal,3264,1771513209980,0.84885,5.93809,8.7353,0.06104,-0.88501,-0.48065
Daniyal,3265,1771513209999,0.52582,6.46002,7.95703,-3.66211,-10.46752,3.85284
Daniyal,3266,1771513210025,0.52582,6.46002,7.95703,3.2959,-1.12915,2.14386
Daniyal,3267,1771513210038,1.72762,5.99821,7.64088,3.35693,-1.80054,-2.1286
Daniyal,3268,1771513210046,0.9661,6.07956,7.27956,-2.07519,-6.62231,-1.94549
Daniyal,3269,1771513210062,0.18574,6.29492,8.38325,0.91553,-2.9602,-0.35858
Daniyal,3270,1771513210083,0.5665,6.42413,8.42154,4.33349,1.5564,1.53351
Daniyal,3271,1771513210099,0.57607,6.74028,7.37288,-4.08935,-1.31225,1.53351
Daniyal,3272,1771513210116,0.57607,6.74028,7.37288,-6.22558,-3.08227,3.12042
Daniyal,3273,1771513210133,0.10199,6.71875,8.97697,-2.99072,2.7771,4.89044
Daniyal,3274,1771513210151,0.01346,6.77378,9.11097,-3.54004,3.02124,8.85772
Daniyal,3275,1771513210172,0.24317,7.03251,8.41675,1.83105,10.71166,9.28497
Daniyal,3276,1771513210182,1.01396,6.41695,7.78714,1.58691,14.61028,6.66046
Daniyal,3277,1771513210196,1.01396,6.41695,7.78714,-4.33349,14.06096,2.14386
Daniyal,3278,1771513210216,0.66221,6.31645,7.44706,-7.87353,11.32201,1.83868
Daniyal,3279,1771513210234,-0.34337,6.62543,8.3689,-5.00488,15.58684,2.32696
Daniyal,3280,1771513210251,0.4657,6.46002,7.35374,-5.37109,20.46965,-2.49481
Daniyal,3281,1771513210268,0.51595,6.49352,6.72174,-8.72802,13.63372,-4.50897
Daniyal,3282,1771513210282,0.22403,6.23749,7.85414,-3.35693,17.72307,-6.88934
Daniyal,3283,1771513210299,0.22403,6.23749,7.85414,0.06104,21.26311,-10.00213
Daniyal,3284,1771513210316,0.5016,5.99103,7.01606,-3.78418,12.47405,-12.4359
Daniyal,3285,1771513210333,0.14506,6.12263,6.7002,-3.41797,7.53784,-12.31383
Daniyal,3286,1771513210350,0.10199,5.76581,7.43031,-1.64795,6.74438,-11.39831
Daniyal,3287,1771513210365,0.52104,5.41615,6.31466,-5.12695,2.59399,-13.71764
Daniyal,3288,1771513210383,0.60718,5.30608,5.92912,-12.26806,-4.05884,-14.81627
Daniyal,3289,1771513210401,0.60718,5.30608,5.92912,-21.36229,-12.48168,-13.53454
Daniyal,3290,1771513210417,0.03978,5.61266,7.25085,-28.67887,-24.00969,-5.05828
Daniyal,3291,1771513210441,-0.19741,6.9676,7.88046,-13.79393,-11.01684,-3.22723
Daniyal,3292,1771513210452,-0.19741,6.9676,7.88046,-11.23046,-6.80541,-5.30243
Daniyal,3293,1771513210465,0.22403,7.48236,7.76082,-4.63867,-1.61743,-9.63592
Daniyal,3294,1771513210482,1.36122,6.27578,8.09582,0.24414,8.20922,-18.66149
Daniyal,3295,1771513210501,1.36122,6.27578,8.09582,-5.92041,7.72094,-25.68052
Daniyal,3296,1771513210517,0.84646,4.8344,6.67149,-18.55467,0.15259,-31.11265
Daniyal,3297,1771513210533,-0.28594,4.86311,7.16949,-24.8947,-4.30298,-29.40366
Daniyal,3298,1771513210551,-1.96182,6.22074,9.09422,-33.92789,-11.56615,-22.44566
Daniyal,3299,1771513210575,-3.52283,9.02902,12.08226,-32.40202,-26.93937,-2.49481
Daniyal,3300,1771513210583,-1.21496,9.91496,14.27289,14.70183,-14.49584,19.23369
Daniyal,3301,1771513210597,-1.21496,9.91496,14.27289,50.39974,58.05965,11.90948
Daniyal,3302,1771513210617,4.46411,5.36112,6.84377,39.29135,64.16316,-16.40319
Daniyal,3303,1771513210635,4.66271,4.20479,4.21256,2.74658,8.81957,-47.15725
Daniyal,3304,1771513210651,0.67418,2.53131,5.75444,-14.9536,-18.21898,-44.47171
Daniyal,3305,1771513210668,-3.33619,3.2662,6.08704,-4.5166,-5.15747,-24.03258
Daniyal,3306,1771513210691,-1.70578,5.68923,4.21496,-18.18846,-6.92748,-8.9035
Daniyal,3307,1771513210701,-1.70578,5.68923,4.21496,-34.23307,-20.16448,-5.05828
Daniyal,3308,1771513210714,-0.31466,6.14417,4.61486,-41.13004,-33.16496,1.22833
Daniyal,3309,1771513210734,-0.67627,5.17926,8.18944,-10.92528,-10.10131,6.05011
Daniyal,3310,1771513210751,0.81057,4.92772,9.89402,8.11004,-4.54712,-2.1286
Daniyal,3311,1771513210767,0.47049,5.28694,8.65125,9.0866,-14.86205,0.43488
Daniyal,3312,1771513210786,0.61196,4.72433,7.15514,11.71111,-14.2517,-0.17548
Daniyal,3313,1771513210802,0.61196,4.72433,7.15514,10.97869,-9.42992,-3.3493
Daniyal,3314,1771513210814,1.30857,4.27657,6.10648,1.83105,-14.19066,-8.72039
Daniyal,3315,1771513210841,0.79382,4.69322,6.35773,-2.74658,-18.21898,-8.23211
Daniyal,3316,1771513210855,-0.03948,5.54806,8.10778,0.97656,-14.61791,-7.07244
Daniyal,3317,1771513210866,-0.45344,6.58236,9.2019,7.01141,-14.67894,-2.86102
Daniyal,3318,1771513210884,-0.45344,6.58236,9.2019,14.70183,-12.60375,-0.66376
Daniyal,3319,1771513210901,0.2671,6.60868,9.66401,19.3405,-11.87133,-0.05341
Daniyal,3320,1771513210917,1.07647,6.18963,9.15404,16.28874,-9.97924,-1.70135
Daniyal,3321,1771513210934,1.07647,6.18006,8.61057,11.28387,-13.94652,0.06866
Daniyal,3322,1771513210950,0.63589,6.37388,9.15644,11.58904,-10.16235,1.53351
Daniyal,3323,1771513210969,0.48485,6.41456,8.64407,7.49969,-13.33617,1.96075
Daniyal,3324,1771513210993,-0.1663,6.56082,9.34577,4.82177,-10.9558,0.86212
Daniyal,3325,1771513211002,-0.1663,6.56082,9.34577,4.45556,-9.79614,0.92316
Daniyal,3326,1771513211013,-0.25962,6.42413,9.6688,3.78418,-5.52368,-0.66376
Daniyal,3327,1771513211034,0.49681,6.31167,9.12533,5.67627,-2.41089,-1.70135
Daniyal,3328,1771513211052,1.16261,5.8017,8.09582,4.21142,4.11987,-6.27899
Daniyal,3329,1771513211070,0.14985,5.75145,8.14128,-2.31933,-1.25122,-5.72967
Daniyal,3330,1771513211083,0.14985,5.75145,8.14128,-2.74658,-5.70678,-0.29755
Daniyal,3331,1771513211101,-0.30508,5.95245,9.20908,3.96728,4.24194,2.99835
Daniyal,3332,1771513211117,1.42343,5.45952,7.37049,2.01416,4.60815,-0.48065
Daniyal,3333,1771513211143,1.2679,4.95913,6.05833,-5.00488,1.31225,-3.65448
Daniyal,3334,1771513211153,-0.62602,5.00937,7.59781,-7.32421,-5.95092,-0.11444
Daniyal,3335,1771513211163,-0.62602,5.00937,7.59781,-0.79346,-1.49536,3.4256
Daniyal,3336,1771513211184,-0.55663,5.28694,8.42393,5.49316,5.88989,5.68389
Daniyal,3337,1771513211201,0.97089,5.61506,6.85813,5.92041,4.60815,4.21905
Daniyal,3338,1771513211217,1.40189,5.21755,6.98973,6.95037,3.63159,0.86212
Daniyal,3339,1771513211233,0.85843,4.63579,7.78236,4.88281,-0.57983,0.19073
Daniyal,3340,1771513211259,0.47288,5.04527,7.77279,3.78418,-7.53784,4.76837
Daniyal,3341,1771513211271,0.71246,5.25823,7.58824,4.21142,-4.48608,4.46319
Daniyal,3342,1771513211285,0.71246,5.25823,7.58824,3.23486,-4.30298,3.12042
Daniyal,3343,1771513211299,0.57368,5.5672,7.41596,0.73242,-8.5144,4.40216
Daniyal,3344,1771513211318,0.74357,5.76102,7.92353,0.18311,-3.75366,-0.35858
Daniyal,3345,1771513211335,0.8321,5.45683,7.76561,-0.06104,-4.42505,-0.72479
Daniyal,3346,1771513211352,2.01954,5.00937,6.75045,1.0376,4.97436,-10.72692
Daniyal,3347,1771513211370,0.31017,5.1003,7.37767,-5.85937,-6.56127,-11.88659
Daniyal,3348,1771513211383,0.31017,5.1003,7.37767,-7.62939,-14.92308,-7.74383
Daniyal,3349,1771513211405,-0.67866,5.47149,9.49412,2.38037,-7.23266,-4.44793
Daniyal,3350,1771513211417,0.89432,6.51296,9.66641,1.58691,-9.67406,-2.3117
Daniyal,3351,1771513211433,0.96132,7.77697,10.14527,5.49316,-14.67894,3.97491
Daniyal,3352,1771513211453,2.71167,6.20638,9.18754,19.21843,16.80754,-5.85174
Daniyal,3353,1771513211469,1.61276,5.13859,7.06391,1.89209,7.35473,-15.30455
Daniyal,3354,1771513211483,1.61276,5.13859,7.06391,-18.31053,-31.21183,-2.06756
Daniyal,3355,1771513211498,-2.85494,6.75225,10.32503,0.85449,-15.16723,11.54327
Daniyal,3356,1771513211519,2.32373,5.75145,9.28355,15.37322,21.75139,-5.48553
Daniyal,3357,1771513211539,2.18495,6.09871,6.79831,-11.96288,-19.24895,1.65558
Daniyal,3358,1771513211551,-1.48056,6.3332,8.75683,-9.33837,-15.83861,8.73565
Daniyal,3359,1771513211569,2.39312,5.10269,7.83739,1.77002,19.79827,-6.40106
Daniyal,3360,1771513211583,2.39312,5.10269,7.83739,-8.60595,-0.27466,-0.72479
Daniyal,3361,1771513211601,-1.6005,6.70439,8.17478,-8.48388,-4.85229,9.28497
Daniyal,3362,1771513211619,-0.45344,6.25185,8.62254,-1.58691,14.36614,5.74493
Daniyal,3363,1771513211634,0.29581,6.20399,7.701,-7.08007,9.06371,7.94219
Daniyal,3364,1771513211651,0.47288,6.41934,8.036,-5.79834,13.0844,4.28009
Daniyal,3365,1771513211677,0.90389,5.88066,8.22533,-0.06104,17.96721,1.22833
Daniyal,3366,1771513211686,0.90389,5.88066,8.22533,-1.15967,18.51653,-2.98309
Daniyal,3367,1771513211698,-0.15673,5.63181,7.08066,0.91553,14.97649,-1.39618
Daniyal,3368,1771513211717,-0.40798,5.9333,7.45903,6.10351,16.92962,-0.35858
Daniyal,3369,1771513211735,1.21286,5.13619,6.44626,12.13836,21.93449,-7.19451
Daniyal,3370,1771513211752,1.10997,4.45394,5.34736,7.25555,14.24407,-10.66589
Daniyal,3371,1771513211770,1.10997,4.45394,5.34736,-1.83105,3.50952,-12.86315
Daniyal,3372,1771513211786,1.15304,4.28136,5.15593,-9.27734,-8.02612,-12.49694
Daniyal,3373,1771513211805,0.69811,4.63579,6.40559,-11.04736,-21.44621,-7.8659
Daniyal,3374,1771513211825,0.4992,5.11944,7.6337,0.42725,-19.00481,-6.52313
Daniyal,3375,1771513211831,1.51436,5.43051,7.01606,1.09863,-18.09691,-7.62176
Daniyal,3376,1771513211850,1.18415,5.58156,7.16232,-1.64795,-22.66692,-12.19176
Daniyal,3377,1771513211870,1.18415,5.58156,7.16232,-0.48828,-24.86418,-9.75799
Daniyal,3378,1771513211883,1.07169,4.77697,7.85653,3.479,-4.66919,-17.50182
Daniyal,3379,1771513211902,2.14427,3.73071,5.79751,-19.59227,-9.30785,-29.34263
Daniyal,3380,1771513211919,-1.83739,5.69163,8.21576,-35.14859,-47.20303,-10.1242
Daniyal,3381,1771513211936,-0.25244,5.22951,10.12613,-7.9956,-1.5564,-8.96453
Daniyal,3382,1771513211954,2.89831,5.77777,8.22772,-10.80322,15.58684,-27.45054
Daniyal,3383,1771513211977,-3.87248,9.44327,12.24976,-31.05924,-46.22647,10.87188
Daniyal,3384,1771513211986,-3.87248,9.44327,12.24976,1.40381,1.49536,16.48711
Daniyal,3385,1771513212000,2.37159,5.41615,9.66162,15.55632,39.69571,-0.35858
Daniyal,3386,1771513212018,3.30539,4.83918,6.36969,-9.15527,11.62719,-14.81627
Daniyal,3387,1771513212035,-3.18545,6.04846,7.47338,-23.62059,-9.18578,7.69805
Daniyal,3388,1771513212054,1.69173,5.21516,6.76002,-16.78465,14.48821,-4.75311
Daniyal,3389,1771513212069,1.69173,5.21516,6.76002,-16.84569,6.62231,-7.49969
Daniyal,3390,1771513212086,-0.21176,6.44567,7.7345,-9.15527,-8.20922,-3.04413
Daniyal,3391,1771513212105,0.19771,6.11546,8.5029,4.39453,7.4768,-15.30455
Daniyal,3392,1771513212117,1.49043,5.54567,7.14796,3.23486,-1.49536,-15.67076
Daniyal,3393,1771513212134,0.44177,5.69641,7.56431,3.84521,-6.86645,-17.86803
Daniyal,3394,1771513212155,1.18654,5.16491,8.37129,10.18523,-9.12475,-20.06529
Daniyal,3395,1771513212170,1.18654,5.16491,8.37129,3.84521,-18.34105,-18.23424
Daniyal,3396,1771513212185,0.72203,5.21037,7.5356,1.64795,-22.05656,-16.28111
Daniyal,3397,1771513212203,1.13629,5.05005,7.969,5.18798,-18.8217,-14.08385
Daniyal,3398,1771513212219,1.66062,4.70997,6.92991,3.54004,-20.16448,-15.12145
Daniyal,3399,1771513212236,1.07169,4.36032,6.54916,0.97656,-19.61516,-18.11217
Daniyal,3400,1771513212260,-0.53509,4.86311,8.1341,0.61035,-27.61076,-11.94762
Daniyal,3401,1771513212270,-0.53509,4.86311,8.1341,5.61523,-20.40862,-10.1242
Daniyal,3402,1771513212286,0.58564,4.91336,7.7345,8.049,-8.94164,-13.53454
Daniyal,3403,1771513212300,1.47129,4.94238,6.21655,0.06104,-20.71379,-14.38903
Daniyal,3404,1771513212317,0.25513,5.26541,8.0671,0.61035,-24.92521,-11.76452
Daniyal,3405,1771513212336,0.66939,5.7993,9.56351,6.46972,-19.67619,-7.37762
Daniyal,3406,1771513212353,0.45374,7.32204,9.19951,1.52588,-25.5966,1.41144
Daniyal,3407,1771513212370,0.45374,7.32204,9.19951,6.59179,-27.42765,10.3836
Daniyal,3408,1771513212392,0.71007,7.46321,9.99931,15.49529,-8.02612,4.70733
Daniyal,3409,1771513212398,1.47847,6.61586,8.85494,13.11492,-11.01684,4.34112
Daniyal,3410,1771513212415,1.00678,6.31645,8.40958,12.93181,-5.64575,1.28937
Daniyal,3411,1771513212437,1.34447,5.38265,7.67707,11.77215,1.67847,-4.81414
Daniyal,3412,1771513212454,1.34447,5.38265,7.67707,1.52588,-2.9602,-9.94109
Daniyal,3413,1771513212469,0.3676,5.11944,6.85574,-5.98144,-12.1765,-9.39178
Daniyal,3414,1771513212486,-0.23809,5.41855,8.28515,-1.15967,-9.55199,-6.03485
Daniyal,3415,1771513212504,0.16421,6.18724,9.2019,-0.30518,-13.76342,-0.66376
Daniyal,3416,1771513212520,0.78664,6.68285,9.04636,3.11279,-11.9934,3.6087
Daniyal,3417,1771513212540,1.49522,6.61107,9.20429,5.67627,-11.87133,4.58526
Daniyal,3418,1771513212553,1.49522,6.61107,9.20429,8.17108,-8.63647,3.79181
Daniyal,3419,1771513212570,1.96451,6.25185,8.64646,12.19939,-1.5564,0.19073
Daniyal,3420,1771513212585,2.18016,5.19123,7.12373,10.85662,-1.98364,-3.95965
Daniyal,3421,1771513212602,1.29422,4.08993,6.00329,2.13623,-5.64575,-9.57488
Daniyal,3422,1771513212621,-0.50847,4.29093,6.92034,-7.56835,-20.34758,-6.58416
Daniyal,3423,1771513212642,-0.76481,5.34437,8.51964,0.12207,-12.54272,0.86212
Daniyal,3424,1771513212648,-0.76481,5.34437,8.51964,2.92969,-7.78198,3.05939
Daniyal,3425,1771513212669,0.94696,5.90937,7.78236,3.479,-5.46264,3.91388
Daniyal,3426,1771513212686,1.41147,6.00539,7.94028,4.63867,-4.60815,2.02179
Daniyal,3427,1771513212703,1.02353,5.65813,9.28834,6.10351,-4.18091,5.01251
Daniyal,3428,1771513212720,1.43061,5.65813,7.96421,5.7373,-0.15259,7.0877
Daniyal,3429,1771513212739,1.35404,5.66291,7.32981,2.68554,-3.87573,6.84356
Daniyal,3430,1771513212754,1.35404,5.66291,7.32981,2.80762,-6.37817,6.29425
Daniyal,3431,1771513212771,0.35563,5.38265,8.18465,0.91553,-5.27954,7.0877
Daniyal,3432,1771513212795,0.20728,5.69163,7.98335,-0.36621,-0.88501,4.09698
Daniyal,3433,1771513212802,0.65025,6.4002,8.39283,0.61035,0.03052,3.54767
Daniyal,3434,1771513212818,1.32532,6.40977,9.08944,4.63867,2.10571,1.96075
Daniyal,3435,1771513212836,1.32532,6.40977,9.08944,6.16455,6.2561,-2.43377
Daniyal,3436,1771513212853,2.21127,5.72513,8.09103,4.21142,-0.76294,-7.80486
Daniyal,3437,1771513212870,2.00758,5.46431,8.13171,5.67627,-5.46264,-8.84246
Daniyal,3438,1771513212887,1.38993,5.22473,8.14128,-1.15967,-17.24242,-5.36346
Daniyal,3439,1771513212903,0.61436,5.35394,7.75364,-0.97656,-17.7307,-1.88446
Daniyal,3440,1771513212930,1.14826,5.63181,7.65524,2.92969,-9.24682,-2.37274
Daniyal,3441,1771513212937,1.21286,5.49302,7.5021,2.56347,-5.46264,-5.05828
Daniyal,3442,1771513212949,1.21286,5.49302,7.5021,0.91553,-6.68334,-4.69207
Daniyal,3443,1771513212971,0.60239,4.88226,8.17239,-1.95312,3.57055,-7.25555
Daniyal,3444,1771513212988,0.49681,4.63819,8.0001,-3.35693,0.15259,-2.37274
Daniyal,3445,1771513213004,0.95653,4.95673,8.07667,1.0376,8.20922,-2.00653
Daniyal,3446,1771513213021,1.299,5.14337,7.91157,1.0376,5.76782,-0.78583
Daniyal,3447,1771513213036,1.299,5.14337,7.91157,-3.05176,-0.7019,1.47247
Daniyal,3448,1771513213055,0.19531,5.78256,9.17079,-1.64795,-1.61743,10.5667
Daniyal,3449,1771513213079,0.54018,6.59193,10.05434,-0.18311,4.85229,13.19121
Daniyal,3450,1771513213086,0.90389,7.42014,9.61616,3.60107,1.67847,20.14922
Daniyal,3451,1771513213102,2.36202,5.90937,8.12214,8.78143,17.78411,16.05986
Daniyal,3452,1771513213118,2.75234,4.66451,6.27637,0.54932,18.33342,1.22833
Daniyal,3453,1771513213137,2.75234,4.66451,6.27637,-7.69042,6.31713,-0.05341
Daniyal,3454,1771513213155,0.14267,4.53051,6.98256,-5.92041,7.35473,-4.81414
Daniyal,3455,1771513213171,0.71246,4.25504,6.86531,-8.11767,1.5564,-6.27899
Daniyal,3456,1771513213188,0.29821,5.32283,6.73609,-8.97216,-6.62231,-6.58416
Daniyal,3457,1771513213211,0.23599,5.84716,8.60818,-1.70898,-10.46752,-4.50897
Daniyal,3458,1771513213217,0.61914,6.19921,9.53241,2.19726,-9.12475,-2.55585
Daniyal,3459,1771513213233,0.61914,6.19921,9.53241,4.94384,-10.34545,2.99835
Daniyal,3460,1771513213256,1.02353,6.71157,9.36252,5.79834,0.33569,3.36456
Daniyal,3461,1771513213270,1.88554,5.7993,8.22293,0.18311,-2.04468,1.96075
Daniyal,3462,1771513213290,1.61755,4.91097,7.38724,-1.83105,4.54712,-4.20379
Daniyal,3463,1771513213305,1.35882,4.0995,7.01127,-5.00488,1.98364,-7.6828
Daniyal,3464,1771513213321,-0.10169,4.26939,7.44228,-6.53076,-1.67847,-7.8659
Daniyal,3465,1771513213345,-0.10169,4.26939,7.44228,-6.7749,-0.94604,-6.46209
Daniyal,3466,1771513213352,-0.20937,4.70519,7.58585,-7.44628,0.76294,-3.71551
Daniyal,3467,1771513213369,0.26231,5.51456,7.75125,-6.53076,0.64087,-2.25067
Daniyal,3468,1771513213387,0.51835,6.19442,9.25245,0.42725,2.41089,0.49591
Daniyal,3469,1771513213404,1.21765,6.11306,9.69033,5.67627,4.36401,1.53351
Daniyal,3470,1771513213423,1.93819,5.79452,8.14846,6.65283,4.24194,3.48663
Daniyal,3471,1771513213437,1.93819,5.79452,8.14846,5.12695,1.12915,0.80109
Daniyal,3472,1771513213454,2.09641,5.47149,7.49013,5.31005,-5.64575,-0.05341
Daniyal,3473,1771513213470,1.06451,5.26301,8.18226,6.40869,-7.84301,-0.96893
Daniyal,3474,1771513213489,0.83928,5.45683,8.16999,4.76074,-9.55199,-1.57928
Daniyal,3475,1771513213515,0.88235,5.71556,8.14367,-0.79346,-10.04028,-5.05828
Daniyal,3476,1771513213521,0.34606,5.72752,9.00569,-0.97656,-9.00268,-4.69207
Daniyal,3477,1771513213536,0.34606,5.72752,9.00569,2.74658,-2.16675,-3.22723
Daniyal,3478,1771513213554,1.11476,5.22473,8.3665,4.57763,7.72094,-5.6076
Daniyal,3479,1771513213571,1.95254,4.75544,6.79592,-4.21142,2.04468,-8.59832
Daniyal,3480,1771513213589,0.59521,4.47787,7.61935,-7.50732,-5.34057,-6.09588
Daniyal,3481,1771513213605,-0.08495,4.61426,8.31865,-5.98144,-4.42505,-1.21307
Daniyal,3482,1771513213618,-0.08495,4.61426,8.31865,-6.71386,-1.92261,2.388
Daniyal,3483,1771513213645,0.15942,5.74188,7.54517,1.34277,2.10571,5.50079
Daniyal,3484,1771513213656,0.72443,6.57518,8.80469,5.55419,5.88989,3.48663
Daniyal,3485,1771513213669,1.28225,5.8663,8.65604,5.06591,9.79614,-0.96893
Daniyal,3486,1771513213688,1.04058,5.61745,8.36411,3.17383,7.65991,-4.02069
Daniyal,3487,1771513213706,0.45852,6.03889,9.39362,2.80762,1.7395,-1.33514
Daniyal,3488,1771513213721,0.45852,6.03889,9.39362,5.37109,3.9978,-0.29755
Daniyal,3489,1771513213737,1.47129,5.81845,8.51007,6.46972,2.65503,-2.86102
Daniyal,3490,1771513213755,2.0004,5.53131,7.42792,3.78418,1.5564,-7.49969
Daniyal,3491,1771513213775,0.97328,5.45683,7.92114,-1.2207,-5.82885,-8.11004
Daniyal,3492,1771513213797,-0.2668,5.7347,9.18276,-1.2207,-8.08715,-4.75311
Daniyal,3493,1771513213804,0.71964,5.77777,8.76162,0.30518,-4.91333,-3.47137
Daniyal,3494,1771513213818,0.71964,5.77777,8.76162,2.80762,-3.20434,-4.08172
Daniyal,3495,1771513213838,2.03868,4.84636,7.47817,2.19726,5.27954,-14.20592
Daniyal,3496,1771513213855,1.87837,3.89581,6.33619,-5.79834,-0.33569,-17.25768
Daniyal,3497,1771513213872,-0.72652,4.42762,7.60738,-9.70458,-8.88061,-11.64245
Daniyal,3498,1771513213889,-0.68584,5.35155,8.60339,-0.06104,3.14331,-4.26483
Daniyal,3499,1771513213905,0.4657,6.39542,7.89482,-1.77002,-0.57983,-0.05341
Daniyal,3500,1771513213926,0.67896,6.44088,9.41277,1.89209,-6.50024,5.68389
Daniyal,3501,1771513213938,0.67896,6.44088,9.41277,10.42937,11.07787,1.65558
Daniyal,3502,1771513213953,2.52473,5.29651,8.32822,8.53729,11.62719,-1.33514
Daniyal,3503,1771513213974,1.1674,5.63899,7.54756,1.0376,-1.19018,-0.60272
Daniyal,3504,1771513213989,0.42503,5.32044,8.63689,7.43865,2.71606,1.47247
Daniyal,3505,1771513214003,0.98764,5.07398,7.05434,3.35693,2.28882,-0.54169
Daniyal,3506,1771513214021,0.98764,5.07398,7.05434,-2.62451,-6.68334,-1.57928
Daniyal,3507,1771513214039,0.57846,5.73231,7.91157,0.73242,-6.62231,-2.1286
Daniyal,3508,1771513214054,0.63111,5.94527,9.47976,3.35693,-4.36401,-1.70135
Daniyal,3509,1771513214078,0.74596,5.97398,8.21815,-1.58691,-4.24194,-1.57928
Daniyal,3510,1771513214086,0.63589,5.76102,8.51725,0.73242,-1.49536,-2.18963
Daniyal,3511,1771513214101,0.63589,5.76102,8.51725,1.89209,1.98364,-2.43377
Daniyal,3512,1771513214120,0.85125,5.37787,8.24447,-3.2959,1.37329,-4.08172
Daniyal,3513,1771513214140,0.58804,5.2343,7.77039,-4.88281,-1.92261,-4.08172
Daniyal,3514,1771513214155,-0.25244,5.37069,8.62971,-1.64795,-1.25122,-0.41962
Daniyal,3515,1771513214172,0.23121,5.52652,8.07907,0.61035,3.38745,-0.17548
Daniyal,3516,1771513214190,0.95653,6.02453,8.10539,3.66211,2.9602,-1.091
Daniyal,3517,1771513214210,0.95653,6.02453,8.10539,4.02832,-2.7771,-0.11444
Daniyal,3518,1771513214221,0.91825,6.09392,9.09183,2.50244,-7.11059,2.51007
Daniyal,3519,1771513214237,0.98524,5.06202,8.15803,4.88281,0.15259,0.55695
Daniyal,3520,1771513214255,1.2655,5.05005,6.95623,3.2959,-7.04956,-0.23651
Daniyal,3521,1771513214271,-0.25962,5.85434,7.90918,5.55419,-9.79614,3.66974
Daniyal,3522,1771513214290,1.43539,5.31087,7.66032,8.65936,-2.53296,2.75421
Daniyal,3523,1771513214304,1.43539,5.31087,7.66032,7.80486,-0.76294,-2.73895
Daniyal,3524,1771513214319,2.76909,4.65733,6.40319,1.28174,-8.6975,-11.09313
Daniyal,3525,1771513214339,1.6008,4.24786,7.16232,0.36621,-14.31273,-13.59557
Daniyal,3526,1771513214355,0.14506,4.82722,9.11097,1.58691,-21.32414,-7.74383
Daniyal,3527,1771513214372,0.24796,6.04846,9.7023,10.91765,-20.83586,1.47247
Daniyal,3528,1771513214390,2.77867,5.55284,7.41835,17.99773,-3.32641,-4.57
Daniyal,3529,1771513214405,2.77867,5.55284,7.41835,11.22283,-4.97436,-8.35418
Daniyal,3530,1771513214420,1.35882,5.11466,6.73609,-6.46972,-8.20922,-13.53454
Daniyal,3531,1771513214439,-1.11685,5.56481,9.18993,-18.67674,-20.77483,-4.02069
Daniyal,3532,1771513214455,-1.92592,8.033,13.07827,3.66211,-24.92521,15.81572
Daniyal,3533,1771513214480,3.26949,5.75384,9.36012,28.73991,40.12296,6.72149
Daniyal,3534,1771513214487,3.36999,3.74507,4.96182,9.26971,18.33342,2.87628
Daniyal,3535,1771513214502,3.36999,3.74507,4.96182,-15.93016,9.61303,-1.57928
Daniyal,3536,1771513214523,0.9015,3.74507,5.63719,-18.06639,7.35473,-9.51385
Daniyal,3537,1771513214540,-0.28834,4.29093,7.99532,-14.09911,5.40161,-7.37762
Daniyal,3538,1771513214552,-2.65394,5.90459,8.97937,-6.958,0.82397,7.39288
Daniyal,3539,1771513214571,-0.72891,6.08196,8.55314,2.01416,12.53509,8.36944
Daniyal,3540,1771513214590,0.29103,6.43609,8.96022,1.0376,8.94164,8.49151
Daniyal,3541,1771513214614,1.19851,6.50579,10.4016,15.49529,20.77483,9.28497
Daniyal,3542,1771513214625,1.19851,6.50579,10.4016,17.38738,31.88322,6.05011
Daniyal,3543,1771513214637,2.81216,5.92134,8.31626,4.63867,17.29583,3.66974
Daniyal,3544,1771513214654,0.77707,5.95723,8.05753,1.34277,4.05884,6.17218
Daniyal,3545,1771513214674,1.15304,5.0022,8.55314,9.33074,14.42717,2.5711
Daniyal,3546,1771513214690,0.14746,5.67488,7.38246,2.74658,2.41089,3.4256
Daniyal,3547,1771513214706,0.14746,5.67488,7.38246,0.61035,-5.64575,7.14874
Daniyal,3548,1771513214722,-0.39362,5.73948,8.11017,6.40869,2.28882,4.28009
Daniyal,3549,1771513214746,1.6343,5.21755,7.701,8.53729,1.12915,-0.54169
Daniyal,3550,1771513214757,1.31336,5.00937,7.26521,10.36834,-2.7771,-5.54657
Daniyal,3551,1771513214770,0.6335,4.5664,8.19183,15.80046,-8.20922,-5.36346
Daniyal,3552,1771513214789,0.6335,4.5664,8.19183,16.41082,-9.91821,-1.15204
Daniyal,3553,1771513214806,0.86082,4.91097,6.92274,15.37322,-12.72582,1.10626
Daniyal,3554,1771513214824,1.65105,5.31087,6.25484,13.23699,-13.88549,-1.02997
Daniyal,3555,1771513214840,1.38754,5.14816,7.08545,13.29803,-19.98137,-0.11444
Daniyal,3556,1771513214854,0.3987,5.1673,8.0025,14.6408,-14.37377,1.41144
Daniyal,3557,1771513214881,-0.36012,6.07239,8.3354,10.49041,-18.09691,10.68877
Daniyal,3558,1771513214892,0.0996,6.6661,9.66401,15.92253,-11.93236,14.9002
Daniyal,3559,1771513214905,0.0996,6.6661,9.66401,20.74431,4.18091,11.48223
Daniyal,3560,1771513214923,1.93579,5.90937,8.8334,13.96941,0.76294,13.13018
Daniyal,3561,1771513214939,0.91825,5.77777,8.24208,10.24627,6.31713,13.25225
Daniyal,3562,1771513214955,0.90628,5.32762,8.10299,10.67352,15.70891,12.94707
Daniyal,3563,1771513214975,-0.06102,5.8687,7.57388,5.43213,14.3051,12.94707
Daniyal,3564,1771513214991,-0.06102,5.8687,7.57388,4.15039,7.04956,21.17918
Daniyal,3565,1771513215014,-1.10249,6.42413,8.79751,7.92693,18.15032,21.97264
Daniyal,3566,1771513215023,0.48245,6.08435,7.9355,4.94384,17.23479,19.90508
Daniyal,3567,1771513215036,0.56889,6.59432,7.81346,2.86865,14.36614,16.36504
Daniyal,3568,1771513215056,-0.04187,6.836,9.77199,7.31658,13.32854,16.79228
Daniyal,3569,1771513215075,0.81057,6.46959,9.07508,13.54216,19.61516,17.46367
Daniyal,3570,1771513215090,0.81057,6.46959,9.07508,13.48113,23.21623,11.4212
Daniyal,3571,1771513215107,2.27109,5.67488,6.81506,5.49316,13.14544,2.99835
Daniyal,3572,1771513215131,1.00678,5.11466,7.07588,-0.42725,-0.76294,5.68389
Daniyal,3573,1771513215143,-0.79352,4.82722,7.77039,-0.48828,5.09643,6.29425
Daniyal,3574,1771513215156,0.65025,5.04766,6.18784,-0.79346,6.31713,4.34112
Daniyal,3575,1771513215173,0.82732,5.29651,6.31227,-1.58691,1.98364,0.3128
Daniyal,3576,1771513215190,0.82732,5.29651,6.31227,-1.64795,-2.10571,-1.94549
Daniyal,3577,1771513215208,-0.31226,5.0668,7.96421,3.78418,-0.21362,1.59454
Daniyal,3578,1771513215225,0.04935,4.90618,7.80628,3.90625,2.22778,1.3504
Daniyal,3579,1771513215240,0.58804,5.62941,7.19582,3.23486,-6.19506,5.25665
Daniyal,3580,1771513215256,1.05733,5.63899,7.902,6.8283,-6.37817,7.82012
Daniyal,3581,1771513215274,1.59123,4.73629,6.47498,3.90625,-0.33569,4.89044
Daniyal,3582,1771513215292,1.59123,4.73629,6.47498,-2.86865,-8.5144,4.46319
Daniyal,3583,1771513215305,0.27428,4.87508,6.91556,-0.48828,-6.07299,5.07354
Daniyal,3584,1771513215322,0.53061,5.0333,7.28196,1.95312,5.70678,2.14386
Daniyal,3585,1771513215340,0.42503,5.47867,6.65952,-1.09863,2.34985,1.77765
Daniyal,3586,1771513215358,0.07328,5.46192,8.09821,0.24414,2.22778,1.41144
Daniyal,3587,1771513215381,0.91585,5.51217,9.01287,3.90625,2.47192,1.89972
Daniyal,3588,1771513215392,0.91585,5.51217,9.01287,6.59179,-1.67847,5.56182
Daniyal,3589,1771513215406,1.11236,6.55125,9.28355,10.49041,1.19018,6.66046
Daniyal,3590,1771513215422,1.95972,6.12503,8.0001,11.1618,4.11987,5.867
Daniyal,3591,1771513215438,1.95972,6.12503,8.0001,11.1618,4.11987,5.867
Daniyal,3592,1771513215452,0.91346,5.59352,8.35693,10.36834,1.00708,8.67461
Daniyal,3593,1771513215468,1.06451,5.67488,8.42393,7.37762,0.5188,7.51495
Daniyal,3594,1771513215491,0.66461,6.34756,8.80708,8.78143,3.9978,4.46319
Daniyal,3595,1771513215506,0.82971,6.71157,9.27637,7.80486,5.27954,4.09698
Daniyal,3596,1771513215518,0.85603,6.96281,9.53241,8.9035,6.01196,7.27081
Daniyal,3597,1771513215535,0.81296,6.10349,8.78315,6.8283,8.6975,11.6043
Daniyal,3598,1771513215552,0.61436,5.41137,7.73929,5.67627,11.93236,20.21025
Daniyal,3599,1771513215569,0.61436,5.41137,7.73929,2.19726,18.57756,17.64678
Daniyal,3600,1771513215585,0.76989,5.28933,6.41516,-5.06591,16.31926,16.54815
Daniyal,3601,1771513215602,-0.53749,5.46192,7.11177,-5.79834,17.35686,14.10674
Daniyal,3602,1771513215629,-0.26201,5.32283,7.84218,-1.40381,24.07072,12.6419
Daniyal,3603,1771513215730,-0.26201,5.32283,7.84218,0,0,0
Daniyal,3604,1771513215742,-0.26201,5.32283,7.84218,0,0,0
Daniyal,3605,1771513215767,-0.26201,5.32283,7.84218,0,0,0
Daniyal,3606,1771513215991,-0.26201,5.32283,7.84218,0,0,0
Daniyal,3607,1771513216002,-0.26201,5.32283,7.84218,0,0,0
Daniyal,3608,1771513216039,-0.26201,5.32283,7.84218,0,0,0
Daniyal,3609,1771513216055,-0.26201,5.32283,7.84218,0,0,0
Daniyal,3610,1771513216129,-0.26201,5.32283,7.84218,0,0,0
Daniyal,3611,1771513216131,-0.26201,5.32283,7.84218,0,0,0
Daniyal,3612,1771513216136,-0.26201,5.32283,7.84218,0,0,0
Daniyal,3613,1771513216143,-0.26201,5.32283,7.84218,0,0,0
Daniyal,3614,1771513216156,-0.26201,5.32283,7.84218,0,0,0
Daniyal,3615,1771513216163,-0.26201,5.32283,7.84218,0,0,0
Daniyal,3616,1771513216170,-0.26201,5.32283,7.84218,0,0,0
Daniyal,3617,1771513216173,-0.26201,5.32283,7.84218,0,0,0
Daniyal,3618,1771513216179,-0.26201,5.32283,7.84218,0,0,0
Daniyal,3619,1771513216196,-0.26201,5.32283,7.84218,0,0,0
Daniyal,3620,1771513216214,-0.26201,5.32283,7.84218,0,0,0
Daniyal,3621,1771513216221,-0.26201,5.32283,7.84218,0,0,0
Daniyal,3622,1771513216234,-0.26201,5.32283,7.84218,0,0,0
Daniyal,3623,1771513216246,-0.26201,5.32283,7.84218,0,0,0
Daniyal,3624,1771513216250,-0.26201,5.32283,7.84218,0,0,0
Daniyal,3625,1771513216253,-0.26201,5.32283,7.84218,0,0,0
Daniyal,3626,1771513216255,-0.26201,5.32283,7.84218,0,0,0
Daniyal,3627,1771513216257,-0.26201,5.32283,7.84218,0,0,0
Daniyal,3628,1771513216261,-0.26201,5.32283,7.84218,0,0,0
Daniyal,3629,1771513216271,-0.26201,5.32283,7.84218,0,0,0
Daniyal,3630,1771513216276,-0.26201,5.32283,7.84218,0,0,0
Daniyal,3631,1771513216282,-0.26201,5.32283,7.84218,0,0,0
Daniyal,3632,1771513216286,-0.26201,5.32283,7.84218,0,0,0
Daniyal,3633,1771513216288,-0.26201,5.32283,7.84218,0,0,0
Daniyal,3634,1771513216294,-0.26201,5.32283,7.84218,0,0,0
Daniyal,3635,1771513216302,-0.26201,5.32283,7.84218,0,0,0
Daniyal,3636,1771513216314,-0.26201,5.32283,7.84218,0,0,0
Daniyal,3637,1771513216318,-0.26201,5.32283,7.84218,0,0,0
Daniyal,3638,1771513216321,-0.26201,5.32283,7.84218,0,0,0
Daniyal,3639,1771513216326,-0.26201,5.32283,7.84218,0,0,0
Daniyal,3640,1771513216330,-0.26201,5.32283,7.84218,0,0,0
Daniyal,3641,1771513216339,-0.26201,5.32283,7.84218,0,0,0
Daniyal,3642,1771513216344,-0.26201,5.32283,7.84218,0,0,0
Daniyal,3643,1771513216348,-0.26201,5.32283,7.84218,0,0,0
Daniyal,3644,1771513216351,-0.26201,5.32283,7.84218,0,0,0
Daniyal,3645,1771513216355,-0.26201,5.32283,7.84218,0,0,0
Daniyal,3646,1771513216361,-0.26201,5.32283,7.84218,0,0,0
Daniyal,3647,1771513216364,-0.26201,5.32283,7.84218,0,0,0
Daniyal,3648,1771513216372,-0.26201,5.32283,7.84218,0,0,0
Daniyal,3649,1771513216380,-0.26201,5.32283,7.84218,0,0,0
Daniyal,3650,1771513216384,-0.26201,5.32283,7.84218,0,0,0
Daniyal,3651,1771513216387,-0.26201,5.32283,7.84218,0,0,0
Daniyal,3652,1771513216390,-0.26201,5.32283,7.84218,0,0,0
Daniyal,3653,1771513216394,-0.26201,5.32283,7.84218,0,0,0
Daniyal,3654,1771513216400,-0.26201,5.32283,7.84218,0,0,0
Daniyal,3655,1771513216402,-0.26201,5.32283,7.84218,0,0,0
Daniyal,3656,1771513216406,-0.26201,5.32283,7.84218,0,0,0
Daniyal,3657,1771513216412,-0.26201,5.32283,7.84218,0,0,0
Daniyal,3658,1771513216419,-0.26201,5.32283,7.84218,0,0,0
Daniyal,3659,1771513216425,-0.26201,5.32283,7.84218,0,0,0
Daniyal,3660,1771513216431,-0.26201,5.32283,7.84218,0,0,0
Daniyal,3661,1771513216434,-0.26201,5.32283,7.84218,0,0,0
Daniyal,3662,1771513216437,-0.26201,5.32283,7.84218,0,0,0
Daniyal,3663,1771513216440,-0.26201,5.32283,7.84218,0,0,0
Daniyal,3664,1771513216443,-0.26201,5.32283,7.84218,0,0,0
Daniyal,3665,1771513216446,-0.26201,5.32283,7.84218,0,0,0
Daniyal,3666,1771513216451,-0.26201,5.32283,7.84218,0,0,0
Daniyal,3667,1771513216456,-0.26201,5.32283,7.84218,0,0,0
Daniyal,3668,1771513216459,-0.26201,5.32283,7.84218,0,0,0
Daniyal,3669,1771513216462,-0.26201,5.32283,7.84218,0,0,0
Daniyal,3670,1771513216465,-0.26201,5.32283,7.84218,0,0,0
Daniyal,3671,1771513216469,-0.26201,5.32283,7.84218,0,0,0
Daniyal,3672,1771513216472,-0.26201,5.32283,7.84218,0,0,0
Daniyal,3673,1771513216475,-0.26201,5.32283,7.84218,0,0,0
Daniyal,3674,1771513216482,-0.26201,5.32283,7.84218,0,0,0
Daniyal,3675,1771513216494,-0.26201,5.32283,7.84218,0,0,0
Daniyal,3676,1771513216501,-0.26201,5.32283,7.84218,0,0,0
Daniyal,3677,1771513216504,-0.26201,5.32283,7.84218,0,0,0
Daniyal,3678,1771513216506,-0.26201,5.32283,7.84218,0,0,0
Daniyal,3679,1771513216510,-0.26201,5.32283,7.84218,0,0,0
Daniyal,3680,1771513216513,-0.26201,5.32283,7.84218,0,0,0
Daniyal,3681,1771513216515,-0.26201,5.32283,7.84218,0,0,0
Daniyal,3682,1771513216519,-0.26201,5.32283,7.84218,0,0,0
Daniyal,3683,1771513216522,-0.26201,5.32283,7.84218,0,0,0
Daniyal,3684,1771513216525,-0.26201,5.32283,7.84218,0,0,0
Daniyal,3685,1771513216530,-0.26201,5.32283,7.84218,0,0,0
Daniyal,3686,1771513216535,-0.26201,5.32283,7.84218,0,0,0
Daniyal,3687,1771513216538,-0.26201,5.32283,7.84218,0,0,0
Daniyal,3688,1771513216541,-0.26201,5.32283,7.84218,0,0,0
Daniyal,3689,1771513216544,-0.26201,5.32283,7.84218,0,0,0
Daniyal,3690,1771513216547,-0.26201,5.32283,7.84218,0,0,0
Daniyal,3691,1771513216552,-0.26201,5.32283,7.84218,0,0,0
Daniyal,3692,1771513216556,-0.26201,5.32283,7.84218,0,0,0
Daniyal,3693,1771513216560,-0.26201,5.32283,7.84218,0,0,0
Daniyal,3694,1771513216564,-0.26201,5.32283,7.84218,0,0,0
Daniyal,3695,1771513216571,-0.26201,5.32283,7.84218,0,0,0
Daniyal,3696,1771513216574,-0.26201,5.32283,7.84218,0,0,0
Daniyal,3697,1771513216577,-0.26201,5.32283,7.84218,0,0,0
Daniyal,3698,1771513216580,-0.26201,5.32283,7.84218,0,0,0
Daniyal,3699,1771513216583,-0.26201,5.32283,7.84218,0,0,0
Daniyal,3700,1771513216588,-0.26201,5.32283,7.84218,0,0,0
Daniyal,3701,1771513216592,-0.26201,5.32283,7.84218,0,0,0
Daniyal,3702,1771513216595,-0.26201,5.32283,7.84218,0,0,0
Daniyal,3703,1771513216599,-0.26201,5.32283,7.84218,0,0,0
Daniyal,3704,1771513216605,-0.26201,5.32283,7.84218,0,0,0
Daniyal,3705,1771513216607,-0.26201,5.32283,7.84218,0,0,0
Daniyal,3706,1771513216611,-0.26201,5.32283,7.84218,0,0,0
Daniyal,3707,1771513216614,-0.26201,5.32283,7.84218,0,0,0
Daniyal,3708,1771513216618,-0.26201,5.32283,7.84218,0,0,0
Daniyal,3709,1771513216624,-0.26201,5.32283,7.84218,0,0,0
Daniyal,3710,1771513216628,-0.26201,5.32283,7.84218,0,0,0
Daniyal,3711,1771513216630,-0.26201,5.32283,7.84218,0,0,0
Daniyal,3712,1771513216637,-0.26201,5.32283,7.84218,0,0,0
Daniyal,3713,1771513216640,-0.26201,5.32283,7.84218,0,0,0
Daniyal,3714,1771513216643,-0.26201,5.32283,7.84218,0,0,0
Daniyal,3715,1771513216646,-0.26201,5.32283,7.84218,0,0,0
Daniyal,3716,1771513216649,-0.26201,5.32283,7.84218,0,0,0
Daniyal,3717,1771513216653,-0.26201,5.32283,7.84218,0,0,0
Daniyal,3718,1771513216657,-0.26201,5.32283,7.84218,0,0,0
Daniyal,3719,1771513216660,-0.26201,5.32283,7.84218,0,0,0
Daniyal,3720,1771513216664,-0.26201,5.32283,7.84218,0,0,0
Daniyal,3721,1771513216668,-0.26201,5.32283,7.84218,0,0,0
Daniyal,3722,1771513216674,-0.26201,5.32283,7.84218,0,0,0
Daniyal,3723,1771513216677,-0.26201,5.32283,7.84218,0,0,0
Daniyal,3724,1771513216680,-0.26201,5.32283,7.84218,0,0,0
Daniyal,3725,1771513216683,-0.26201,5.32283,7.84218,0,0,0
Daniyal,3726,1771513216687,-0.26201,5.32283,7.84218,0,0,0
Daniyal,3727,1771513216691,-0.26201,5.32283,7.84218,0,0,0
Daniyal,3728,1771513216695,-0.26201,5.32283,7.84218,0,0,0
Daniyal,3729,1771513216700,-0.26201,5.32283,7.84218,0,0,0
Daniyal,3730,1771513216706,-0.26201,5.32283,7.84218,0,0,0
Daniyal,3731,1771513216709,-0.26201,5.32283,7.84218,0,0,0
Daniyal,3732,1771513216712,-0.26201,5.32283,7.84218,0,0,0
Daniyal,3733,1771513216715,-0.26201,5.32283,7.84218,0,0,0
Daniyal,3734,1771513216718,-0.26201,5.32283,7.84218,0,0,0
Daniyal,3735,1771513216722,-0.26201,5.32283,7.84218,0,0,0
Daniyal,3736,1771513216725,-0.26201,5.32283,7.84218,0,0,0
Daniyal,3737,1771513216729,-0.26201,5.32283,7.84218,0,0,0
Daniyal,3738,1771513216733,-0.26201,5.32283,7.84218,0,0,0
Daniyal,3739,1771513216741,-0.26201,5.32283,7.84218,0,0,0
Daniyal,3740,1771513216745,-0.26201,5.32283,7.84218,0,0,0
Daniyal,3741,1771513216748,-0.26201,5.32283,7.84218,0,0,0
Daniyal,3742,1771513216751,-0.26201,5.32283,7.84218,0,0,0
Daniyal,3743,1771513216755,-0.26201,5.32283,7.84218,0,0,0
Daniyal,3744,1771513216759,-0.26201,5.32283,7.84218,0,0,0
Daniyal,3745,1771513216763,-0.26201,5.32283,7.84218,0,0,0
Daniyal,3746,1771513216769,-0.26201,5.32283,7.84218,0,0,0
Daniyal,3747,1771513216773,-0.26201,5.32283,7.84218,0,0,0
Daniyal,3748,1771513216779,-0.26201,5.32283,7.84218,0,0,0
Daniyal,3749,1771513216782,-0.26201,5.32283,7.84218,0,0,0
Daniyal,3750,1771513216785,-0.26201,5.32283,7.84218,0,0,0
Daniyal,3751,1771513216788,-0.26201,5.32283,7.84218,0,0,0
Daniyal,3752,1771513216791,-0.26201,5.32283,7.84218,0,0,0
Daniyal,3753,1771513216794,-0.26201,5.32283,7.84218,0,0,0
Daniyal,3754,1771513216797,-0.26201,5.32283,7.84218,0,0,0
Daniyal,3755,1771513216800,-0.26201,5.32283,7.84218,0,0,0
Daniyal,3756,1771513216803,-0.26201,5.32283,7.84218,0,0,0
Daniyal,3757,1771513216809,-0.26201,5.32283,7.84218,0,0,0
Daniyal,3758,1771513216811,-0.26201,5.32283,7.84218,0,0,0
Daniyal,3759,1771513216814,-0.26201,5.32283,7.84218,0,0,0
Daniyal,3760,1771513216817,-0.26201,5.32283,7.84218,0,0,0
Daniyal,3761,1771513216821,-0.26201,5.32283,7.84218,0,0,0
Daniyal,3762,1771513216824,-0.26201,5.32283,7.84218,0,0,0
Daniyal,3763,1771513216828,-0.26201,5.32283,7.84218,0,0,0
Daniyal,3764,1771513216832,-0.26201,5.32283,7.84218,0,0,0
Daniyal,3765,1771513216836,-0.26201,5.32283,7.84218,0,0,0
Daniyal,3766,1771513216839,-0.26201,5.32283,7.84218,0,0,0
Daniyal,3767,1771513216845,-0.26201,5.32283,7.84218,0,0,0
Daniyal,3768,1771513216848,-0.26201,5.32283,7.84218,0,0,0
Daniyal,3769,1771513216852,-0.26201,5.32283,7.84218,0,0,0
Daniyal,3770,1771513216855,-0.26201,5.32283,7.84218,0,0,0
Daniyal,3771,1771513216858,-0.26201,5.32283,7.84218,0,0,0
Daniyal,3772,1771513216861,-0.26201,5.32283,7.84218,0,0,0
Daniyal,3773,1771513216864,-0.26201,5.32283,7.84218,0,0,0
Daniyal,3774,1771513216867,-0.26201,5.32283,7.84218,0,0,0
Daniyal,3775,1771513216871,-0.26201,5.32283,7.84218,0,0,0
Daniyal,3776,1771513216874,-0.26201,5.32283,7.84218,0,0,0
Daniyal,3777,1771513216880,-0.26201,5.32283,7.84218,0,0,0
Daniyal,3778,1771513216883,-0.26201,5.32283,7.84218,0,0,0
Daniyal,3779,1771513216886,-0.26201,5.32283,7.84218,0,0,0
Daniyal,3780,1771513216890,-0.26201,5.32283,7.84218,0,0,0
Daniyal,3781,1771513216893,-0.26201,5.32283,7.84218,0,0,0
Daniyal,3782,1771513216897,-0.26201,5.32283,7.84218,0,0,0
Daniyal,3783,1771513216900,-0.26201,5.32283,7.84218,0,0,0
Daniyal,3784,1771513216904,-0.26201,5.32283,7.84218,0,0,0
Daniyal,3785,1771513216907,-0.26201,5.32283,7.84218,0,0,0
Daniyal,3786,1771513216910,-0.26201,5.32283,7.84218,0,0,0
Daniyal,3787,1771513216913,-0.26201,5.32283,7.84218,0,0,0
Daniyal,3788,1771513216919,-0.26201,5.32283,7.84218,0,0,0
Daniyal,3789,1771513216922,-0.26201,5.32283,7.84218,0,0,0
Daniyal,3790,1771513216925,-0.26201,5.32283,7.84218,0,0,0
Daniyal,3791,1771513216928,-0.26201,5.32283,7.84218,0,0,0
Daniyal,3792,1771513216931,-0.26201,5.32283,7.84218,0,0,0
Daniyal,3793,1771513216934,-0.26201,5.32283,7.84218,0,0,0
Daniyal,3794,1771513216937,-0.26201,5.32283,7.84218,0,0,0
Daniyal,3795,1771513216941,-0.26201,5.32283,7.84218,0,0,0
Daniyal,3796,1771513216946,-0.26201,5.32283,7.84218,0,0,0
Daniyal,3797,1771513216950,-0.26201,5.32283,7.84218,0,0,0
Daniyal,3798,1771513216958,-0.26201,5.32283,7.84218,0,0,0
Daniyal,3799,1771513216961,-0.26201,5.32283,7.84218,0,0,0
Daniyal,3800,1771513216965,-0.26201,5.32283,7.84218,0,0,0
Daniyal,3801,1771513216968,-0.26201,5.32283,7.84218,0,0,0
Daniyal,3802,1771513216972,-0.26201,5.32283,7.84218,0,0,0
Daniyal,3803,1771513216975,-0.26201,5.32283,7.84218,0,0,0
Daniyal,3804,1771513216978,-0.26201,5.32283,7.84218,0,0,0
Daniyal,3805,1771513216982,-0.26201,5.32283,7.84218,0,0,0
Daniyal,3806,1771513216988,-0.26201,5.32283,7.84218,0,0,0
Daniyal,3807,1771513216991,-0.26201,5.32283,7.84218,0,0,0
Daniyal,3808,1771513216998,-0.26201,5.32283,7.84218,0,0,0
Daniyal,3809,1771513217001,-0.26201,5.32283,7.84218,0,0,0
Daniyal,3810,1771513217003,-0.26201,5.32283,7.84218,0,0,0
Daniyal,3811,1771513217007,-0.26201,5.32283,7.84218,0,0,0
Daniyal,3812,1771513217009,-0.26201,5.32283,7.84218,0,0,0
Daniyal,3813,1771513217012,-0.26201,5.32283,7.84218,0,0,0
Daniyal,3814,1771513217015,-0.26201,5.32283,7.84218,0,0,0
Daniyal,3815,1771513217019,-0.26201,5.32283,7.84218,0,0,0
Daniyal,3816,1771513217025,-0.26201,5.32283,7.84218,0,0,0
Daniyal,3817,1771513217028,-0.26201,5.32283,7.84218,0,0,0
Daniyal,3818,1771513217031,-0.26201,5.32283,7.84218,0,0,0
Daniyal,3819,1771513217034,-0.26201,5.32283,7.84218,0,0,0
Daniyal,3820,1771513217038,-0.26201,5.32283,7.84218,0,0,0
Daniyal,3821,1771513217041,-0.26201,5.32283,7.84218,0,0,0
Daniyal,3822,1771513217045,-0.26201,5.32283,7.84218,0,0,0
Daniyal,3823,1771513217048,-0.26201,5.32283,7.84218,0,0,0
Daniyal,3824,1771513217053,-0.26201,5.32283,7.84218,0,0,0
Daniyal,3825,1771513217056,-0.26201,5.32283,7.84218,0,0,0
Daniyal,3826,1771513217063,-0.26201,5.32283,7.84218,0,0,0
Daniyal,3827,1771513217066,-0.26201,5.32283,7.84218,0,0,0
Daniyal,3828,1771513217069,-0.26201,5.32283,7.84218,0,0,0
Daniyal,3829,1771513217072,-0.26201,5.32283,7.84218,0,0,0
Daniyal,3830,1771513217075,-0.26201,5.32283,7.84218,0,0,0
Daniyal,3831,1771513217078,-0.26201,5.32283,7.84218,0,0,0
Daniyal,3832,1771513217082,-0.26201,5.32283,7.84218,0,0,0
Daniyal,3833,1771513217085,-0.26201,5.32283,7.84218,0,0,0
Daniyal,3834,1771513217093,-0.26201,5.32283,7.84218,0,0,0
Daniyal,3835,1771513217096,-0.26201,5.32283,7.84218,0,0,0
Daniyal,3836,1771513217099,-0.26201,5.32283,7.84218,0,0,0
Daniyal,3837,1771513217102,-0.26201,5.32283,7.84218,0,0,0
Daniyal,3838,1771513217106,-0.26201,5.32283,7.84218,0,0,0
Daniyal,3839,1771513217109,-0.26201,5.32283,7.84218,0,0,0
Daniyal,3840,1771513217120,-0.26201,5.32283,7.84218,0,0,0
Daniyal,3841,1771513217123,-0.26201,5.32283,7.84218,0,0,0
Daniyal,3842,1771513217126,-0.26201,5.32283,7.84218,0,0,0
Daniyal,3843,1771513217129,-0.26201,5.32283,7.84218,0,0,0
Daniyal,3844,1771513217132,-0.26201,5.32283,7.84218,0,0,0
Daniyal,3845,1771513217135,-0.26201,5.32283,7.84218,0,0,0
Daniyal,3846,1771513217138,-0.26201,5.32283,7.84218,0,0,0
Daniyal,3847,1771513217143,-0.26201,5.32283,7.84218,0,0,0
Daniyal,3848,1771513217148,-0.26201,5.32283,7.84218,0,0,0
Daniyal,3849,1771513217156,-0.26201,5.32283,7.84218,0,0,0
Daniyal,3850,1771513217159,-0.26201,5.32283,7.84218,0,0,0
Daniyal,3851,1771513217162,-0.26201,5.32283,7.84218,0,0,0
Daniyal,3852,1771513217166,-0.26201,5.32283,7.84218,0,0,0
Daniyal,3853,1771513217170,-0.26201,5.32283,7.84218,0,0,0
Daniyal,3854,1771513217174,-0.26201,5.32283,7.84218,0,0,0
Daniyal,3855,1771513217181,-0.26201,5.32283,7.84218,0,0,0
Daniyal,3856,1771513217189,-0.26201,5.32283,7.84218,0,0,0
Daniyal,3857,1771513217192,-0.26201,5.32283,7.84218,0,0,0
Daniyal,3858,1771513217195,-0.26201,5.32283,7.84218,0,0,0
Daniyal,3859,1771513217198,-0.26201,5.32283,7.84218,0,0,0
Daniyal,3860,1771513217201,-0.26201,5.32283,7.84218,0,0,0
Daniyal,3861,1771513217205,-0.26201,5.32283,7.84218,0,0,0
Daniyal,3862,1771513217208,-0.26201,5.32283,7.84218,0,0,0
Daniyal,3863,1771513217213,-0.26201,5.32283,7.84218,0,0,0
Daniyal,3864,1771513217219,-0.26201,5.32283,7.84218,0,0,0
Daniyal,3865,1771513217226,-0.26201,5.32283,7.84218,0,0,0
Daniyal,3866,1771513217229,-0.26201,5.32283,7.84218,0,0,0
Daniyal,3867,1771513217232,-0.26201,5.32283,7.84218,0,0,0
Daniyal,3868,1771513217235,-0.26201,5.32283,7.84218,0,0,0
Daniyal,3869,1771513217238,-0.26201,5.32283,7.84218,0,0,0
Daniyal,3870,1771513217241,-0.26201,5.32283,7.84218,0,0,0
Daniyal,3871,1771513217245,-0.26201,5.32283,7.84218,0,0,0
Daniyal,3872,1771513217249,-0.26201,5.32283,7.84218,0,0,0
Daniyal,3873,1771513217252,-0.26201,5.32283,7.84218,0,0,0
Daniyal,3874,1771513217254,-0.26201,5.32283,7.84218,0,0,0
Daniyal,3875,1771513217257,-0.26201,5.32283,7.84218,0,0,0
Daniyal,3876,1771513217263,-0.26201,5.32283,7.84218,0,0,0
Daniyal,3877,1771513217267,-0.26201,5.32283,7.84218,0,0,0
Daniyal,3878,1771513217270,-0.26201,5.32283,7.84218,0,0,0
Daniyal,3879,1771513217273,-0.26201,5.32283,7.84218,0,0,0
Daniyal,3880,1771513217276,-0.26201,5.32283,7.84218,0,0,0
Daniyal,3881,1771513217280,-0.26201,5.32283,7.84218,0,0,0
Daniyal,3882,1771513217283,-0.26201,5.32283,7.84218,0,0,0
Daniyal,3883,1771513217286,-0.26201,5.32283,7.84218,0,0,0
Daniyal,3884,1771513217291,-0.26201,5.32283,7.84218,0,0,0
Daniyal,3885,1771513217298,-0.26201,5.32283,7.84218,0,0,0
Daniyal,3886,1771513217302,-0.26201,5.32283,7.84218,0,0,0
Daniyal,3887,1771513217306,-0.26201,5.32283,7.84218,0,0,0
Daniyal,3888,1771513217310,-0.26201,5.32283,7.84218,0,0,0
Daniyal,3889,1771513217313,-0.26201,5.32283,7.84218,0,0,0
Daniyal,3890,1771513217316,-0.26201,5.32283,7.84218,0,0,0
Daniyal,3891,1771513217321,-0.26201,5.32283,7.84218,0,0,0
Daniyal,3892,1771513217325,-0.26201,5.32283,7.84218,0,0,0
Daniyal,3893,1771513217331,-0.26201,5.32283,7.84218,0,0,0
Daniyal,3894,1771513217333,-0.26201,5.32283,7.84218,0,0,0
Daniyal,3895,1771513217337,-0.26201,5.32283,7.84218,0,0,0
Daniyal,3896,1771513217339,-0.26201,5.32283,7.84218,0,0,0
Daniyal,3897,1771513217342,-0.26201,5.32283,7.84218,0,0,0
Daniyal,3898,1771513217346,-0.26201,5.32283,7.84218,0,0,0
Daniyal,3899,1771513217349,-0.26201,5.32283,7.84218,0,0,0
Daniyal,3900,1771513217353,-0.26201,5.32283,7.84218,0,0,0
Daniyal,3901,1771513217358,-0.26201,5.32283,7.84218,0,0,0
Daniyal,3902,1771513217365,-0.26201,5.32283,7.84218,0,0,0
Daniyal,3903,1771513217368,-0.26201,5.32283,7.84218,0,0,0
Daniyal,3904,1771513217371,-0.26201,5.32283,7.84218,0,0,0
Daniyal,3905,1771513217374,-0.26201,5.32283,7.84218,0,0,0
Daniyal,3906,1771513217377,-0.26201,5.32283,7.84218,0,0,0
Daniyal,3907,1771513217382,-0.26201,5.32283,7.84218,0,0,0
Daniyal,3908,1771513217386,-0.26201,5.32283,7.84218,0,0,0
Daniyal,3909,1771513217390,-0.26201,5.32283,7.84218,0,0,0
Daniyal,3910,1771513217395,-0.26201,5.32283,7.84218,0,0,0
Daniyal,3911,1771513217399,-0.26201,5.32283,7.84218,0,0,0
Daniyal,3912,1771513217406,-0.26201,5.32283,7.84218,0,0,0
Daniyal,3913,1771513217408,-0.26201,5.32283,7.84218,0,0,0
Daniyal,3914,1771513217411,-0.26201,5.32283,7.84218,0,0,0
Daniyal,3915,1771513217414,-0.26201,5.32283,7.84218,0,0,0
Daniyal,3916,1771513217417,-0.26201,5.32283,7.84218,0,0,0
Daniyal,3917,1771513217420,-0.26201,5.32283,7.84218,0,0,0
Daniyal,3918,1771513217424,-0.26201,5.32283,7.84218,0,0,0
Daniyal,3919,1771513217427,-0.26201,5.32283,7.84218,0,0,0
Daniyal,3920,1771513217431,-0.26201,5.32283,7.84218,0,0,0
Daniyal,3921,1771513217434,-0.26201,5.32283,7.84218,0,0,0
Daniyal,3922,1771513217448,-0.26201,5.32283,7.84218,0,0,0
Daniyal,3923,1771513217464,-0.26201,5.32283,7.84218,0,0,0
Daniyal,3924,1771513217467,-0.26201,5.32283,7.84218,0,0,0
Daniyal,3925,1771513217470,-0.26201,5.32283,7.84218,0,0,0
Daniyal,3926,1771513217473,-0.26201,5.32283,7.84218,0,0,0
Daniyal,3927,1771513217476,-0.26201,5.32283,7.84218,0,0,0
Daniyal,3928,1771513217479,-0.26201,5.32283,7.84218,0,0,0
Daniyal,3929,1771513217482,-0.26201,5.32283,7.84218,0,0,0
Daniyal,3930,1771513217486,-0.26201,5.32283,7.84218,0,0,0
Daniyal,3931,1771513217490,-0.26201,5.32283,7.84218,0,0,0
Daniyal,3932,1771513217496,-0.26201,5.32283,7.84218,0,0,0
Daniyal,3933,1771513217499,-0.26201,5.32283,7.84218,0,0,0
Daniyal,3934,1771513217502,-0.26201,5.32283,7.84218,0,0,0
Daniyal,3935,1771513217505,-0.26201,5.32283,7.84218,0,0,0
Daniyal,3936,1771513217508,-0.26201,5.32283,7.84218,0,0,0
Daniyal,3937,1771513217511,-0.26201,5.32283,7.84218,0,0,0
Daniyal,3938,1771513217514,-0.26201,5.32283,7.84218,0,0,0
Daniyal,3939,1771513217517,-0.26201,5.32283,7.84218,0,0,0
Daniyal,3940,1771513217521,-0.26201,5.32283,7.84218,0,0,0
Daniyal,3941,1771513217524,-0.26201,5.32283,7.84218,0,0,0
Daniyal,3942,1771513217530,-0.26201,5.32283,7.84218,0,0,0
Daniyal,3943,1771513217533,-0.26201,5.32283,7.84218,0,0,0
Daniyal,3944,1771513217537,-0.26201,5.32283,7.84218,0,0,0
Daniyal,3945,1771513217540,-0.26201,5.32283,7.84218,0,0,0
Daniyal,3946,1771513217543,-0.26201,5.32283,7.84218,0,0,0
Daniyal,3947,1771513217545,-0.26201,5.32283,7.84218,0,0,0
Daniyal,3948,1771513217547,-0.26201,5.32283,7.84218,0,0,0
Daniyal,3949,1771513217550,-0.26201,5.32283,7.84218,0,0,0
Daniyal,3950,1771513217554,-0.26201,5.32283,7.84218,0,0,0
Daniyal,3951,1771513217557,-0.26201,5.32283,7.84218,0,0,0
Daniyal,3952,1771513217563,-0.26201,5.32283,7.84218,0,0,0
Daniyal,3953,1771513217566,-0.26201,5.32283,7.84218,0,0,0
Daniyal,3954,1771513217569,-0.26201,5.32283,7.84218,0,0,0
Daniyal,3955,1771513217572,-0.26201,5.32283,7.84218,0,0,0
Daniyal,3956,1771513217575,-0.26201,5.32283,7.84218,0,0,0
Daniyal,3957,1771513217578,-0.26201,5.32283,7.84218,0,0,0
Daniyal,3958,1771513217581,-0.26201,5.32283,7.84218,0,0,0
Daniyal,3959,1771513217584,-0.26201,5.32283,7.84218,0,0,0
Daniyal,3960,1771513217588,-0.26201,5.32283,7.84218,0,0,0
Daniyal,3961,1771513217593,-0.26201,5.32283,7.84218,0,0,0
Daniyal,3962,1771513217597,-0.26201,5.32283,7.84218,0,0,0
Daniyal,3963,1771513217600,-0.26201,5.32283,7.84218,0,0,0
Daniyal,3964,1771513217603,-0.26201,5.32283,7.84218,0,0,0
Daniyal,3965,1771513217606,-0.26201,5.32283,7.84218,0,0,0
Daniyal,3966,1771513217609,-0.26201,5.32283,7.84218,0,0,0
Daniyal,3967,1771513217613,-0.26201,5.32283,7.84218,0,0,0
Daniyal,3968,1771513217616,-0.26201,5.32283,7.84218,0,0,0
Daniyal,3969,1771513217623,-0.26201,5.32283,7.84218,0,0,0
Daniyal,3970,1771513217626,-0.26201,5.32283,7.84218,0,0,0
Daniyal,3971,1771513217629,-0.26201,5.32283,7.84218,0,0,0
Daniyal,3972,1771513217632,-0.26201,5.32283,7.84218,0,0,0
Daniyal,3973,1771513217635,-0.26201,5.32283,7.84218,0,0,0
Daniyal,3974,1771513217638,-0.26201,5.32283,7.84218,0,0,0
Daniyal,3975,1771513217641,-0.26201,5.32283,7.84218,0,0,0
Daniyal,3976,1771513217644,-0.26201,5.32283,7.84218,0,0,0
Daniyal,3977,1771513217647,-0.26201,5.32283,7.84218,0,0,0
Daniyal,3978,1771513217651,-0.26201,5.32283,7.84218,0,0,0
Daniyal,3979,1771513217658,-0.26201,5.32283,7.84218,0,0,0
Daniyal,3980,1771513217661,-0.26201,5.32283,7.84218,0,0,0
Daniyal,3981,1771513217664,-0.26201,5.32283,7.84218,0,0,0
Daniyal,3982,1771513217666,-0.26201,5.32283,7.84218,0,0,0
Daniyal,3983,1771513217669,-0.26201,5.32283,7.84218,0,0,0
Daniyal,3984,1771513217672,-0.26201,5.32283,7.84218,0,0,0
Daniyal,3985,1771513217675,-0.26201,5.32283,7.84218,0,0,0
Daniyal,3986,1771513217678,-0.26201,5.32283,7.84218,0,0,0
Daniyal,3987,1771513217682,-0.26201,5.32283,7.84218,0,0,0
Daniyal,3988,1771513217686,-0.26201,5.32283,7.84218,0,0,0
Daniyal,3989,1771513217692,-0.26201,5.32283,7.84218,0,0,0
Daniyal,3990,1771513217695,-0.26201,5.32283,7.84218,0,0,0
Daniyal,3991,1771513217698,-0.26201,5.32283,7.84218,0,0,0
Daniyal,3992,1771513217701,-0.26201,5.32283,7.84218,0,0,0
Daniyal,3993,1771513217704,-0.26201,5.32283,7.84218,0,0,0
Daniyal,3994,1771513217707,-0.26201,5.32283,7.84218,0,0,0
Daniyal,3995,1771513217710,-0.26201,5.32283,7.84218,0,0,0
Daniyal,3996,1771513217717,-0.26201,5.32283,7.84218,0,0,0
Daniyal,3997,1771513217720,-0.26201,5.32283,7.84218,0,0,0
Daniyal,3998,1771513217724,-0.26201,5.32283,7.84218,0,0,0
Daniyal,3999,1771513217727,-0.26201,5.32283,7.84218,0,0,0
Daniyal,4000,1771513217730,-0.26201,5.32283,7.84218,0,0,0
Daniyal,4001,1771513217733,-0.26201,5.32283,7.84218,0,0,0
Daniyal,4002,1771513217737,-0.26201,5.32283,7.84218,0,0,0
Daniyal,4003,1771513217741,-0.26201,5.32283,7.84218,0,0,0
Daniyal,4004,1771513217745,-0.26201,5.32283,7.84218,0,0,0
Daniyal,4005,1771513217751,-0.26201,5.32283,7.84218,0,0,0
Daniyal,4006,1771513217754,-0.26201,5.32283,7.84218,0,0,0
Daniyal,4007,1771513217757,-0.26201,5.32283,7.84218,0,0,0
Daniyal,4008,1771513217761,-0.26201,5.32283,7.84218,0,0,0
Daniyal,4009,1771513217764,-0.26201,5.32283,7.84218,0,0,0
Daniyal,4010,1771513217767,-0.26201,5.32283,7.84218,0,0,0
Daniyal,4011,1771513217771,-0.26201,5.32283,7.84218,0,0,0
Daniyal,4012,1771513217774,-0.26201,5.32283,7.84218,0,0,0
Daniyal,4013,1771513217779,-0.26201,5.32283,7.84218,0,0,0
Daniyal,4014,1771513217783,-0.26201,5.32283,7.84218,0,0,0
Daniyal,4015,1771513217792,-0.26201,5.32283,7.84218,0,0,0
Daniyal,4016,1771513217795,-0.26201,5.32283,7.84218,0,0,0
Daniyal,4017,1771513217799,-0.26201,5.32283,7.84218,0,0,0
Daniyal,4018,1771513217802,-0.26201,5.32283,7.84218,0,0,0
Daniyal,4019,1771513217805,-0.26201,5.32283,7.84218,0,0,0
Daniyal,4020,1771513217808,-0.26201,5.32283,7.84218,0,0,0
Daniyal,4021,1771513217811,-0.26201,5.32283,7.84218,0,0,0
Daniyal,4022,1771513217815,-0.26201,5.32283,7.84218,0,0,0
Daniyal,4023,1771513217821,-0.26201,5.32283,7.84218,0,0,0
Daniyal,4024,1771513217824,-0.26201,5.32283,7.84218,0,0,0
Daniyal,4025,1771513217830,-0.26201,5.32283,7.84218,0,0,0
Daniyal,4026,1771513217833,-0.26201,5.32283,7.84218,0,0,0
Daniyal,4027,1771513217836,-0.26201,5.32283,7.84218,0,0,0
Daniyal,4028,1771513217839,-0.26201,5.32283,7.84218,0,0,0
Daniyal,4029,1771513217842,-0.26201,5.32283,7.84218,0,0,0
Daniyal,4030,1771513217845,-0.26201,5.32283,7.84218,0,0,0
Daniyal,4031,1771513217848,-0.26201,5.32283,7.84218,0,0,0
Daniyal,4032,1771513217852,-0.26201,5.32283,7.84218,0,0,0
Daniyal,4033,1771513217856,-0.26201,5.32283,7.84218,0,0,0
Daniyal,4034,1771513217860,-0.26201,5.32283,7.84218,0,0,0
Daniyal,4035,1771513217868,-0.26201,5.32283,7.84218,0,0,0
Daniyal,4036,1771513217871,-0.26201,5.32283,7.84218,0,0,0
Daniyal,4037,1771513217874,-0.26201,5.32283,7.84218,0,0,0
Daniyal,4038,1771513217878,-0.26201,5.32283,7.84218,0,0,0
Daniyal,4039,1771513217881,-0.26201,5.32283,7.84218,0,0,0
Daniyal,4040,1771513217884,-0.26201,5.32283,7.84218,0,0,0
Daniyal,4041,1771513217888,-0.26201,5.32283,7.84218,0,0,0
Daniyal,4042,1771513217891,-0.26201,5.32283,7.84218,0,0,0
Daniyal,4043,1771513217896,-0.26201,5.32283,7.84218,0,0,0
Daniyal,4044,1771513217900,-0.26201,5.32283,7.84218,0,0,0
Daniyal,4045,1771513217907,-0.26201,5.32283,7.84218,0,0,0
Daniyal,4046,1771513217910,-0.26201,5.32283,7.84218,0,0,0
Daniyal,4047,1771513217913,-0.26201,5.32283,7.84218,0,0,0
Daniyal,4048,1771513217916,-0.26201,5.32283,7.84218,0,0,0
Daniyal,4049,1771513217920,-0.26201,5.32283,7.84218,0,0,0
Daniyal,4050,1771513217923,-0.26201,5.32283,7.84218,0,0,0
Daniyal,4051,1771513217926,-0.26201,5.32283,7.84218,0,0,0
Daniyal,4052,1771513217929,-0.26201,5.32283,7.84218,0,0,0
Daniyal,4053,1771513217934,-0.26201,5.32283,7.84218,0,0,0
Daniyal,4054,1771513217940,-0.26201,5.32283,7.84218,0,0,0
Daniyal,4055,1771513217946,-0.26201,5.32283,7.84218,0,0,0
Daniyal,4056,1771513217950,-0.26201,5.32283,7.84218,0,0,0
Daniyal,4057,1771513217953,-0.26201,5.32283,7.84218,0,0,0
Daniyal,4058,1771513217957,-0.26201,5.32283,7.84218,0,0,0
Daniyal,4059,1771513217960,-0.26201,5.32283,7.84218,0,0,0
Daniyal,4060,1771513217963,-0.26201,5.32283,7.84218,0,0,0
Daniyal,4061,1771513217967,-0.26201,5.32283,7.84218,0,0,0
Daniyal,4062,1771513217970,-0.26201,5.32283,7.84218,0,0,0
Daniyal,4063,1771513217974,-0.26201,5.32283,7.84218,0,0,0
Daniyal,4064,1771513217978,-0.26201,5.32283,7.84218,0,0,0
Daniyal,4065,1771513217982,-0.26201,5.32283,7.84218,0,0,0
Daniyal,4066,1771513217989,-0.26201,5.32283,7.84218,0,0,0
Daniyal,4067,1771513217992,-0.26201,5.32283,7.84218,0,0,0
Daniyal,4068,1771513217995,-0.26201,5.32283,7.84218,0,0,0
Daniyal,4069,1771513217998,-0.26201,5.32283,7.84218,0,0,0
Daniyal,4070,1771513218001,-0.26201,5.32283,7.84218,0,0,0
Daniyal,4071,1771513218004,-0.26201,5.32283,7.84218,0,0,0
Daniyal,4072,1771513218007,-0.26201,5.32283,7.84218,0,0,0
Daniyal,4073,1771513218012,-0.26201,5.32283,7.84218,0,0,0
Daniyal,4074,1771513218016,-0.26201,5.32283,7.84218,0,0,0
Daniyal,4075,1771513218024,-0.26201,5.32283,7.84218,0,0,0
Daniyal,4076,1771513218028,-0.26201,5.32283,7.84218,0,0,0
Daniyal,4077,1771513218031,-0.26201,5.32283,7.84218,0,0,0
Daniyal,4078,1771513218034,-0.26201,5.32283,7.84218,0,0,0
Daniyal,4079,1771513218038,-0.26201,5.32283,7.84218,0,0,0
Daniyal,4080,1771513218042,-0.26201,5.32283,7.84218,0,0,0
Daniyal,4081,1771513218046,-0.26201,5.32283,7.84218,0,0,0
Daniyal,4082,1771513218051,-0.26201,5.32283,7.84218,0,0,0
Daniyal,4083,1771513218056,-0.26201,5.32283,7.84218,0,0,0
Daniyal,4084,1771513218060,-0.26201,5.32283,7.84218,0,0,0
Daniyal,4085,1771513218067,-0.26201,5.32283,7.84218,0,0,0
Daniyal,4086,1771513218072,-0.26201,5.32283,7.84218,0,0,0
Daniyal,4087,1771513218074,-0.26201,5.32283,7.84218,0,0,0
Daniyal,4088,1771513218078,-0.26201,5.32283,7.84218,0,0,0
Daniyal,4089,1771513218081,-0.26201,5.32283,7.84218,0,0,0
Daniyal,4090,1771513218084,-0.26201,5.32283,7.84218,0,0,0
Daniyal,4091,1771513218088,-0.26201,5.32283,7.84218,0,0,0
Daniyal,4092,1771513218095,-0.26201,5.32283,7.84218,0,0,0
Daniyal,4093,1771513218098,-0.26201,5.32283,7.84218,0,0,0
Daniyal,4094,1771513218102,-0.26201,5.32283,7.84218,0,0,0
Daniyal,4095,1771513218105,-0.26201,5.32283,7.84218,0,0,0
Daniyal,4096,1771513218109,-0.26201,5.32283,7.84218,0,0,0
Daniyal,4097,1771513218112,-0.26201,5.32283,7.84218,0,0,0
Daniyal,4098,1771513218116,-0.26201,5.32283,7.84218,0,0,0
Daniyal,4099,1771513218120,-0.26201,5.32283,7.84218,0,0,0
Daniyal,4100,1771513218124,-0.26201,5.32283,7.84218,0,0,0
Daniyal,4101,1771513218130,-0.26201,5.32283,7.84218,0,0,0
Daniyal,4102,1771513218133,-0.26201,5.32283,7.84218,0,0,0
Daniyal,4103,1771513218136,-0.26201,5.32283,7.84218,0,0,0
Daniyal,4104,1771513218139,-0.26201,5.32283,7.84218,0,0,0
Daniyal,4105,1771513218142,-0.26201,5.32283,7.84218,0,0,0
Daniyal,4106,1771513218145,-0.26201,5.32283,7.84218,0,0,0
Daniyal,4107,1771513218149,-0.26201,5.32283,7.84218,0,0,0
Daniyal,4108,1771513218153,-0.26201,5.32283,7.84218,0,0,0
Daniyal,4109,1771513218159,-0.26201,5.32283,7.84218,0,0,0
Daniyal,4110,1771513218163,-0.26201,5.32283,7.84218,0,0,0
Daniyal,4111,1771513218167,-0.26201,5.32283,7.84218,0,0,0
Daniyal,4112,1771513218170,-0.26201,5.32283,7.84218,0,0,0
Daniyal,4113,1771513218174,-0.26201,5.32283,7.84218,0,0,0
Daniyal,4114,1771513218178,-0.26201,5.32283,7.84218,0,0,0
Daniyal,4115,1771513218182,-0.26201,5.32283,7.84218,0,0,0
Daniyal,4116,1771513218186,-0.26201,5.32283,7.84218,0,0,0
Daniyal,4117,1771513218190,-0.26201,5.32283,7.84218,0,0,0
Daniyal,4118,1771513218193,-0.26201,5.32283,7.84218,0,0,0
Daniyal,4119,1771513218196,-0.26201,5.32283,7.84218,0,0,0
Daniyal,4120,1771513218203,-0.26201,5.32283,7.84218,0,0,0
Daniyal,4121,1771513218206,-0.26201,5.32283,7.84218,0,0,0
Daniyal,4122,1771513218209,-0.26201,5.32283,7.84218,0,0,0
Daniyal,4123,1771513218212,-0.26201,5.32283,7.84218,0,0,0
Daniyal,4124,1771513218215,-0.26201,5.32283,7.84218,0,0,0
Daniyal,4125,1771513218219,-0.26201,5.32283,7.84218,0,0,0
Daniyal,4126,1771513218223,-0.26201,5.32283,7.84218,0,0,0
Daniyal,4127,1771513218226,-0.26201,5.32283,7.84218,0,0,0
Daniyal,4128,1771513218233,-0.26201,5.32283,7.84218,0,0,0
Daniyal,4129,1771513218237,-0.26201,5.32283,7.84218,0,0,0
Daniyal,4130,1771513218240,-0.26201,5.32283,7.84218,0,0,0
Daniyal,4131,1771513218244,-0.26201,5.32283,7.84218,0,0,0
Daniyal,4132,1771513218247,-0.26201,5.32283,7.84218,0,0,0
Daniyal,4133,1771513218251,-0.26201,5.32283,7.84218,0,0,0
Daniyal,4134,1771513218254,-0.26201,5.32283,7.84218,0,0,0
Daniyal,4135,1771513218258,-0.26201,5.32283,7.84218,0,0,0
Daniyal,4136,1771513218263,-0.26201,5.32283,7.84218,0,0,0
Daniyal,4137,1771513218269,-0.26201,5.32283,7.84218,0,0,0
Daniyal,4138,1771513218272,-0.26201,5.32283,7.84218,0,0,0
Daniyal,4139,1771513218275,-0.26201,5.32283,7.84218,0,0,0
Daniyal,4140,1771513218282,-0.26201,5.32283,7.84218,0,0,0
Daniyal,4141,1771513218286,-0.26201,5.32283,7.84218,0,0,0
Daniyal,4142,1771513218292,-0.26201,5.32283,7.84218,0,0,0
Daniyal,4143,1771513218296,-0.26201,5.32283,7.84218,0,0,0
Daniyal,4144,1771513218302,-0.26201,5.32283,7.84218,0,0,0
Daniyal,4145,1771513218305,-0.26201,5.32283,7.84218,0,0,0
Daniyal,4146,1771513218308,-0.26201,5.32283,7.84218,0,0,0
Daniyal,4147,1771513218312,-0.26201,5.32283,7.84218,0,0,0
Daniyal,4148,1771513218315,-0.26201,5.32283,7.84218,0,0,0
Daniyal,4149,1771513218318,-0.26201,5.32283,7.84218,0,0,0
Daniyal,4150,1771513218322,-0.26201,5.32283,7.84218,0,0,0
Daniyal,4151,1771513218325,-0.26201,5.32283,7.84218,0,0,0
Daniyal,4152,1771513218329,-0.26201,5.32283,7.84218,0,0,0
Daniyal,4153,1771513218333,-0.26201,5.32283,7.84218,0,0,0
Daniyal,4154,1771513218340,-0.26201,5.32283,7.84218,0,0,0
Daniyal,4155,1771513218343,-0.26201,5.32283,7.84218,0,0,0
Daniyal,4156,1771513218346,-0.26201,5.32283,7.84218,0,0,0
Daniyal,4157,1771513218349,-0.26201,5.32283,7.84218,0,0,0
Daniyal,4158,1771513218352,-0.26201,5.32283,7.84218,0,0,0
Daniyal,4159,1771513218355,-0.26201,5.32283,7.84218,0,0,0
Daniyal,4160,1771513218360,-0.26201,5.32283,7.84218,0,0,0
Daniyal,4161,1771513218366,-0.26201,5.32283,7.84218,0,0,0
Daniyal,4162,1771513218370,-0.26201,5.32283,7.84218,0,0,0
Daniyal,4163,1771513218373,-0.26201,5.32283,7.84218,0,0,0
Daniyal,4164,1771513218376,-0.26201,5.32283,7.84218,0,0,0
Daniyal,4165,1771513218380,-0.26201,5.32283,7.84218,0,0,0
Daniyal,4166,1771513218384,-0.26201,5.32283,7.84218,0,0,0
Daniyal,4167,1771513218388,-0.26201,5.32283,7.84218,0,0,0
Daniyal,4168,1771513218393,-0.26201,5.32283,7.84218,0,0,0
Daniyal,4169,1771513218396,-0.26201,5.32283,7.84218,0,0,0
Daniyal,4170,1771513218403,-0.26201,5.32283,7.84218,0,0,0
Daniyal,4171,1771513218406,-0.26201,5.32283,7.84218,0,0,0
Daniyal,4172,1771513218409,-0.26201,5.32283,7.84218,0,0,0
Daniyal,4173,1771513218412,-0.26201,5.32283,7.84218,0,0,0
Daniyal,4174,1771513218415,-0.26201,5.32283,7.84218,0,0,0
Daniyal,4175,1771513218418,-0.26201,5.32283,7.84218,0,0,0
Daniyal,4176,1771513218422,-0.26201,5.32283,7.84218,0,0,0
Daniyal,4177,1771513218426,-0.26201,5.32283,7.84218,0,0,0
Daniyal,4178,1771513218429,-0.26201,5.32283,7.84218,0,0,0
Daniyal,4179,1771513218436,-0.26201,5.32283,7.84218,0,0,0
Daniyal,4180,1771513218440,-0.26201,5.32283,7.84218,0,0,0
Daniyal,4181,1771513218443,-0.26201,5.32283,7.84218,0,0,0
Daniyal,4182,1771513218447,-0.26201,5.32283,7.84218,0,0,0
Daniyal,4183,1771513218450,-0.26201,5.32283,7.84218,0,0,0
Daniyal,4184,1771513218454,-0.26201,5.32283,7.84218,0,0,0
Daniyal,4185,1771513218458,-0.26201,5.32283,7.84218,0,0,0
Daniyal,4186,1771513218461,-0.26201,5.32283,7.84218,0,0,0
Daniyal,4187,1771513218465,-0.26201,5.32283,7.84218,0,0,0
Daniyal,4188,1771513218473,-0.26201,5.32283,7.84218,0,0,0
Daniyal,4189,1771513218477,-0.26201,5.32283,7.84218,0,0,0
Daniyal,4190,1771513218480,-0.26201,5.32283,7.84218,0,0,0
Daniyal,4191,1771513218483,-0.26201,5.32283,7.84218,0,0,0
Daniyal,4192,1771513218486,-0.26201,5.32283,7.84218,0,0,0
Daniyal,4193,1771513218489,-0.26201,5.32283,7.84218,0,0,0
Daniyal,4194,1771513218493,-0.26201,5.32283,7.84218,0,0,0
Daniyal,4195,1771513218498,-0.26201,5.32283,7.84218,0,0,0
Daniyal,4196,1771513218505,-0.26201,5.32283,7.84218,0,0,0
Daniyal,4197,1771513218509,-0.26201,5.32283,7.84218,0,0,0
Daniyal,4198,1771513218512,-0.26201,5.32283,7.84218,0,0,0
Daniyal,4199,1771513218515,-0.26201,5.32283,7.84218,0,0,0
Daniyal,4200,1771513218519,-0.26201,5.32283,7.84218,0,0,0
Daniyal,4201,1771513218522,-0.26201,5.32283,7.84218,0,0,0
Daniyal,4202,1771513218528,-0.26201,5.32283,7.84218,0,0,0
Daniyal,4203,1771513218532,-0.26201,5.32283,7.84218,0,0,0
Daniyal,4204,1771513218539,-0.26201,5.32283,7.84218,0,0,0
Daniyal,4205,1771513218541,-0.26201,5.32283,7.84218,0,0,0
Daniyal,4206,1771513218544,-0.26201,5.32283,7.84218,0,0,0
Daniyal,4207,1771513218547,-0.26201,5.32283,7.84218,0,0,0
Daniyal,4208,1771513218550,-0.26201,5.32283,7.84218,0,0,0
Daniyal,4209,1771513218553,-0.26201,5.32283,7.84218,0,0,0
Daniyal,4210,1771513218555,-0.26201,5.32283,7.84218,0,0,0
Daniyal,4211,1771513218559,-0.26201,5.32283,7.84218,0,0,0
Daniyal,4212,1771513218562,-0.26201,5.32283,7.84218,0,0,0
Daniyal,4213,1771513218569,-0.26201,5.32283,7.84218,0,0,0
Daniyal,4214,1771513218572,-0.26201,5.32283,7.84218,0,0,0
Daniyal,4215,1771513218575,-0.26201,5.32283,7.84218,0,0,0
Daniyal,4216,1771513218579,-0.26201,5.32283,7.84218,0,0,0
Daniyal,4217,1771513218583,-0.26201,5.32283,7.84218,0,0,0
Daniyal,4218,1771513218586,-0.26201,5.32283,7.84218,0,0,0
Daniyal,4219,1771513218592,-0.26201,5.32283,7.84218,0,0,0
Daniyal,4220,1771513218596,-0.26201,5.32283,7.84218,0,0,0
Daniyal,4221,1771513218603,-0.26201,5.32283,7.84218,0,0,0
Daniyal,4222,1771513218607,-0.26201,5.32283,7.84218,0,0,0
Daniyal,4223,1771513218610,-0.26201,5.32283,7.84218,0,0,0
Daniyal,4224,1771513218613,-0.26201,5.32283,7.84218,0,0,0
Daniyal,4225,1771513218616,-0.26201,5.32283,7.84218,0,0,0
Daniyal,4226,1771513218619,-0.26201,5.32283,7.84218,0,0,0
Daniyal,4227,1771513218623,-0.26201,5.32283,7.84218,0,0,0
Daniyal,4228,1771513218626,-0.26201,5.32283,7.84218,0,0,0
Daniyal,4229,1771513218631,-0.26201,5.32283,7.84218,0,0,0
Daniyal,4230,1771513218635,-0.26201,5.32283,7.84218,0,0,0
Daniyal,4231,1771513218642,-0.26201,5.32283,7.84218,0,0,0
Daniyal,4232,1771513218646,-0.26201,5.32283,7.84218,0,0,0
Daniyal,4233,1771513218650,-0.26201,5.32283,7.84218,0,0,0
Daniyal,4234,1771513218654,-0.26201,5.32283,7.84218,0,0,0
Daniyal,4235,1771513218658,-0.26201,5.32283,7.84218,0,0,0
Daniyal,4236,1771513218662,-0.26201,5.32283,7.84218,0,0,0
Daniyal,4237,1771513218666,-0.26201,5.32283,7.84218,0,0,0
Daniyal,4238,1771513218670,-0.26201,5.32283,7.84218,0,0,0
Daniyal,4239,1771513218674,-0.26201,5.32283,7.84218,0,0,0
Daniyal,4240,1771513218677,-0.26201,5.32283,7.84218,0,0,0
Daniyal,4241,1771513218682,-0.26201,5.32283,7.84218,0,0,0
Daniyal,4242,1771513218689,-0.26201,5.32283,7.84218,0,0,0
Daniyal,4243,1771513218692,-0.26201,5.32283,7.84218,0,0,0
Daniyal,4244,1771513218696,-0.26201,5.32283,7.84218,0,0,0
Daniyal,4245,1771513218699,-0.26201,5.32283,7.84218,0,0,0
Daniyal,4246,1771513218831,-0.26201,5.32283,7.84218,0,0,0
Daniyal,4247,1771513218834,-0.26201,5.32283,7.84218,0,0,0
Daniyal,4248,1771513218838,-0.26201,5.32283,7.84218,0,0,0
Daniyal,4249,1771513218841,-0.26201,5.32283,7.84218,0,0,0
Daniyal,4250,1771513218844,-0.26201,5.32283,7.84218,0,0,0
Daniyal,4251,1771513218851,-0.26201,5.32283,7.84218,0,0,0
Daniyal,4252,1771513218854,-0.26201,5.32283,7.84218,0,0,0
Daniyal,4253,1771513218857,-0.26201,5.32283,7.84218,0,0,0
Daniyal,4254,1771513218861,-0.26201,5.32283,7.84218,0,0,0
Daniyal,4255,1771513218864,-0.26201,5.32283,7.84218,0,0,0
Daniyal,4256,1771513218867,-0.26201,5.32283,7.84218,0,0,0
Daniyal,4257,1771513218872,-0.26201,5.32283,7.84218,0,0,0
Daniyal,4258,1771513218876,-0.26201,5.32283,7.84218,0,0,0
Daniyal,4259,1771513218882,-0.26201,5.32283,7.84218,0,0,0
Daniyal,4260,1771513218885,-0.26201,5.32283,7.84218,0,0,0
Daniyal,4261,1771513218888,-0.26201,5.32283,7.84218,0,0,0
Daniyal,4262,1771513218891,-0.26201,5.32283,7.84218,0,0,0
Daniyal,4263,1771513218894,-0.26201,5.32283,7.84218,0,0,0
Daniyal,4264,1771513218897,-0.26201,5.32283,7.84218,0,0,0
Daniyal,4265,1771513218900,-0.26201,5.32283,7.84218,0,0,0
Daniyal,4266,1771513218904,-0.26201,5.32283,7.84218,0,0,0
Daniyal,4267,1771513218910,-0.26201,5.32283,7.84218,0,0,0
Daniyal,4268,1771513218913,-0.26201,5.32283,7.84218,0,0,0
Daniyal,4269,1771513218917,-0.26201,5.32283,7.84218,0,0,0
Daniyal,4270,1771513218920,-0.26201,5.32283,7.84218,0,0,0
Daniyal,4271,1771513218922,-0.26201,5.32283,7.84218,0,0,0
Daniyal,4272,1771513218924,-0.26201,5.32283,7.84218,0,0,0
Daniyal,4273,1771513218928,-0.26201,5.32283,7.84218,0,0,0
Daniyal,4274,1771513218932,-0.26201,5.32283,7.84218,0,0,0
Daniyal,4275,1771513218935,-0.26201,5.32283,7.84218,0,0,0
Daniyal,4276,1771513218942,-0.26201,5.32283,7.84218,0,0,0
Daniyal,4277,1771513218945,-0.26201,5.32283,7.84218,0,0,0
Daniyal,4278,1771513218948,-0.26201,5.32283,7.84218,0,0,0
Daniyal,4279,1771513218951,-0.26201,5.32283,7.84218,0,0,0
Daniyal,4280,1771513218953,-0.26201,5.32283,7.84218,0,0,0
Daniyal,4281,1771513218957,-0.26201,5.32283,7.84218,0,0,0
Daniyal,4282,1771513218960,-0.26201,5.32283,7.84218,0,0,0
Daniyal,4283,1771513218964,-0.26201,5.32283,7.84218,0,0,0
Daniyal,4284,1771513218972,-0.26201,5.32283,7.84218,0,0,0
Daniyal,4285,1771513218977,-0.26201,5.32283,7.84218,0,0,0
Daniyal,4286,1771513218980,-0.26201,5.32283,7.84218,0,0,0
Daniyal,4287,1771513218984,-0.26201,5.32283,7.84218,0,0,0
Daniyal,4288,1771513218987,-0.26201,5.32283,7.84218,0,0,0
Daniyal,4289,1771513218991,-0.26201,5.32283,7.84218,0,0,0
Daniyal,4290,1771513218994,-0.26201,5.32283,7.84218,0,0,0
Daniyal,4291,1771513218997,-0.26201,5.32283,7.84218,0,0,0
Daniyal,4292,1771513219001,-0.26201,5.32283,7.84218,0,0,0
Daniyal,4293,1771513219005,-0.26201,5.32283,7.84218,0,0,0
Daniyal,4294,1771513219011,-0.26201,5.32283,7.84218,0,0,0
Daniyal,4295,1771513219014,-0.26201,5.32283,7.84218,0,0,0
Daniyal,4296,1771513219017,-0.26201,5.32283,7.84218,0,0,0
Daniyal,4297,1771513219020,-0.26201,5.32283,7.84218,0,0,0
Daniyal,4298,1771513219023,-0.26201,5.32283,7.84218,0,0,0
Daniyal,4299,1771513219026,-0.26201,5.32283,7.84218,0,0,0
Daniyal,4300,1771513219030,-0.26201,5.32283,7.84218,0,0,0
Daniyal,4301,1771513219034,-0.26201,5.32283,7.84218,0,0,0
Daniyal,4302,1771513219041,-0.26201,5.32283,7.84218,0,0,0
Daniyal,4303,1771513219045,-0.26201,5.32283,7.84218,0,0,0
Daniyal,4304,1771513219049,-0.26201,5.32283,7.84218,0,0,0
Daniyal,4305,1771513219052,-0.26201,5.32283,7.84218,0,0,0
Daniyal,4306,1771513219056,-0.26201,5.32283,7.84218,0,0,0
Daniyal,4307,1771513219059,-0.26201,5.32283,7.84218,0,0,0
Daniyal,4308,1771513219062,-0.26201,5.32283,7.84218,0,0,0
Daniyal,4309,1771513219066,-0.26201,5.32283,7.84218,0,0,0
Daniyal,4310,1771513219069,-0.26201,5.32283,7.84218,0,0,0
Daniyal,4311,1771513219072,-0.26201,5.32283,7.84218,0,0,0
Daniyal,4312,1771513219076,-0.26201,5.32283,7.84218,0,0,0
Daniyal,4313,1771513219083,-0.26201,5.32283,7.84218,0,0,0
Daniyal,4314,1771513219086,-0.26201,5.32283,7.84218,0,0,0
Daniyal,4315,1771513219089,-0.26201,5.32283,7.84218,0,0,0
Daniyal,4316,1771513219092,-0.26201,5.32283,7.84218,0,0,0
Daniyal,4317,1771513219095,-0.26201,5.32283,7.84218,0,0,0
Daniyal,4318,1771513219098,-0.26201,5.32283,7.84218,0,0,0
Daniyal,4319,1771513219101,-0.26201,5.32283,7.84218,0,0,0
Daniyal,4320,1771513219105,-0.26201,5.32283,7.84218,0,0,0
Daniyal,4321,1771513219111,-0.26201,5.32283,7.84218,0,0,0
Daniyal,4322,1771513219115,-0.26201,5.32283,7.84218,0,0,0
Daniyal,4323,1771513219118,-0.26201,5.32283,7.84218,0,0,0
Daniyal,4324,1771513219121,-0.26201,5.32283,7.84218,0,0,0
Daniyal,4325,1771513219125,-0.26201,5.32283,7.84218,0,0,0
Daniyal,4326,1771513219128,-0.26201,5.32283,7.84218,0,0,0
Daniyal,4327,1771513219132,-0.26201,5.32283,7.84218,0,0,0
Daniyal,4328,1771513219137,-0.26201,5.32283,7.84218,0,0,0
Daniyal,4329,1771513219141,-0.26201,5.32283,7.84218,0,0,0
Daniyal,4330,1771513219147,-0.26201,5.32283,7.84218,0,0,0
Daniyal,4331,1771513219151,-0.26201,5.32283,7.84218,0,0,0
Daniyal,4332,1771513219153,-0.26201,5.32283,7.84218,0,0,0
Daniyal,4333,1771513219157,-0.26201,5.32283,7.84218,0,0,0
Daniyal,4334,1771513219160,-0.26201,5.32283,7.84218,0,0,0
Daniyal,4335,1771513219163,-0.26201,5.32283,7.84218,0,0,0
Daniyal,4336,1771513219167,-0.26201,5.32283,7.84218,0,0,0
Daniyal,4337,1771513219171,-0.26201,5.32283,7.84218,0,0,0
Daniyal,4338,1771513219175,-0.26201,5.32283,7.84218,0,0,0
Daniyal,4339,1771513219184,-0.26201,5.32283,7.84218,0,0,0
Daniyal,4340,1771513219187,-0.26201,5.32283,7.84218,0,0,0
Daniyal,4341,1771513219191,-0.26201,5.32283,7.84218,0,0,0
Daniyal,4342,1771513219194,-0.26201,5.32283,7.84218,0,0,0
Daniyal,4343,1771513219197,-0.26201,5.32283,7.84218,0,0,0
Daniyal,4344,1771513219201,-0.26201,5.32283,7.84218,0,0,0
Daniyal,4345,1771513219206,-0.26201,5.32283,7.84218,0,0,0
Daniyal,4346,1771513219210,-0.26201,5.32283,7.84218,0,0,0
Daniyal,4347,1771513219216,-0.26201,5.32283,7.84218,0,0,0
Daniyal,4348,1771513219219,-0.26201,5.32283,7.84218,0,0,0
Daniyal,4349,1771513219222,-0.26201,5.32283,7.84218,0,0,0
Daniyal,4350,1771513219225,-0.26201,5.32283,7.84218,0,0,0
Daniyal,4351,1771513219228,-0.26201,5.32283,7.84218,0,0,0
Daniyal,4352,1771513219231,-0.26201,5.32283,7.84218,0,0,0
Daniyal,4353,1771513219234,-0.26201,5.32283,7.84218,0,0,0
Daniyal,4354,1771513219239,-0.26201,5.32283,7.84218,0,0,0
Daniyal,4355,1771513219243,-0.26201,5.32283,7.84218,0,0,0
Daniyal,4356,1771513219251,-0.26201,5.32283,7.84218,0,0,0
Daniyal,4357,1771513219254,-0.26201,5.32283,7.84218,0,0,0
Daniyal,4358,1771513219258,-0.26201,5.32283,7.84218,0,0,0
Daniyal,4359,1771513219262,-0.26201,5.32283,7.84218,0,0,0
Daniyal,4360,1771513219266,-0.26201,5.32283,7.84218,0,0,0
Daniyal,4361,1771513219270,-0.26201,5.32283,7.84218,0,0,0
Daniyal,4362,1771513219274,-0.26201,5.32283,7.84218,0,0,0
Daniyal,4363,1771513219277,-0.26201,5.32283,7.84218,0,0,0
Daniyal,4364,1771513219280,-0.26201,5.32283,7.84218,0,0,0
Daniyal,4365,1771513219286,-0.26201,5.32283,7.84218,0,0,0
Daniyal,4366,1771513219289,-0.26201,5.32283,7.84218,0,0,0
Daniyal,4367,1771513219293,-0.26201,5.32283,7.84218,0,0,0
Daniyal,4368,1771513219296,-0.26201,5.32283,7.84218,0,0,0
Daniyal,4369,1771513219299,-0.26201,5.32283,7.84218,0,0,0
Daniyal,4370,1771513219302,-0.26201,5.32283,7.84218,0,0,0
Daniyal,4371,1771513219305,-0.26201,5.32283,7.84218,0,0,0
Daniyal,4372,1771513219310,-0.26201,5.32283,7.84218,0,0,0
Daniyal,4373,1771513219314,-0.26201,5.32283,7.84218,0,0,0
Daniyal,4374,1771513219322,-0.26201,5.32283,7.84218,0,0,0
Daniyal,4375,1771513219325,-0.26201,5.32283,7.84218,0,0,0
Daniyal,4376,1771513219329,-0.26201,5.32283,7.84218,0,0,0
Daniyal,4377,1771513219332,-0.26201,5.32283,7.84218,0,0,0
Daniyal,4378,1771513219336,-0.26201,5.32283,7.84218,0,0,0
Daniyal,4379,1771513219339,-0.26201,5.32283,7.84218,0,0,0
Daniyal,4380,1771513219343,-0.26201,5.32283,7.84218,0,0,0
Daniyal,4381,1771513219346,-0.26201,5.32283,7.84218,0,0,0
Daniyal,4382,1771513219349,-0.26201,5.32283,7.84218,0,0,0
Daniyal,4383,1771513219353,-0.26201,5.32283,7.84218,0,0,0
Daniyal,4384,1771513219359,-0.26201,5.32283,7.84218,0,0,0
Daniyal,4385,1771513219362,-0.26201,5.32283,7.84218,0,0,0
Daniyal,4386,1771513219365,-0.26201,5.32283,7.84218,0,0,0
Daniyal,4387,1771513219368,-0.26201,5.32283,7.84218,0,0,0
Daniyal,4388,1771513219371,-0.26201,5.32283,7.84218,0,0,0
Daniyal,4389,1771513219374,-0.26201,5.32283,7.84218,0,0,0
Daniyal,4390,1771513219378,-0.26201,5.32283,7.84218,0,0,0
Daniyal,4391,1771513219383,-0.26201,5.32283,7.84218,0,0,0
Daniyal,4392,1771513219387,-0.26201,5.32283,7.84218,0,0,0
Daniyal,4393,1771513219395,-0.26201,5.32283,7.84218,0,0,0
Daniyal,4394,1771513219399,-0.26201,5.32283,7.84218,0,0,0
Daniyal,4395,1771513219402,-0.26201,5.32283,7.84218,0,0,0
Daniyal,4396,1771513219406,-0.26201,5.32283,7.84218,0,0,0
Daniyal,4397,1771513219410,-0.26201,5.32283,7.84218,0,0,0
Daniyal,4398,1771513219414,-0.26201,5.32283,7.84218,0,0,0
Daniyal,4399,1771513219418,-0.26201,5.32283,7.84218,0,0,0
Daniyal,4400,1771513219423,-0.26201,5.32283,7.84218,0,0,0
Daniyal,4401,1771513219427,-0.26201,5.32283,7.84218,0,0,0
Daniyal,4402,1771513219433,-0.26201,5.32283,7.84218,0,0,0
Daniyal,4403,1771513219436,-0.26201,5.32283,7.84218,0,0,0
Daniyal,4404,1771513219439,-0.26201,5.32283,7.84218,0,0,0
Daniyal,4405,1771513219442,-0.26201,5.32283,7.84218,0,0,0
Daniyal,4406,1771513219446,-0.26201,5.32283,7.84218,0,0,0
Daniyal,4407,1771513219449,-0.26201,5.32283,7.84218,0,0,0
Daniyal,4408,1771513219453,-0.26201,5.32283,7.84218,0,0,0
Daniyal,4409,1771513219456,-0.26201,5.32283,7.84218,0,0,0
Daniyal,4410,1771513219460,-0.26201,5.32283,7.84218,0,0,0
Daniyal,4411,1771513219464,-0.26201,5.32283,7.84218,0,0,0
Daniyal,4412,1771513219472,-0.26201,5.32283,7.84218,0,0,0
Daniyal,4413,1771513219475,-0.26201,5.32283,7.84218,0,0,0
Daniyal,4414,1771513219479,-0.26201,5.32283,7.84218,0,0,0
Daniyal,4415,1771513219482,-0.26201,5.32283,7.84218,0,0,0
Daniyal,4416,1771513219486,-0.26201,5.32283,7.84218,0,0,0
Daniyal,4417,1771513219489,-0.26201,5.32283,7.84218,0,0,0
Daniyal,4418,1771513219493,-0.26201,5.32283,7.84218,0,0,0
Daniyal,4419,1771513219497,-0.26201,5.32283,7.84218,0,0,0
Daniyal,4420,1771513219501,-0.26201,5.32283,7.84218,0,0,0
Daniyal,4421,1771513219505,-0.26201,5.32283,7.84218,0,0,0
Daniyal,4422,1771513219509,-0.26201,5.32283,7.84218,0,0,0
Daniyal,4423,1771513219515,-0.26201,5.32283,7.84218,0,0,0
Daniyal,4424,1771513219518,-0.26201,5.32283,7.84218,0,0,0
Daniyal,4425,1771513219521,-0.26201,5.32283,7.84218,0,0,0
Daniyal,4426,1771513219523,-0.26201,5.32283,7.84218,0,0,0
Daniyal,4427,1771513219526,-0.26201,5.32283,7.84218,0,0,0
Daniyal,4428,1771513219529,-0.26201,5.32283,7.84218,0,0,0
Daniyal,4429,1771513219533,-0.26201,5.32283,7.84218,0,0,0
Daniyal,4430,1771513219536,-0.26201,5.32283,7.84218,0,0,0
Daniyal,4431,1771513219539,-0.26201,5.32283,7.84218,0,0,0
Daniyal,4432,1771513219544,-0.26201,5.32283,7.84218,0,0,0
Daniyal,4433,1771513219551,-0.26201,5.32283,7.84218,0,0,0
Daniyal,4434,1771513219554,-0.26201,5.32283,7.84218,0,0,0
Daniyal,4435,1771513219558,-0.26201,5.32283,7.84218,0,0,0
Daniyal,4436,1771513219561,-0.26201,5.32283,7.84218,0,0,0
Daniyal,4437,1771513219564,-0.26201,5.32283,7.84218,0,0,0
Daniyal,4438,1771513219568,-0.26201,5.32283,7.84218,0,0,0
Daniyal,4439,1771513219571,-0.26201,5.32283,7.84218,0,0,0
Daniyal,4440,1771513219574,-0.26201,5.32283,7.84218,0,0,0
Daniyal,4441,1771513219577,-0.26201,5.32283,7.84218,0,0,0
Daniyal,4442,1771513219581,-0.26201,5.32283,7.84218,0,0,0
Daniyal,4443,1771513219584,-0.26201,5.32283,7.84218,0,0,0
Daniyal,4444,1771513219591,-0.26201,5.32283,7.84218,0,0,0
Daniyal,4445,1771513219594,-0.26201,5.32283,7.84218,0,0,0
Daniyal,4446,1771513219598,-0.26201,5.32283,7.84218,0,0,0
Daniyal,4447,1771513219601,-0.26201,5.32283,7.84218,0,0,0
Daniyal,4448,1771513219605,-0.26201,5.32283,7.84218,0,0,0
Daniyal,4449,1771513219609,-0.26201,5.32283,7.84218,0,0,0
Daniyal,4450,1771513219612,-0.26201,5.32283,7.84218,0,0,0
Daniyal,4451,1771513219617,-0.26201,5.32283,7.84218,0,0,0
Daniyal,4452,1771513219621,-0.26201,5.32283,7.84218,0,0,0
Daniyal,4453,1771513219628,-0.26201,5.32283,7.84218,0,0,0
Daniyal,4454,1771513219631,-0.26201,5.32283,7.84218,0,0,0
Daniyal,4455,1771513219635,-0.26201,5.32283,7.84218,0,0,0
Daniyal,4456,1771513219638,-0.26201,5.32283,7.84218,0,0,0
Daniyal,4457,1771513219642,-0.26201,5.32283,7.84218,0,0,0
Daniyal,4458,1771513219646,-0.26201,5.32283,7.84218,0,0,0
Daniyal,4459,1771513219650,-0.26201,5.32283,7.84218,0,0,0
Daniyal,4460,1771513219654,-0.26201,5.32283,7.84218,0,0,0
Daniyal,4461,1771513219657,-0.26201,5.32283,7.84218,0,0,0
Daniyal,4462,1771513219661,-0.26201,5.32283,7.84218,0,0,0
Daniyal,4463,1771513219668,-0.26201,5.32283,7.84218,0,0,0
Daniyal,4464,1771513219671,-0.26201,5.32283,7.84218,0,0,0
Daniyal,4465,1771513219674,-0.26201,5.32283,7.84218,0,0,0
Daniyal,4466,1771513219677,-0.26201,5.32283,7.84218,0,0,0
Daniyal,4467,1771513219681,-0.26201,5.32283,7.84218,0,0,0
Daniyal,4468,1771513219685,-0.26201,5.32283,7.84218,0,0,0
Daniyal,4469,1771513219689,-0.26201,5.32283,7.84218,0,0,0
Daniyal,4470,1771513219695,-0.26201,5.32283,7.84218,0,0,0
Daniyal,4471,1771513219699,-0.26201,5.32283,7.84218,0,0,0
Daniyal,4472,1771513219703,-0.26201,5.32283,7.84218,0,0,0
Daniyal,4473,1771513219706,-0.26201,5.32283,7.84218,0,0,0
Daniyal,4474,1771513219709,-0.26201,5.32283,7.84218,0,0,0
Daniyal,4475,1771513219712,-0.26201,5.32283,7.84218,0,0,0
Daniyal,4476,1771513219716,-0.26201,5.32283,7.84218,0,0,0
Daniyal,4477,1771513219719,-0.26201,5.32283,7.84218,0,0,0
Daniyal,4478,1771513219723,-0.26201,5.32283,7.84218,0,0,0
Daniyal,4479,1771513219727,-0.26201,5.32283,7.84218,0,0,0
Daniyal,4480,1771513219733,-0.26201,5.32283,7.84218,0,0,0
Daniyal,4481,1771513219736,-0.26201,5.32283,7.84218,0,0,0
Daniyal,4482,1771513219740,-0.26201,5.32283,7.84218,0,0,0
Daniyal,4483,1771513219743,-0.26201,5.32283,7.84218,0,0,0
Daniyal,4484,1771513219747,-0.26201,5.32283,7.84218,0,0,0
Daniyal,4485,1771513219750,-0.26201,5.32283,7.84218,0,0,0
Daniyal,4486,1771513219753,-0.26201,5.32283,7.84218,0,0,0
Daniyal,4487,1771513219758,-0.26201,5.32283,7.84218,0,0,0
Daniyal,4488,1771513219762,-0.26201,5.32283,7.84218,0,0,0
Daniyal,4489,1771513219770,-0.26201,5.32283,7.84218,0,0,0
Daniyal,4490,1771513219773,-0.26201,5.32283,7.84218,0,0,0
Daniyal,4491,1771513219776,-0.26201,5.32283,7.84218,0,0,0
Daniyal,4492,1771513219780,-0.26201,5.32283,7.84218,0,0,0
Daniyal,4493,1771513219783,-0.26201,5.32283,7.84218,0,0,0
Daniyal,4494,1771513219786,-0.26201,5.32283,7.84218,0,0,0
Daniyal,4495,1771513219790,-0.26201,5.32283,7.84218,0,0,0
Daniyal,4496,1771513219794,-0.26201,5.32283,7.84218,0,0,0
Daniyal,4497,1771513219798,-0.26201,5.32283,7.84218,0,0,0
Daniyal,4498,1771513219802,-0.26201,5.32283,7.84218,0,0,0
Daniyal,4499,1771513219810,-0.26201,5.32283,7.84218,0,0,0
Daniyal,4500,1771513219813,-0.26201,5.32283,7.84218,0,0,0
Daniyal,4501,1771513219816,-0.26201,5.32283,7.84218,0,0,0
Daniyal,4502,1771513219819,-0.26201,5.32283,7.84218,0,0,0
Daniyal,4503,1771513219822,-0.26201,5.32283,7.84218,0,0,0
Daniyal,4504,1771513219825,-0.26201,5.32283,7.84218,0,0,0
Daniyal,4505,1771513219830,-0.26201,5.32283,7.84218,0,0,0
Daniyal,4506,1771513219834,-0.26201,5.32283,7.84218,0,0,0
Daniyal,4507,1771513219841,-0.26201,5.32283,7.84218,0,0,0
Daniyal,4508,1771513219845,-0.26201,5.32283,7.84218,0,0,0
Daniyal,4509,1771513219848,-0.26201,5.32283,7.84218,0,0,0
Daniyal,4510,1771513219851,-0.26201,5.32283,7.84218,0,0,0
Daniyal,4511,1771513219854,-0.26201,5.32283,7.84218,0,0,0
Daniyal,4512,1771513219858,-0.26201,5.32283,7.84218,0,0,0
Daniyal,4513,1771513219862,-0.26201,5.32283,7.84218,0,0,0
Daniyal,4514,1771513219865,-0.26201,5.32283,7.84218,0,0,0
Daniyal,4515,1771513219870,-0.26201,5.32283,7.84218,0,0,0
Daniyal,4516,1771513219878,-0.26201,5.32283,7.84218,0,0,0
Daniyal,4517,1771513219881,-0.26201,5.32283,7.84218,0,0,0
Daniyal,4518,1771513219885,-0.26201,5.32283,7.84218,0,0,0
Daniyal,4519,1771513219889,-0.26201,5.32283,7.84218,0,0,0
Daniyal,4520,1771513219892,-0.26201,5.32283,7.84218,0,0,0
Daniyal,4521,1771513219895,-0.26201,5.32283,7.84218,0,0,0
Daniyal,4522,1771513219899,-0.26201,5.32283,7.84218,0,0,0
Daniyal,4523,1771513219903,-0.26201,5.32283,7.84218,0,0,0
Daniyal,4524,1771513219907,-0.26201,5.32283,7.84218,0,0,0
Daniyal,4525,1771513219913,-0.26201,5.32283,7.84218,0,0,0
Daniyal,4526,1771513219916,-0.26201,5.32283,7.84218,0,0,0
Daniyal,4527,1771513219919,-0.26201,5.32283,7.84218,0,0,0
Daniyal,4528,1771513219923,-0.26201,5.32283,7.84218,0,0,0
Daniyal,4529,1771513219926,-0.26201,5.32283,7.84218,0,0,0
Daniyal,4530,1771513219929,-0.26201,5.32283,7.84218,0,0,0
Daniyal,4531,1771513219933,-0.26201,5.32283,7.84218,0,0,0
Daniyal,4532,1771513219938,-0.26201,5.32283,7.84218,0,0,0
Daniyal,4533,1771513219941,-0.26201,5.32283,7.84218,0,0,0
Daniyal,4534,1771513219945,-0.26201,5.32283,7.84218,0,0,0
Daniyal,4535,1771513219951,-0.26201,5.32283,7.84218,0,0,0
Daniyal,4536,1771513219954,-0.26201,5.32283,7.84218,0,0,0
Daniyal,4537,1771513219958,-0.26201,5.32283,7.84218,0,0,0
Daniyal,4538,1771513219961,-0.26201,5.32283,7.84218,0,0,0
Daniyal,4539,1771513219964,-0.26201,5.32283,7.84218,0,0,0
Daniyal,4540,1771513219967,-0.26201,5.32283,7.84218,0,0,0
Daniyal,4541,1771513219970,-0.26201,5.32283,7.84218,0,0,0
Daniyal,4542,1771513219974,-0.26201,5.32283,7.84218,0,0,0
Daniyal,4543,1771513219977,-0.26201,5.32283,7.84218,0,0,0
Daniyal,4544,1771513219984,-0.26201,5.32283,7.84218,0,0,0
Daniyal,4545,1771513219987,-0.26201,5.32283,7.84218,0,0,0
Daniyal,4546,1771513219990,-0.26201,5.32283,7.84218,0,0,0
Daniyal,4547,1771513219993,-0.26201,5.32283,7.84218,0,0,0
Daniyal,4548,1771513219997,-0.26201,5.32283,7.84218,0,0,0
Daniyal,4549,1771513220001,-0.26201,5.32283,7.84218,0,0,0
Daniyal,4550,1771513220005,-0.26201,5.32283,7.84218,0,0,0
Daniyal,4551,1771513220011,-0.26201,5.32283,7.84218,0,0,0
Daniyal,4552,1771513220015,-0.26201,5.32283,7.84218,0,0,0
Daniyal,4553,1771513220022,-0.26201,5.32283,7.84218,0,0,0
Daniyal,4554,1771513220025,-0.26201,5.32283,7.84218,0,0,0
Daniyal,4555,1771513220029,-0.26201,5.32283,7.84218,0,0,0
Daniyal,4556,1771513220032,-0.26201,5.32283,7.84218,0,0,0
Daniyal,4557,1771513220036,-0.26201,5.32283,7.84218,0,0,0
Daniyal,4558,1771513220039,-0.26201,5.32283,7.84218,0,0,0
Daniyal,4559,1771513220042,-0.26201,5.32283,7.84218,0,0,0
Daniyal,4560,1771513220046,-0.26201,5.32283,7.84218,0,0,0
Daniyal,4561,1771513220051,-0.26201,5.32283,7.84218,0,0,0
Daniyal,4562,1771513220055,-0.26201,5.32283,7.84218,0,0,0
Daniyal,4563,1771513220062,-0.26201,5.32283,7.84218,0,0,0
Daniyal,4564,1771513220066,-0.26201,5.32283,7.84218,0,0,0
Daniyal,4565,1771513220069,-0.26201,5.32283,7.84218,0,0,0
Daniyal,4566,1771513220073,-0.26201,5.32283,7.84218,0,0,0
Daniyal,4567,1771513220077,-0.26201,5.32283,7.84218,0,0,0
Daniyal,4568,1771513220081,-0.26201,5.32283,7.84218,0,0,0
Daniyal,4569,1771513220085,-0.26201,5.32283,7.84218,0,0,0
Daniyal,4570,1771513220089,-0.26201,5.32283,7.84218,0,0,0
Daniyal,4571,1771513220095,-0.26201,5.32283,7.84218,0,0,0
Daniyal,4572,1771513220099,-0.26201,5.32283,7.84218,0,0,0
Daniyal,4573,1771513220106,-0.26201,5.32283,7.84218,0,0,0
Daniyal,4574,1771513220110,-0.26201,5.32283,7.84218,0,0,0
Daniyal,4575,1771513220113,-0.26201,5.32283,7.84218,0,0,0
Daniyal,4576,1771513220116,-0.26201,5.32283,7.84218,0,0,0
Daniyal,4577,1771513220119,-0.26201,5.32283,7.84218,0,0,0
Daniyal,4578,1771513220122,-0.26201,5.32283,7.84218,0,0,0
Daniyal,4579,1771513220125,-0.26201,5.32283,7.84218,0,0,0
Daniyal,4580,1771513220129,-0.26201,5.32283,7.84218,0,0,0
Daniyal,4581,1771513220136,-0.26201,5.32283,7.84218,0,0,0
Daniyal,4582,1771513220140,-0.26201,5.32283,7.84218,0,0,0
Daniyal,4583,1771513220143,-0.26201,5.32283,7.84218,0,0,0
Daniyal,4584,1771513220146,-0.26201,5.32283,7.84218,0,0,0
Daniyal,4585,1771513220149,-0.26201,5.32283,7.84218,0,0,0
Daniyal,4586,1771513220153,-0.26201,5.32283,7.84218,0,0,0
Daniyal,4587,1771513220156,-0.26201,5.32283,7.84218,0,0,0
Daniyal,4588,1771513220160,-0.26201,5.32283,7.84218,0,0,0
Daniyal,4589,1771513220164,-0.26201,5.32283,7.84218,0,0,0
Daniyal,4590,1771513220167,-0.26201,5.32283,7.84218,0,0,0
Daniyal,4591,1771513220171,-0.26201,5.32283,7.84218,0,0,0
Daniyal,4592,1771513220177,-0.26201,5.32283,7.84218,0,0,0
Daniyal,4593,1771513220181,-0.26201,5.32283,7.84218,0,0,0
Daniyal,4594,1771513220184,-0.26201,5.32283,7.84218,0,0,0
Daniyal,4595,1771513220187,-0.26201,5.32283,7.84218,0,0,0
Daniyal,4596,1771513220190,-0.26201,5.32283,7.84218,0,0,0
Daniyal,4597,1771513220193,-0.26201,5.32283,7.84218,0,0,0
Daniyal,4598,1771513220196,-0.26201,5.32283,7.84218,0,0,0
Daniyal,4599,1771513220201,-0.26201,5.32283,7.84218,0,0,0
Daniyal,4600,1771513220204,-0.26201,5.32283,7.84218,0,0,0
Daniyal,4601,1771513220211,-0.26201,5.32283,7.84218,0,0,0
Daniyal,4602,1771513220214,-0.26201,5.32283,7.84218,0,0,0
Daniyal,4603,1771513220217,-0.26201,5.32283,7.84218,0,0,0
Daniyal,4604,1771513220221,-0.26201,5.32283,7.84218,0,0,0
Daniyal,4605,1771513220225,-0.26201,5.32283,7.84218,0,0,0
Daniyal,4606,1771513220229,-0.26201,5.32283,7.84218,0,0,0
Daniyal,4607,1771513220233,-0.26201,5.32283,7.84218,0,0,0
Daniyal,4608,1771513220237,-0.26201,5.32283,7.84218,0,0,0
Daniyal,4609,1771513220241,-0.26201,5.32283,7.84218,0,0,0
Daniyal,4610,1771513220245,-0.26201,5.32283,7.84218,0,0,0
Daniyal,4611,1771513220252,-0.26201,5.32283,7.84218,0,0,0
Daniyal,4612,1771513220254,-0.26201,5.32283,7.84218,0,0,0
Daniyal,4613,1771513220257,-0.26201,5.32283,7.84218,0,0,0
Daniyal,4614,1771513220260,-0.26201,5.32283,7.84218,0,0,0
Daniyal,4615,1771513220263,-0.26201,5.32283,7.84218,0,0,0
Daniyal,4616,1771513220266,-0.26201,5.32283,7.84218,0,0,0
Daniyal,4617,1771513220270,-0.26201,5.32283,7.84218,0,0,0
Daniyal,4618,1771513220273,-0.26201,5.32283,7.84218,0,0,0
Daniyal,4619,1771513220279,-0.26201,5.32283,7.84218,0,0,0
Daniyal,4620,1771513220283,-0.26201,5.32283,7.84218,0,0,0
Daniyal,4621,1771513220286,-0.26201,5.32283,7.84218,0,0,0
Daniyal,4622,1771513220289,-0.26201,5.32283,7.84218,0,0,0
Daniyal,4623,1771513220293,-0.26201,5.32283,7.84218,0,0,0
Daniyal,4624,1771513220297,-0.26201,5.32283,7.84218,0,0,0
Daniyal,4625,1771513220301,-0.26201,5.32283,7.84218,0,0,0
Daniyal,4626,1771513220305,-0.26201,5.32283,7.84218,0,0,0
Daniyal,4627,1771513220309,-0.26201,5.32283,7.84218,0,0,0
Daniyal,4628,1771513220313,-0.26201,5.32283,7.84218,0,0,0
Daniyal,4629,1771513220317,-0.26201,5.32283,7.84218,0,0,0
Daniyal,4630,1771513220325,-0.26201,5.32283,7.84218,0,0,0
Daniyal,4631,1771513220328,-0.26201,5.32283,7.84218,0,0,0
Daniyal,4632,1771513220331,-0.26201,5.32283,7.84218,0,0,0
Daniyal,4633,1771513220334,-0.26201,5.32283,7.84218,0,0,0
Daniyal,4634,1771513220337,-0.26201,5.32283,7.84218,0,0,0
Daniyal,4635,1771513220340,-0.26201,5.32283,7.84218,0,0,0
Daniyal,4636,1771513220344,-0.26201,5.32283,7.84218,0,0,0
Daniyal,4637,1771513220348,-0.26201,5.32283,7.84218,0,0,0
Daniyal,4638,1771513220352,-0.26201,5.32283,7.84218,0,0,0
Daniyal,4639,1771513220359,-0.26201,5.32283,7.84218,0,0,0
Daniyal,4640,1771513220362,-0.26201,5.32283,7.84218,0,0,0
Daniyal,4641,1771513220365,-0.26201,5.32283,7.84218,0,0,0
Daniyal,4642,1771513220369,-0.26201,5.32283,7.84218,0,0,0
Daniyal,4643,1771513220373,-0.26201,5.32283,7.84218,0,0,0
Daniyal,4644,1771513220376,-0.26201,5.32283,7.84218,0,0,0
Daniyal,4645,1771513220380,-0.26201,5.32283,7.84218,0,0,0
Daniyal,4646,1771513220383,-0.26201,5.32283,7.84218,0,0,0
Daniyal,4647,1771513220387,-0.26201,5.32283,7.84218,0,0,0
Daniyal,4648,1771513220391,-0.26201,5.32283,7.84218,0,0,0
Daniyal,4649,1771513220399,-0.26201,5.32283,7.84218,0,0,0
Daniyal,4650,1771513220402,-0.26201,5.32283,7.84218,0,0,0
Daniyal,4651,1771513220405,-0.26201,5.32283,7.84218,0,0,0
Daniyal,4652,1771513220409,-0.26201,5.32283,7.84218,0,0,0
Daniyal,4653,1771513220412,-0.26201,5.32283,7.84218,0,0,0
Daniyal,4654,1771513220415,-0.26201,5.32283,7.84218,0,0,0
Daniyal,4655,1771513220418,-0.26201,5.32283,7.84218,0,0,0
Daniyal,4656,1771513220423,-0.26201,5.32283,7.84218,0,0,0
Daniyal,4657,1771513220427,-0.26201,5.32283,7.84218,0,0,0
Daniyal,4658,1771513220434,-0.26201,5.32283,7.84218,0,0,0
Daniyal,4659,1771513220438,-0.26201,5.32283,7.84218,0,0,0
Daniyal,4660,1771513220442,-0.26201,5.32283,7.84218,0,0,0
Daniyal,4661,1771513220446,-0.26201,5.32283,7.84218,0,0,0
Daniyal,4662,1771513220450,-0.26201,5.32283,7.84218,0,0,0
Daniyal,4663,1771513220454,-0.26201,5.32283,7.84218,0,0,0
Daniyal,4664,1771513220458,-0.26201,5.32283,7.84218,0,0,0
Daniyal,4665,1771513220462,-0.26201,5.32283,7.84218,0,0,0
Daniyal,4666,1771513220465,-0.26201,5.32283,7.84218,0,0,0
Daniyal,4667,1771513220469,-0.26201,5.32283,7.84218,0,0,0
Daniyal,4668,1771513220477,-0.26201,5.32283,7.84218,0,0,0
Daniyal,4669,1771513220480,-0.26201,5.32283,7.84218,0,0,0
Daniyal,4670,1771513220483,-0.26201,5.32283,7.84218,0,0,0
Daniyal,4671,1771513220487,-0.26201,5.32283,7.84218,0,0,0
Daniyal,4672,1771513220490,-0.26201,5.32283,7.84218,0,0,0
Daniyal,4673,1771513220493,-0.26201,5.32283,7.84218,0,0,0
Daniyal,4674,1771513220499,-0.26201,5.32283,7.84218,0,0,0
Daniyal,4675,1771513220508,-0.26201,5.32283,7.84218,0,0,0
Daniyal,4676,1771513220511,-0.26201,5.32283,7.84218,0,0,0
Daniyal,4677,1771513220513,-0.26201,5.32283,7.84218,0,0,0
Daniyal,4678,1771513220516,-0.26201,5.32283,7.84218,0,0,0
Daniyal,4679,1771513220520,-0.26201,5.32283,7.84218,0,0,0
Daniyal,4680,1771513220523,-0.26201,5.32283,7.84218,0,0,0
Daniyal,4681,1771513220527,-0.26201,5.32283,7.84218,0,0,0
Daniyal,4682,1771513220533,-0.26201,5.32283,7.84218,0,0,0
Daniyal,4683,1771513220538,-0.26201,5.32283,7.84218,0,0,0
Daniyal,4684,1771513220542,-0.26201,5.32283,7.84218,0,0,0
Daniyal,4685,1771513220549,-0.26201,5.32283,7.84218,0,0,0
Daniyal,4686,1771513220553,-0.26201,5.32283,7.84218,0,0,0
Daniyal,4687,1771513220556,-0.26201,5.32283,7.84218,0,0,0
Daniyal,4688,1771513220559,-0.26201,5.32283,7.84218,0,0,0
Daniyal,4689,1771513220562,-0.26201,5.32283,7.84218,0,0,0
Daniyal,4690,1771513220565,-0.26201,5.32283,7.84218,0,0,0
Daniyal,4691,1771513220570,-0.26201,5.32283,7.84218,0,0,0
Daniyal,4692,1771513220575,-0.26201,5.32283,7.84218,0,0,0
Daniyal,4693,1771513220578,-0.26201,5.32283,7.84218,0,0,0
Daniyal,4694,1771513220581,-0.26201,5.32283,7.84218,0,0,0
Daniyal,4695,1771513220584,-0.26201,5.32283,7.84218,0,0,0
Daniyal,4696,1771513220587,-0.26201,5.32283,7.84218,0,0,0
Daniyal,4697,1771513220591,-0.26201,5.32283,7.84218,0,0,0
Daniyal,4698,1771513220595,-0.26201,5.32283,7.84218,0,0,0
Daniyal,4699,1771513220599,-0.26201,5.32283,7.84218,0,0,0
Daniyal,4700,1771513220605,-0.26201,5.32283,7.84218,0,0,0
Daniyal,4701,1771513220608,-0.26201,5.32283,7.84218,0,0,0
Daniyal,4702,1771513220611,-0.26201,5.32283,7.84218,0,0,0
Daniyal,4703,1771513220614,-0.26201,5.32283,7.84218,0,0,0
Daniyal,4704,1771513220618,-0.26201,5.32283,7.84218,0,0,0
Daniyal,4705,1771513220621,-0.26201,5.32283,7.84218,0,0,0
Daniyal,4706,1771513220624,-0.26201,5.32283,7.84218,0,0,0
Daniyal,4707,1771513220627,-0.26201,5.32283,7.84218,0,0,0
Daniyal,4708,1771513220630,-0.26201,5.32283,7.84218,0,0,0
Daniyal,4709,1771513220633,-0.26201,5.32283,7.84218,0,0,0
Daniyal,4710,1771513220640,-0.26201,5.32283,7.84218,0,0,0
Daniyal,4711,1771513220643,-0.26201,5.32283,7.84218,0,0,0
Daniyal,4712,1771513220646,-0.26201,5.32283,7.84218,0,0,0
Daniyal,4713,1771513220650,-0.26201,5.32283,7.84218,0,0,0
Daniyal,4714,1771513220653,-0.26201,5.32283,7.84218,0,0,0
Daniyal,4715,1771513220656,-0.26201,5.32283,7.84218,0,0,0
Daniyal,4716,1771513220660,-0.26201,5.32283,7.84218,0,0,0
Daniyal,4717,1771513220662,-0.26201,5.32283,7.84218,0,0,0
Daniyal,4718,1771513220666,-0.26201,5.32283,7.84218,0,0,0
Daniyal,4719,1771513220669,-0.26201,5.32283,7.84218,0,0,0
Daniyal,4720,1771513220677,-0.26201,5.32283,7.84218,0,0,0
Daniyal,4721,1771513220681,-0.26201,5.32283,7.84218,0,0,0
Daniyal,4722,1771513220683,-0.26201,5.32283,7.84218,0,0,0
Daniyal,4723,1771513220686,-0.26201,5.32283,7.84218,0,0,0
Daniyal,4724,1771513220689,-0.26201,5.32283,7.84218,0,0,0
Daniyal,4725,1771513220692,-0.26201,5.32283,7.84218,0,0,0
Daniyal,4726,1771513220695,-0.26201,5.32283,7.84218,0,0,0
Daniyal,4727,1771513220698,-0.26201,5.32283,7.84218,0,0,0
Daniyal,4728,1771513220704,-0.26201,5.32283,7.84218,0,0,0
Daniyal,4729,1771513220711,-0.26201,5.32283,7.84218,0,0,0
Daniyal,4730,1771513220715,-0.26201,5.32283,7.84218,0,0,0
Daniyal,4731,1771513220719,-0.26201,5.32283,7.84218,0,0,0
Daniyal,4732,1771513220722,-0.26201,5.32283,7.84218,0,0,0
Daniyal,4733,1771513220726,-0.26201,5.32283,7.84218,0,0,0
Daniyal,4734,1771513220730,-0.26201,5.32283,7.84218,0,0,0
Daniyal,4735,1771513220734,-0.26201,5.32283,7.84218,0,0,0
Daniyal,4736,1771513220738,-0.26201,5.32283,7.84218,0,0,0
Daniyal,4737,1771513220741,-0.26201,5.32283,7.84218,0,0,0
Daniyal,4738,1771513220745,-0.26201,5.32283,7.84218,0,0,0
Daniyal,4739,1771513220751,-0.26201,5.32283,7.84218,0,0,0
Daniyal,4740,1771513220754,-0.26201,5.32283,7.84218,0,0,0
Daniyal,4741,1771513220757,-0.26201,5.32283,7.84218,0,0,0
Daniyal,4742,1771513220760,-0.26201,5.32283,7.84218,0,0,0
Daniyal,4743,1771513220764,-0.26201,5.32283,7.84218,0,0,0
Daniyal,4744,1771513220767,-0.26201,5.32283,7.84218,0,0,0
Daniyal,4745,1771513220770,-0.26201,5.32283,7.84218,0,0,0
Daniyal,4746,1771513220774,-0.26201,5.32283,7.84218,0,0,0
Daniyal,4747,1771513220779,-0.26201,5.32283,7.84218,0,0,0
Daniyal,4748,1771513220785,-0.26201,5.32283,7.84218,0,0,0
Daniyal,4749,1771513220793,-0.26201,5.32283,7.84218,0,0,0
Daniyal,4750,1771513220797,-0.26201,5.32283,7.84218,0,0,0
Daniyal,4751,1771513220800,-0.26201,5.32283,7.84218,0,0,0
Daniyal,4752,1771513220915,-0.26201,5.32283,7.84218,0,0,0
Daniyal,4753,1771513220919,-0.26201,5.32283,7.84218,0,0,0
Daniyal,4754,1771513220922,-0.26201,5.32283,7.84218,0,0,0
Daniyal,4755,1771513220926,-0.26201,5.32283,7.84218,0,0,0
Daniyal,4756,1771513220929,-0.26201,5.32283,7.84218,0,0,0
Daniyal,4757,1771513220933,-0.26201,5.32283,7.84218,0,0,0
Daniyal,4758,1771513220936,-0.26201,5.32283,7.84218,0,0,0
Daniyal,4759,1771513220940,-0.26201,5.32283,7.84218,0,0,0
Daniyal,4760,1771513220946,-0.26201,5.32283,7.84218,0,0,0
Daniyal,4761,1771513220949,-0.26201,5.32283,7.84218,0,0,0
Daniyal,4762,1771513220952,-0.26201,5.32283,7.84218,0,0,0
Daniyal,4763,1771513220955,-0.26201,5.32283,7.84218,0,0,0
Daniyal,4764,1771513220958,-0.26201,5.32283,7.84218,0,0,0
Daniyal,4765,1771513220961,-0.26201,5.32283,7.84218,0,0,0
Daniyal,4766,1771513220965,-0.26201,5.32283,7.84218,0,0,0
Daniyal,4767,1771513220969,-0.26201,5.32283,7.84218,0,0,0
Daniyal,4768,1771513220975,-0.26201,5.32283,7.84218,0,0,0
Daniyal,4769,1771513220978,-0.26201,5.32283,7.84218,0,0,0
Daniyal,4770,1771513220982,-0.26201,5.32283,7.84218,0,0,0
Daniyal,4771,1771513220985,-0.26201,5.32283,7.84218,0,0,0
Daniyal,4772,1771513220989,-0.26201,5.32283,7.84218,0,0,0
Daniyal,4773,1771513220992,-0.26201,5.32283,7.84218,0,0,0
Daniyal,4774,1771513220995,-0.26201,5.32283,7.84218,0,0,0
Daniyal,4775,1771513220999,-0.26201,5.32283,7.84218,0,0,0
Daniyal,4776,1771513221004,-0.26201,5.32283,7.84218,0,0,0
Daniyal,4777,1771513221008,-0.26201,5.32283,7.84218,0,0,0
Daniyal,4778,1771513221014,-0.26201,5.32283,7.84218,0,0,0
Daniyal,4779,1771513221017,-0.26201,5.32283,7.84218,0,0,0
Daniyal,4780,1771513221021,-0.26201,5.32283,7.84218,0,0,0
Daniyal,4781,1771513221024,-0.26201,5.32283,7.84218,0,0,0
Daniyal,4782,1771513221028,-0.26201,5.32283,7.84218,0,0,0
Daniyal,4783,1771513221031,-0.26201,5.32283,7.84218,0,0,0
Daniyal,4784,1771513221035,-0.26201,5.32283,7.84218,0,0,0
Daniyal,4785,1771513221038,-0.26201,5.32283,7.84218,0,0,0
Daniyal,4786,1771513221042,-0.26201,5.32283,7.84218,0,0,0
Daniyal,4787,1771513221052,-0.26201,5.32283,7.84218,0,0,0
Daniyal,4788,1771513221055,-0.26201,5.32283,7.84218,0,0,0
Daniyal,4789,1771513221057,-0.26201,5.32283,7.84218,0,0,0
Daniyal,4790,1771513221060,-0.26201,5.32283,7.84218,0,0,0
Daniyal,4791,1771513221062,-0.26201,5.32283,7.84218,0,0,0
Daniyal,4792,1771513221065,-0.26201,5.32283,7.84218,0,0,0
Daniyal,4793,1771513221069,-0.26201,5.32283,7.84218,0,0,0
Daniyal,4794,1771513221072,-0.26201,5.32283,7.84218,0,0,0
Daniyal,4795,1771513221076,-0.26201,5.32283,7.84218,0,0,0
Daniyal,4796,1771513221081,-0.26201,5.32283,7.84218,0,0,0
Daniyal,4797,1771513221085,-0.26201,5.32283,7.84218,0,0,0
Daniyal,4798,1771513221092,-0.26201,5.32283,7.84218,0,0,0
Daniyal,4799,1771513221095,-0.26201,5.32283,7.84218,0,0,0
Daniyal,4800,1771513221099,-0.26201,5.32283,7.84218,0,0,0
Daniyal,4801,1771513221102,-0.26201,5.32283,7.84218,0,0,0
Daniyal,4802,1771513221105,-0.26201,5.32283,7.84218,0,0,0
Daniyal,4803,1771513221108,-0.26201,5.32283,7.84218,0,0,0
Daniyal,4804,1771513221112,-0.26201,5.32283,7.84218,0,0,0
Daniyal,4805,1771513221115,-0.26201,5.32283,7.84218,0,0,0
Daniyal,4806,1771513221120,-0.26201,5.32283,7.84218,0,0,0
Daniyal,4807,1771513221127,-0.26201,5.32283,7.84218,0,0,0
Daniyal,4808,1771513221130,-0.26201,5.32283,7.84218,0,0,0
Daniyal,4809,1771513221134,-0.26201,5.32283,7.84218,0,0,0
Daniyal,4810,1771513221137,-0.26201,5.32283,7.84218,0,0,0
Daniyal,4811,1771513221141,-0.26201,5.32283,7.84218,0,0,0
Daniyal,4812,1771513221144,-0.26201,5.32283,7.84218,0,0,0
Daniyal,4813,1771513221148,-0.26201,5.32283,7.84218,0,0,0
Daniyal,4814,1771513221152,-0.26201,5.32283,7.84218,0,0,0
Daniyal,4815,1771513221157,-0.26201,5.32283,7.84218,0,0,0
Daniyal,4816,1771513221160,-0.26201,5.32283,7.84218,0,0,0
Daniyal,4817,1771513221164,-0.26201,5.32283,7.84218,0,0,0
Daniyal,4818,1771513221168,-0.26201,5.32283,7.84218,0,0,0
Daniyal,4819,1771513221176,-0.26201,5.32283,7.84218,0,0,0
Daniyal,4820,1771513221179,-0.26201,5.32283,7.84218,0,0,0
Daniyal,4821,1771513221182,-0.26201,5.32283,7.84218,0,0,0
Daniyal,4822,1771513221184,-0.26201,5.32283,7.84218,0,0,0
Daniyal,4823,1771513221187,-0.26201,5.32283,7.84218,0,0,0
Daniyal,4824,1771513221190,-0.26201,5.32283,7.84218,0,0,0
Daniyal,4825,1771513221193,-0.26201,5.32283,7.84218,0,0,0
Daniyal,4826,1771513221197,-0.26201,5.32283,7.84218,0,0,0
Daniyal,4827,1771513221203,-0.26201,5.32283,7.84218,0,0,0
Daniyal,4828,1771513221210,-0.26201,5.32283,7.84218,0,0,0
Daniyal,4829,1771513221213,-0.26201,5.32283,7.84218,0,0,0
Daniyal,4830,1771513221216,-0.26201,5.32283,7.84218,0,0,0
Daniyal,4831,1771513221219,-0.26201,5.32283,7.84218,0,0,0
Daniyal,4832,1771513221223,-0.26201,5.32283,7.84218,0,0,0
Daniyal,4833,1771513221226,-0.26201,5.32283,7.84218,0,0,0
Daniyal,4834,1771513221230,-0.26201,5.32283,7.84218,0,0,0
Daniyal,4835,1771513221233,-0.26201,5.32283,7.84218,0,0,0
Daniyal,4836,1771513221237,-0.26201,5.32283,7.84218,0,0,0
Daniyal,4837,1771513221241,-0.26201,5.32283,7.84218,0,0,0
Daniyal,4838,1771513221245,-0.26201,5.32283,7.84218,0,0,0
Daniyal,4839,1771513221249,-0.26201,5.32283,7.84218,0,0,0
Daniyal,4840,1771513221252,-0.26201,5.32283,7.84218,0,0,0
Daniyal,4841,1771513221258,-0.26201,5.32283,7.84218,0,0,0
Daniyal,4842,1771513221262,-0.26201,5.32283,7.84218,0,0,0
Daniyal,4843,1771513221265,-0.26201,5.32283,7.84218,0,0,0
Daniyal,4844,1771513221268,-0.26201,5.32283,7.84218,0,0,0
Daniyal,4845,1771513221271,-0.26201,5.32283,7.84218,0,0,0
Daniyal,4846,1771513221274,-0.26201,5.32283,7.84218,0,0,0
Daniyal,4847,1771513221279,-0.26201,5.32283,7.84218,0,0,0
Daniyal,4848,1771513221283,-0.26201,5.32283,7.84218,0,0,0
Daniyal,4849,1771513221291,-0.26201,5.32283,7.84218,0,0,0
Daniyal,4850,1771513221294,-0.26201,5.32283,7.84218,0,0,0
Daniyal,4851,1771513221298,-0.26201,5.32283,7.84218,0,0,0
Daniyal,4852,1771513221301,-0.26201,5.32283,7.84218,0,0,0
Daniyal,4853,1771513221305,-0.26201,5.32283,7.84218,0,0,0
Daniyal,4854,1771513221310,-0.26201,5.32283,7.84218,0,0,0
Daniyal,4855,1771513221314,-0.26201,5.32283,7.84218,0,0,0
Daniyal,4856,1771513221318,-0.26201,5.32283,7.84218,0,0,0
Daniyal,4857,1771513221321,-0.26201,5.32283,7.84218,0,0,0
Daniyal,4858,1771513221325,-0.26201,5.32283,7.84218,0,0,0
Daniyal,4859,1771513221331,-0.26201,5.32283,7.84218,0,0,0
Daniyal,4860,1771513221334,-0.26201,5.32283,7.84218,0,0,0
Daniyal,4861,1771513221336,-0.26201,5.32283,7.84218,0,0,0
Daniyal,4862,1771513221339,-0.26201,5.32283,7.84218,0,0,0
Daniyal,4863,1771513221342,-0.26201,5.32283,7.84218,0,0,0
Daniyal,4864,1771513221345,-0.26201,5.32283,7.84218,0,0,0
Daniyal,4865,1771513221349,-0.26201,5.32283,7.84218,0,0,0
Daniyal,4866,1771513221354,-0.26201,5.32283,7.84218,0,0,0
Daniyal,4867,1771513221361,-0.26201,5.32283,7.84218,0,0,0
Daniyal,4868,1771513221364,-0.26201,5.32283,7.84218,0,0,0
Daniyal,4869,1771513221368,-0.26201,5.32283,7.84218,0,0,0
Daniyal,4870,1771513221371,-0.26201,5.32283,7.84218,0,0,0
Daniyal,4871,1771513221374,-0.26201,5.32283,7.84218,0,0,0
Daniyal,4872,1771513221378,-0.26201,5.32283,7.84218,0,0,0
Daniyal,4873,1771513221381,-0.26201,5.32283,7.84218,0,0,0
Daniyal,4874,1771513221385,-0.26201,5.32283,7.84218,0,0,0
Daniyal,4875,1771513221389,-0.26201,5.32283,7.84218,0,0,0
Daniyal,4876,1771513221393,-0.26201,5.32283,7.84218,0,0,0
Daniyal,4877,1771513221396,-0.26201,5.32283,7.84218,0,0,0
Daniyal,4878,1771513221403,-0.26201,5.32283,7.84218,0,0,0
Daniyal,4879,1771513221407,-0.26201,5.32283,7.84218,0,0,0
Daniyal,4880,1771513221410,-0.26201,5.32283,7.84218,0,0,0
Daniyal,4881,1771513221413,-0.26201,5.32283,7.84218,0,0,0
Daniyal,4882,1771513221416,-0.26201,5.32283,7.84218,0,0,0
Daniyal,4883,1771513221420,-0.26201,5.32283,7.84218,0,0,0
Daniyal,4884,1771513221423,-0.26201,5.32283,7.84218,0,0,0
Daniyal,4885,1771513221427,-0.26201,5.32283,7.84218,0,0,0
Daniyal,4886,1771513221435,-0.26201,5.32283,7.84218,0,0,0
Daniyal,4887,1771513221440,-0.26201,5.32283,7.84218,0,0,0
Daniyal,4888,1771513221444,-0.26201,5.32283,7.84218,0,0,0
Daniyal,4889,1771513221447,-0.26201,5.32283,7.84218,0,0,0
Daniyal,4890,1771513221451,-0.26201,5.32283,7.84218,0,0,0
Daniyal,4891,1771513221454,-0.26201,5.32283,7.84218,0,0,0
Daniyal,4892,1771513221458,-0.26201,5.32283,7.84218,0,0,0
Daniyal,4893,1771513221462,-0.26201,5.32283,7.84218,0,0,0
Daniyal,4894,1771513221467,-0.26201,5.32283,7.84218,0,0,0
Daniyal,4895,1771513221471,-0.26201,5.32283,7.84218,0,0,0
Daniyal,4896,1771513221479,-0.26201,5.32283,7.84218,0,0,0
Daniyal,4897,1771513221483,-0.26201,5.32283,7.84218,0,0,0
Daniyal,4898,1771513221486,-0.26201,5.32283,7.84218,0,0,0
Daniyal,4899,1771513221489,-0.26201,5.32283,7.84218,0,0,0
Daniyal,4900,1771513221492,-0.26201,5.32283,7.84218,0,0,0
Daniyal,4901,1771513221496,-0.26201,5.32283,7.84218,0,0,0
Daniyal,4902,1771513221499,-0.26201,5.32283,7.84218,0,0,0
Daniyal,4903,1771513221503,-0.26201,5.32283,7.84218,0,0,0
Daniyal,4904,1771513221506,-0.26201,5.32283,7.84218,0,0,0
Daniyal,4905,1771513221510,-0.26201,5.32283,7.84218,0,0,0
Daniyal,4906,1771513221518,-0.26201,5.32283,7.84218,0,0,0
Daniyal,4907,1771513221521,-0.26201,5.32283,7.84218,0,0,0
Daniyal,4908,1771513221524,-0.26201,5.32283,7.84218,0,0,0
Daniyal,4909,1771513221528,-0.26201,5.32283,7.84218,0,0,0
Daniyal,4910,1771513221531,-0.26201,5.32283,7.84218,0,0,0
Daniyal,4911,1771513221534,-0.26201,5.32283,7.84218,0,0,0
Daniyal,4912,1771513221538,-0.26201,5.32283,7.84218,0,0,0
Daniyal,4913,1771513221544,-0.26201,5.32283,7.84218,0,0,0
Daniyal,4914,1771513221547,-0.26201,5.32283,7.84218,0,0,0
Daniyal,4915,1771513221554,-0.26201,5.32283,7.84218,0,0,0
Daniyal,4916,1771513221557,-0.26201,5.32283,7.84218,0,0,0
Daniyal,4917,1771513221560,-0.26201,5.32283,7.84218,0,0,0
Daniyal,4918,1771513221563,-0.26201,5.32283,7.84218,0,0,0
Daniyal,4919,1771513221567,-0.26201,5.32283,7.84218,0,0,0
Daniyal,4920,1771513221570,-0.26201,5.32283,7.84218,0,0,0
Daniyal,4921,1771513221575,-0.26201,5.32283,7.84218,0,0,0
Daniyal,4922,1771513221581,-0.26201,5.32283,7.84218,0,0,0
Daniyal,4923,1771513221590,-0.26201,5.32283,7.84218,0,0,0
Daniyal,4924,1771513221593,-0.26201,5.32283,7.84218,0,0,0
Daniyal,4925,1771513221598,-0.26201,5.32283,7.84218,0,0,0
Daniyal,4926,1771513221608,-0.26201,5.32283,7.84218,0,0,0
Daniyal,4927,1771513221615,-0.26201,5.32283,7.84218,0,0,0
Daniyal,4928,1771513221617,-0.26201,5.32283,7.84218,0,0,0
Daniyal,4929,1771513221621,-0.26201,5.32283,7.84218,0,0,0
Daniyal,4930,1771513221625,-0.26201,5.32283,7.84218,0,0,0
Daniyal,4931,1771513221632,-0.26201,5.32283,7.84218,0,0,0
Daniyal,4932,1771513221635,-0.26201,5.32283,7.84218,0,0,0
Daniyal,4933,1771513221638,-0.26201,5.32283,7.84218,0,0,0
Daniyal,4934,1771513221641,-0.26201,5.32283,7.84218,0,0,0
Daniyal,4935,1771513221644,-0.26201,5.32283,7.84218,0,0,0
Daniyal,4936,1771513221647,-0.26201,5.32283,7.84218,0,0,0
Daniyal,4937,1771513221650,-0.26201,5.32283,7.84218,0,0,0
Daniyal,4938,1771513221654,-0.26201,5.32283,7.84218,0,0,0
Daniyal,4939,1771513221658,-0.26201,5.32283,7.84218,0,0,0
Daniyal,4940,1771513221665,-0.26201,5.32283,7.84218,0,0,0
Daniyal,4941,1771513221668,-0.26201,5.32283,7.84218,0,0,0
Daniyal,4942,1771513221671,-0.26201,5.32283,7.84218,0,0,0
Daniyal,4943,1771513221674,-0.26201,5.32283,7.84218,0,0,0
Daniyal,4944,1771513221678,-0.26201,5.32283,7.84218,0,0,0
Daniyal,4945,1771513221682,-0.26201,5.32283,7.84218,0,0,0
Daniyal,4946,1771513221688,-0.26201,5.32283,7.84218,0,0,0
Daniyal,4947,1771513221692,-0.26201,5.32283,7.84218,0,0,0
Daniyal,4948,1771513221698,-0.26201,5.32283,7.84218,0,0,0
Daniyal,4949,1771513221701,-0.26201,5.32283,7.84218,0,0,0
Daniyal,4950,1771513221703,-0.26201,5.32283,7.84218,0,0,0
Daniyal,4951,1771513221706,-0.26201,5.32283,7.84218,0,0,0
Daniyal,4952,1771513221709,-0.26201,5.32283,7.84218,0,0,0
Daniyal,4953,1771513221713,-0.26201,5.32283,7.84218,0,0,0
Daniyal,4954,1771513221716,-0.26201,5.32283,7.84218,0,0,0
Daniyal,4955,1771513221720,-0.26201,5.32283,7.84218,0,0,0
Daniyal,4956,1771513221724,-0.26201,5.32283,7.84218,0,0,0
Daniyal,4957,1771513221729,-0.26201,5.32283,7.84218,0,0,0
Daniyal,4958,1771513221735,-0.26201,5.32283,7.84218,0,0,0
Daniyal,4959,1771513221738,-0.26201,5.32283,7.84218,0,0,0
Daniyal,4960,1771513221741,-0.26201,5.32283,7.84218,0,0,0
Daniyal,4961,1771513221744,-0.26201,5.32283,7.84218,0,0,0
Daniyal,4962,1771513221747,-0.26201,5.32283,7.84218,0,0,0
Daniyal,4963,1771513221749,-0.26201,5.32283,7.84218,0,0,0
Daniyal,4964,1771513221753,-0.26201,5.32283,7.84218,0,0,0
Daniyal,4965,1771513221759,-0.26201,5.32283,7.84218,0,0,0
Daniyal,4966,1771513221763,-0.26201,5.32283,7.84218,0,0,0
Daniyal,4967,1771513221769,-0.26201,5.32283,7.84218,0,0,0
Daniyal,4968,1771513221773,-0.26201,5.32283,7.84218,0,0,0
Daniyal,4969,1771513221776,-0.26201,5.32283,7.84218,0,0,0
Daniyal,4970,1771513221780,-0.26201,5.32283,7.84218,0,0,0
Daniyal,4971,1771513221783,-0.26201,5.32283,7.84218,0,0,0
Daniyal,4972,1771513221786,-0.26201,5.32283,7.84218,0,0,0
Daniyal,4973,1771513221789,-0.26201,5.32283,7.84218,0,0,0
Daniyal,4974,1771513221795,-0.26201,5.32283,7.84218,0,0,0
Daniyal,4975,1771513221801,-0.26201,5.32283,7.84218,0,0,0
Daniyal,4976,1771513221804,-0.26201,5.32283,7.84218,0,0,0
Daniyal,4977,1771513221808,-0.26201,5.32283,7.84218,0,0,0
Daniyal,4978,1771513221811,-0.26201,5.32283,7.84218,0,0,0
Daniyal,4979,1771513221814,-0.26201,5.32283,7.84218,0,0,0
Daniyal,4980,1771513221818,-0.26201,5.32283,7.84218,0,0,0
Daniyal,4981,1771513221822,-0.26201,5.32283,7.84218,0,0,0
Daniyal,4982,1771513221828,-0.26201,5.32283,7.84218,0,0,0
Daniyal,4983,1771513221834,-0.26201,5.32283,7.84218,0,0,0
Daniyal,4984,1771513221837,-0.26201,5.32283,7.84218,0,0,0
Daniyal,4985,1771513221841,-0.26201,5.32283,7.84218,0,0,0
Daniyal,4986,1771513221844,-0.26201,5.32283,7.84218,0,0,0
Daniyal,4987,1771513221847,-0.26201,5.32283,7.84218,0,0,0
Daniyal,4988,1771513221850,-0.26201,5.32283,7.84218,0,0,0
Daniyal,4989,1771513221853,-0.26201,5.32283,7.84218,0,0,0
Daniyal,4990,1771513221857,-0.26201,5.32283,7.84218,0,0,0
Daniyal,4991,1771513221865,-0.26201,5.32283,7.84218,0,0,0
Daniyal,4992,1771513221868,-0.26201,5.32283,7.84218,0,0,0
Daniyal,4993,1771513221872,-0.26201,5.32283,7.84218,0,0,0
Daniyal,4994,1771513221875,-0.26201,5.32283,7.84218,0,0,0
Daniyal,4995,1771513221879,-0.26201,5.32283,7.84218,0,0,0
Daniyal,4996,1771513221882,-0.26201,5.32283,7.84218,0,0,0
Daniyal,4997,1771513221885,-0.26201,5.32283,7.84218,0,0,0
Daniyal,4998,1771513221890,-0.26201,5.32283,7.84218,0,0,0
Daniyal,4999,1771513221895,-0.26201,5.32283,7.84218,0,0,0
Daniyal,5000,1771513221898,-0.26201,5.32283,7.84218,0,0,0
Daniyal,5001,1771513221905,-0.26201,5.32283,7.84218,0,0,0
Daniyal,5002,1771513221909,-0.26201,5.32283,7.84218,0,0,0
Daniyal,5003,1771513221912,-0.26201,5.32283,7.84218,0,0,0
Daniyal,5004,1771513221915,-0.26201,5.32283,7.84218,0,0,0
Daniyal,5005,1771513221918,-0.26201,5.32283,7.84218,0,0,0
Daniyal,5006,1771513221922,-0.26201,5.32283,7.84218,0,0,0
Daniyal,5007,1771513221925,-0.26201,5.32283,7.84218,0,0,0
Daniyal,5008,1771513221931,-0.26201,5.32283,7.84218,0,0,0
Daniyal,5009,1771513221937,-0.26201,5.32283,7.84218,0,0,0
Daniyal,5010,1771513221941,-0.26201,5.32283,7.84218,0,0,0
Daniyal,5011,1771513221944,-0.26201,5.32283,7.84218,0,0,0
Daniyal,5012,1771513221947,-0.26201,5.32283,7.84218,0,0,0
Daniyal,5013,1771513221950,-0.26201,5.32283,7.84218,0,0,0
Daniyal,5014,1771513221954,-0.26201,5.32283,7.84218,0,0,0
Daniyal,5015,1771513221959,-0.26201,5.32283,7.84218,0,0,0
Daniyal,5016,1771513221965,-0.26201,5.32283,7.84218,0,0,0
Daniyal,5017,1771513221969,-0.26201,5.32283,7.84218,0,0,0
Daniyal,5018,1771513221972,-0.26201,5.32283,7.84218,0,0,0
Daniyal,5019,1771513221976,-0.26201,5.32283,7.84218,0,0,0
Daniyal,5020,1771513221979,-0.26201,5.32283,7.84218,0,0,0
Daniyal,5021,1771513221982,-0.26201,5.32283,7.84218,0,0,0
Daniyal,5022,1771513221985,-0.26201,5.32283,7.84218,0,0,0
Daniyal,5023,1771513221994,-0.26201,5.32283,7.84218,0,0,0
Daniyal,5024,1771513221997,-0.26201,5.32283,7.84218,0,0,0
Daniyal,5025,1771513222001,-0.26201,5.32283,7.84218,0,0,0
Daniyal,5026,1771513222005,-0.26201,5.32283,7.84218,0,0,0
Daniyal,5027,1771513222008,-0.26201,5.32283,7.84218,0,0,0
Daniyal,5028,1771513222012,-0.26201,5.32283,7.84218,0,0,0
Daniyal,5029,1771513222015,-0.26201,5.32283,7.84218,0,0,0
Daniyal,5030,1771513222022,-0.26201,5.32283,7.84218,0,0,0
Daniyal,5031,1771513222025,-0.26201,5.32283,7.84218,0,0,0
Daniyal,5032,1771513222029,-0.26201,5.32283,7.84218,0,0,0
Daniyal,5033,1771513222033,-0.26201,5.32283,7.84218,0,0,0
Daniyal,5034,1771513222037,-0.26201,5.32283,7.84218,0,0,0
Daniyal,5035,1771513222042,-0.26201,5.32283,7.84218,0,0,0
Daniyal,5036,1771513222049,-0.26201,5.32283,7.84218,0,0,0
Daniyal,5037,1771513222052,-0.26201,5.32283,7.84218,0,0,0
Daniyal,5038,1771513222056,-0.26201,5.32283,7.84218,0,0,0
Daniyal,5039,1771513222060,-0.26201,5.32283,7.84218,0,0,0
Daniyal,5040,1771513222064,-0.26201,5.32283,7.84218,0,0,0
Daniyal,5041,1771513222069,-0.26201,5.32283,7.84218,0,0,0
Daniyal,5042,1771513222074,-0.26201,5.32283,7.84218,0,0,0
Daniyal,5043,1771513222077,-0.26201,5.32283,7.84218,0,0,0
Daniyal,5044,1771513222084,-0.26201,5.32283,7.84218,0,0,0
Daniyal,5045,1771513222087,-0.26201,5.32283,7.84218,0,0,0
Daniyal,5046,1771513222090,-0.26201,5.32283,7.84218,0,0,0
Daniyal,5047,1771513222094,-0.26201,5.32283,7.84218,0,0,0
Daniyal,5048,1771513222098,-0.26201,5.32283,7.84218,0,0,0
Daniyal,5049,1771513222101,-0.26201,5.32283,7.84218,0,0,0
Daniyal,5050,1771513222105,-0.26201,5.32283,7.84218,0,0,0
Daniyal,5051,1771513222110,-0.26201,5.32283,7.84218,0,0,0
Daniyal,5052,1771513222116,-0.26201,5.32283,7.84218,0,0,0
Daniyal,5053,1771513222120,-0.26201,5.32283,7.84218,0,0,0
Daniyal,5054,1771513222123,-0.26201,5.32283,7.84218,0,0,0
Daniyal,5055,1771513222127,-0.26201,5.32283,7.84218,0,0,0
Daniyal,5056,1771513222130,-0.26201,5.32283,7.84218,0,0,0
Daniyal,5057,1771513222134,-0.26201,5.32283,7.84218,0,0,0
Daniyal,5058,1771513222138,-0.26201,5.32283,7.84218,0,0,0
Daniyal,5059,1771513222142,-0.26201,5.32283,7.84218,0,0,0
Daniyal,5060,1771513222146,-0.26201,5.32283,7.84218,0,0,0
Daniyal,5061,1771513222154,-0.26201,5.32283,7.84218,0,0,0
Daniyal,5062,1771513222157,-0.26201,5.32283,7.84218,0,0,0
Daniyal,5063,1771513222161,-0.26201,5.32283,7.84218,0,0,0
Daniyal,5064,1771513222164,-0.26201,5.32283,7.84218,0,0,0
Daniyal,5065,1771513222167,-0.26201,5.32283,7.84218,0,0,0
Daniyal,5066,1771513222171,-0.26201,5.32283,7.84218,0,0,0
Daniyal,5067,1771513222174,-0.26201,5.32283,7.84218,0,0,0
Daniyal,5068,1771513222177,-0.26201,5.32283,7.84218,0,0,0
Daniyal,5069,1771513222181,-0.26201,5.32283,7.84218,0,0,0
Daniyal,5070,1771513222184,-0.26201,5.32283,7.84218,0,0,0
Daniyal,5071,1771513222191,-0.26201,5.32283,7.84218,0,0,0
Daniyal,5072,1771513222195,-0.26201,5.32283,7.84218,0,0,0
Daniyal,5073,1771513222198,-0.26201,5.32283,7.84218,0,0,0
Daniyal,5074,1771513222201,-0.26201,5.32283,7.84218,0,0,0
Daniyal,5075,1771513222204,-0.26201,5.32283,7.84218,0,0,0
Daniyal,5076,1771513222207,-0.26201,5.32283,7.84218,0,0,0
Daniyal,5077,1771513222211,-0.26201,5.32283,7.84218,0,0,0
Daniyal,5078,1771513222216,-0.26201,5.32283,7.84218,0,0,0
Daniyal,5079,1771513222220,-0.26201,5.32283,7.84218,0,0,0
Daniyal,5080,1771513222229,-0.26201,5.32283,7.84218,0,0,0
Daniyal,5081,1771513222233,-0.26201,5.32283,7.84218,0,0,0
Daniyal,5082,1771513222236,-0.26201,5.32283,7.84218,0,0,0
Daniyal,5083,1771513222239,-0.26201,5.32283,7.84218,0,0,0
Daniyal,5084,1771513222242,-0.26201,5.32283,7.84218,0,0,0
Daniyal,5085,1771513222245,-0.26201,5.32283,7.84218,0,0,0
Daniyal,5086,1771513222250,-0.26201,5.32283,7.84218,0,0,0
Daniyal,5087,1771513222257,-0.26201,5.32283,7.84218,0,0,0
Daniyal,5088,1771513222260,-0.26201,5.32283,7.84218,0,0,0
Daniyal,5089,1771513222264,-0.26201,5.32283,7.84218,0,0,0
Daniyal,5090,1771513222267,-0.26201,5.32283,7.84218,0,0,0
Daniyal,5091,1771513222271,-0.26201,5.32283,7.84218,0,0,0
Daniyal,5092,1771513222274,-0.26201,5.32283,7.84218,0,0,0
Daniyal,5093,1771513222278,-0.26201,5.32283,7.84218,0,0,0
Daniyal,5094,1771513222283,-0.26201,5.32283,7.84218,0,0,0
Daniyal,5095,1771513222286,-0.26201,5.32283,7.84218,0,0,0
Daniyal,5096,1771513222296,-0.26201,5.32283,7.84218,0,0,0
Daniyal,5097,1771513222299,-0.26201,5.32283,7.84218,0,0,0
Daniyal,5098,1771513222302,-0.26201,5.32283,7.84218,0,0,0
Daniyal,5099,1771513222306,-0.26201,5.32283,7.84218,0,0,0
Daniyal,5100,1771513222309,-0.26201,5.32283,7.84218,0,0,0
Daniyal,5101,1771513222314,-0.26201,5.32283,7.84218,0,0,0
Daniyal,5102,1771513222322,-0.26201,5.32283,7.84218,0,0,0
Daniyal,5103,1771513222326,-0.26201,5.32283,7.84218,0,0,0
Daniyal,5104,1771513222330,-0.26201,5.32283,7.84218,0,0,0
Daniyal,5105,1771513222334,-0.26201,5.32283,7.84218,0,0,0
Daniyal,5106,1771513222340,-0.26201,5.32283,7.84218,0,0,0
Daniyal,5107,1771513222344,-0.26201,5.32283,7.84218,0,0,0
Daniyal,5108,1771513222351,-0.26201,5.32283,7.84218,0,0,0
Daniyal,5109,1771513222354,-0.26201,5.32283,7.84218,0,0,0
Daniyal,5110,1771513222357,-0.26201,5.32283,7.84218,0,0,0
Daniyal,5111,1771513222361,-0.26201,5.32283,7.84218,0,0,0
Daniyal,5112,1771513222364,-0.26201,5.32283,7.84218,0,0,0
Daniyal,5113,1771513222368,-0.26201,5.32283,7.84218,0,0,0
Daniyal,5114,1771513222372,-0.26201,5.32283,7.84218,0,0,0
Daniyal,5115,1771513222375,-0.26201,5.32283,7.84218,0,0,0
Daniyal,5116,1771513222379,-0.26201,5.32283,7.84218,0,0,0
Daniyal,5117,1771513222382,-0.26201,5.32283,7.84218,0,0,0
Daniyal,5118,1771513222389,-0.26201,5.32283,7.84218,0,0,0
Daniyal,5119,1771513222393,-0.26201,5.32283,7.84218,0,0,0
Daniyal,5120,1771513222397,-0.26201,5.32283,7.84218,0,0,0
Daniyal,5121,1771513222400,-0.26201,5.32283,7.84218,0,0,0
Daniyal,5122,1771513222402,-0.26201,5.32283,7.84218,0,0,0
Daniyal,5123,1771513222406,-0.26201,5.32283,7.84218,0,0,0
Daniyal,5124,1771513222409,-0.26201,5.32283,7.84218,0,0,0
Daniyal,5125,1771513222415,-0.26201,5.32283,7.84218,0,0,0
Daniyal,5126,1771513222419,-0.26201,5.32283,7.84218,0,0,0
Daniyal,5127,1771513222426,-0.26201,5.32283,7.84218,0,0,0
Daniyal,5128,1771513222429,-0.26201,5.32283,7.84218,0,0,0
Daniyal,5129,1771513222432,-0.26201,5.32283,7.84218,0,0,0
Daniyal,5130,1771513222436,-0.26201,5.32283,7.84218,0,0,0
Daniyal,5131,1771513222439,-0.26201,5.32283,7.84218,0,0,0
Daniyal,5132,1771513222442,-0.26201,5.32283,7.84218,0,0,0
Daniyal,5133,1771513222446,-0.26201,5.32283,7.84218,0,0,0
Daniyal,5134,1771513222452,-0.26201,5.32283,7.84218,0,0,0
Daniyal,5135,1771513222456,-0.26201,5.32283,7.84218,0,0,0
Daniyal,5136,1771513222459,-0.26201,5.32283,7.84218,0,0,0
Daniyal,5137,1771513222462,-0.26201,5.32283,7.84218,0,0,0
Daniyal,5138,1771513222465,-0.26201,5.32283,7.84218,0,0,0
Daniyal,5139,1771513222468,-0.26201,5.32283,7.84218,0,0,0
Daniyal,5140,1771513222472,-0.26201,5.32283,7.84218,0,0,0
Daniyal,5141,1771513222477,-0.26201,5.32283,7.84218,0,0,0
Daniyal,5142,1771513222481,-0.26201,5.32283,7.84218,0,0,0
Daniyal,5143,1771513222487,-0.26201,5.32283,7.84218,0,0,0
Daniyal,5144,1771513222491,-0.26201,5.32283,7.84218,0,0,0
Daniyal,5145,1771513222494,-0.26201,5.32283,7.84218,0,0,0
Daniyal,5146,1771513222497,-0.26201,5.32283,7.84218,0,0,0
Daniyal,5147,1771513222501,-0.26201,5.32283,7.84218,0,0,0
Daniyal,5148,1771513222504,-0.26201,5.32283,7.84218,0,0,0
Daniyal,5149,1771513222508,-0.26201,5.32283,7.84218,0,0,0
Daniyal,5150,1771513222512,-0.26201,5.32283,7.84218,0,0,0
Daniyal,5151,1771513222519,-0.26201,5.32283,7.84218,0,0,0
Daniyal,5152,1771513222523,-0.26201,5.32283,7.84218,0,0,0
Daniyal,5153,1771513222526,-0.26201,5.32283,7.84218,0,0,0
Daniyal,5154,1771513222530,-0.26201,5.32283,7.84218,0,0,0
Daniyal,5155,1771513222534,-0.26201,5.32283,7.84218,0,0,0
Daniyal,5156,1771513222538,-0.26201,5.32283,7.84218,0,0,0
Daniyal,5157,1771513222542,-0.26201,5.32283,7.84218,0,0,0
Daniyal,5158,1771513222545,-0.26201,5.32283,7.84218,0,0,0
Daniyal,5159,1771513222549,-0.26201,5.32283,7.84218,0,0,0
Daniyal,5160,1771513222556,-0.26201,5.32283,7.84218,0,0,0
Daniyal,5161,1771513222559,-0.26201,5.32283,7.84218,0,0,0
Daniyal,5162,1771513222562,-0.26201,5.32283,7.84218,0,0,0
Daniyal,5163,1771513222566,-0.26201,5.32283,7.84218,0,0,0
Daniyal,5164,1771513222569,-0.26201,5.32283,7.84218,0,0,0
Daniyal,5165,1771513222573,-0.26201,5.32283,7.84218,0,0,0
Daniyal,5166,1771513222577,-0.26201,5.32283,7.84218,0,0,0
Daniyal,5167,1771513222581,-0.26201,5.32283,7.84218,0,0,0
Daniyal,5168,1771513222588,-0.26201,5.32283,7.84218,0,0,0
Daniyal,5169,1771513222592,-0.26201,5.32283,7.84218,0,0,0
Daniyal,5170,1771513222595,-0.26201,5.32283,7.84218,0,0,0
Daniyal,5171,1771513222598,-0.26201,5.32283,7.84218,0,0,0
Daniyal,5172,1771513222602,-0.26201,5.32283,7.84218,0,0,0
Daniyal,5173,1771513222606,-0.26201,5.32283,7.84218,0,0,0
Daniyal,5174,1771513222610,-0.26201,5.32283,7.84218,0,0,0
Daniyal,5175,1771513222613,-0.26201,5.32283,7.84218,0,0,0
Daniyal,5176,1771513222616,-0.26201,5.32283,7.84218,0,0,0
Daniyal,5177,1771513222623,-0.26201,5.32283,7.84218,0,0,0
Daniyal,5178,1771513222627,-0.26201,5.32283,7.84218,0,0,0
Daniyal,5179,1771513222630,-0.26201,5.32283,7.84218,0,0,0
Daniyal,5180,1771513222633,-0.26201,5.32283,7.84218,0,0,0
Daniyal,5181,1771513222637,-0.26201,5.32283,7.84218,0,0,0
Daniyal,5182,1771513222640,-0.26201,5.32283,7.84218,0,0,0
Daniyal,5183,1771513222645,-0.26201,5.32283,7.84218,0,0,0
Daniyal,5184,1771513222652,-0.26201,5.32283,7.84218,0,0,0
Daniyal,5185,1771513222657,-0.26201,5.32283,7.84218,0,0,0
Daniyal,5186,1771513222660,-0.26201,5.32283,7.84218,0,0,0
Daniyal,5187,1771513222663,-0.26201,5.32283,7.84218,0,0,0
Daniyal,5188,1771513222667,-0.26201,5.32283,7.84218,0,0,0
Daniyal,5189,1771513222670,-0.26201,5.32283,7.84218,0,0,0
Daniyal,5190,1771513222674,-0.26201,5.32283,7.84218,0,0,0
Daniyal,5191,1771513222680,-0.26201,5.32283,7.84218,0,0,0
Daniyal,5192,1771513222685,-0.26201,5.32283,7.84218,0,0,0
Daniyal,5193,1771513222692,-0.26201,5.32283,7.84218,0,0,0
Daniyal,5194,1771513222696,-0.26201,5.32283,7.84218,0,0,0
Daniyal,5195,1771513222699,-0.26201,5.32283,7.84218,0,0,0
Daniyal,5196,1771513222702,-0.26201,5.32283,7.84218,0,0,0
Daniyal,5197,1771513222705,-0.26201,5.32283,7.84218,0,0,0
Daniyal,5198,1771513222708,-0.26201,5.32283,7.84218,0,0,0
Daniyal,5199,1771513222712,-0.26201,5.32283,7.84218,0,0,0
Daniyal,5200,1771513222716,-0.26201,5.32283,7.84218,0,0,0
Daniyal,5201,1771513222719,-0.26201,5.32283,7.84218,0,0,0
Daniyal,5202,1771513222725,-0.26201,5.32283,7.84218,0,0,0
Daniyal,5203,1771513222728,-0.26201,5.32283,7.84218,0,0,0
Daniyal,5204,1771513222731,-0.26201,5.32283,7.84218,0,0,0
Daniyal,5205,1771513222734,-0.26201,5.32283,7.84218,0,0,0
Daniyal,5206,1771513222737,-0.26201,5.32283,7.84218,0,0,0
Daniyal,5207,1771513222741,-0.26201,5.32283,7.84218,0,0,0
Daniyal,5208,1771513222745,-0.26201,5.32283,7.84218,0,0,0
Daniyal,5209,1771513222749,-0.26201,5.32283,7.84218,0,0,0
Daniyal,5210,1771513222756,-0.26201,5.32283,7.84218,0,0,0
Daniyal,5211,1771513222759,-0.26201,5.32283,7.84218,0,0,0
Daniyal,5212,1771513222762,-0.26201,5.32283,7.84218,0,0,0
Daniyal,5213,1771513222765,-0.26201,5.32283,7.84218,0,0,0
Daniyal,5214,1771513222769,-0.26201,5.32283,7.84218,0,0,0
Daniyal,5215,1771513222772,-0.26201,5.32283,7.84218,0,0,0
Daniyal,5216,1771513222775,-0.26201,5.32283,7.84218,0,0,0
Daniyal,5217,1771513222779,-0.26201,5.32283,7.84218,0,0,0
Daniyal,5218,1771513222783,-0.26201,5.32283,7.84218,0,0,0
Daniyal,5219,1771513222787,-0.26201,5.32283,7.84218,0,0,0
Daniyal,5220,1771513222794,-0.26201,5.32283,7.84218,0,0,0
Daniyal,5221,1771513222797,-0.26201,5.32283,7.84218,0,0,0
Daniyal,5222,1771513222800,-0.26201,5.32283,7.84218,0,0,0
Daniyal,5223,1771513222803,-0.26201,5.32283,7.84218,0,0,0
Daniyal,5224,1771513222807,-0.26201,5.32283,7.84218,0,0,0
Daniyal,5225,1771513222810,-0.26201,5.32283,7.84218,0,0,0
Daniyal,5226,1771513222814,-0.26201,5.32283,7.84218,0,0,0
Daniyal,5227,1771513222818,-0.26201,5.32283,7.84218,0,0,0
Daniyal,5228,1771513222822,-0.26201,5.32283,7.84218,0,0,0
Daniyal,5229,1771513222825,-0.26201,5.32283,7.84218,0,0,0
Daniyal,5230,1771513222832,-0.26201,5.32283,7.84218,0,0,0
Daniyal,5231,1771513222835,-0.26201,5.32283,7.84218,0,0,0
Daniyal,5232,1771513222838,-0.26201,5.32283,7.84218,0,0,0
Daniyal,5233,1771513222841,-0.26201,5.32283,7.84218,0,0,0
Daniyal,5234,1771513222843,-0.26201,5.32283,7.84218,0,0,0
Daniyal,5235,1771513222846,-0.26201,5.32283,7.84218,0,0,0
Daniyal,5236,1771513222850,-0.26201,5.32283,7.84218,0,0,0
Daniyal,5237,1771513222854,-0.26201,5.32283,7.84218,0,0,0
Daniyal,5238,1771513222862,-0.26201,5.32283,7.84218,0,0,0
Daniyal,5239,1771513222865,-0.26201,5.32283,7.84218,0,0,0
Daniyal,5240,1771513222869,-0.26201,5.32283,7.84218,0,0,0
Daniyal,5241,1771513222873,-0.26201,5.32283,7.84218,0,0,0
Daniyal,5242,1771513222877,-0.26201,5.32283,7.84218,0,0,0
Daniyal,5243,1771513222881,-0.26201,5.32283,7.84218,0,0,0
Daniyal,5244,1771513222886,-0.26201,5.32283,7.84218,0,0,0
Daniyal,5245,1771513222889,-0.26201,5.32283,7.84218,0,0,0
Daniyal,5246,1771513222896,-0.26201,5.32283,7.84218,0,0,0
Daniyal,5247,1771513222899,-0.26201,5.32283,7.84218,0,0,0
Daniyal,5248,1771513222903,-0.26201,5.32283,7.84218,0,0,0
Daniyal,5249,1771513222905,-0.26201,5.32283,7.84218,0,0,0
Daniyal,5250,1771513222909,-0.26201,5.32283,7.84218,0,0,0
Daniyal,5251,1771513222912,-0.26201,5.32283,7.84218,0,0,0
Daniyal,5252,1771513222916,-0.26201,5.32283,7.84218,0,0,0
Daniyal,5253,1771513222923,-0.26201,5.32283,7.84218,0,0,0
Daniyal,5254,1771513222927,-0.26201,5.32283,7.84218,0,0,0
Daniyal,5255,1771513222929,-0.26201,5.32283,7.84218,0,0,0
Daniyal,5256,1771513222933,-0.26201,5.32283,7.84218,0,0,0
Daniyal,5257,1771513222937,-0.26201,5.32283,7.84218,0,0,0
Daniyal,5258,1771513222940,-0.26201,5.32283,7.84218,0,0,0
Daniyal,5259,1771513222944,-0.26201,5.32283,7.84218,0,0,0
Daniyal,5260,1771513222949,-0.26201,5.32283,7.84218,0,0,0
Daniyal,5261,1771513222953,-0.26201,5.32283,7.84218,0,0,0
Daniyal,5262,1771513222960,-0.26201,5.32283,7.84218,0,0,0
Daniyal,5263,1771513222963,-0.26201,5.32283,7.84218,0,0,0
Daniyal,5264,1771513222966,-0.26201,5.32283,7.84218,0,0,0
Daniyal,5265,1771513222969,-0.26201,5.32283,7.84218,0,0,0
Daniyal,5266,1771513222972,-0.26201,5.32283,7.84218,0,0,0
Daniyal,5267,1771513222975,-0.26201,5.32283,7.84218,0,0,0
Daniyal,5268,1771513222978,-0.26201,5.32283,7.84218,0,0,0
Daniyal,5269,1771513222982,-0.26201,5.32283,7.84218,0,0,0
Daniyal,5270,1771513222986,-0.26201,5.32283,7.84218,0,0,0
Daniyal,5271,1771513222989,-0.26201,5.32283,7.84218,0,0,0
Daniyal,5272,1771513222996,-0.26201,5.32283,7.84218,0,0,0
Daniyal,5273,1771513223000,-0.26201,5.32283,7.84218,0,0,0
Daniyal,5274,1771513223003,-0.26201,5.32283,7.84218,0,0,0
Daniyal,5275,1771513223007,-0.26201,5.32283,7.84218,0,0,0
Daniyal,5276,1771513223009,-0.26201,5.32283,7.84218,0,0,0
Daniyal,5277,1771513223013,-0.26201,5.32283,7.84218,0,0,0
Daniyal,5278,1771513223017,-0.26201,5.32283,7.84218,0,0,0
Daniyal,5279,1771513223021,-0.26201,5.32283,7.84218,0,0,0
Daniyal,5280,1771513223025,-0.26201,5.32283,7.84218,0,0,0
Daniyal,5281,1771513223029,-0.26201,5.32283,7.84218,0,0,0
Daniyal,5282,1771513223035,-0.26201,5.32283,7.84218,0,0,0
Daniyal,5283,1771513223039,-0.26201,5.32283,7.84218,0,0,0
Daniyal,5284,1771513223042,-0.26201,5.32283,7.84218,0,0,0
Daniyal,5285,1771513223045,-0.26201,5.32283,7.84218,0,0,0
Daniyal,5286,1771513223048,-0.26201,5.32283,7.84218,0,0,0
Daniyal,5287,1771513223052,-0.26201,5.32283,7.84218,0,0,0
Daniyal,5288,1771513223055,-0.26201,5.32283,7.84218,0,0,0
Daniyal,5289,1771513223059,-0.26201,5.32283,7.84218,0,0,0
Daniyal,5290,1771513223064,-0.26201,5.32283,7.84218,0,0,0
Daniyal,5291,1771513223071,-0.26201,5.32283,7.84218,0,0,0
Daniyal,5292,1771513223075,-0.26201,5.32283,7.84218,0,0,0
Daniyal,5293,1771513223078,-0.26201,5.32283,7.84218,0,0,0
Daniyal,5294,1771513223081,-0.26201,5.32283,7.84218,0,0,0
Daniyal,5295,1771513223085,-0.26201,5.32283,7.84218,0,0,0
Daniyal,5296,1771513223089,-0.26201,5.32283,7.84218,0,0,0
Daniyal,5297,1771513223093,-0.26201,5.32283,7.84218,0,0,0
Daniyal,5298,1771513223099,-0.26201,5.32283,7.84218,0,0,0
Daniyal,5299,1771513223102,-0.26201,5.32283,7.84218,0,0,0
Daniyal,5300,1771513223110,-0.26201,5.32283,7.84218,0,0,0
Daniyal,5301,1771513223113,-0.26201,5.32283,7.84218,0,0,0
Daniyal,5302,1771513223116,-0.26201,5.32283,7.84218,0,0,0
Daniyal,5303,1771513223119,-0.26201,5.32283,7.84218,0,0,0
Daniyal,5304,1771513223122,-0.26201,5.32283,7.84218,0,0,0
Daniyal,5305,1771513223126,-0.26201,5.32283,7.84218,0,0,0
Daniyal,5306,1771513223129,-0.26201,5.32283,7.84218,0,0,0
Daniyal,5307,1771513223133,-0.26201,5.32283,7.84218,0,0,0
Daniyal,5308,1771513223138,-0.26201,5.32283,7.84218,0,0,0
Daniyal,5309,1771513223141,-0.26201,5.32283,7.84218,0,0,0
Daniyal,5310,1771513223149,-0.26201,5.32283,7.84218,0,0,0
Daniyal,5311,1771513223152,-0.26201,5.32283,7.84218,0,0,0
Daniyal,5312,1771513223155,-0.26201,5.32283,7.84218,0,0,0
Daniyal,5313,1771513223159,-0.26201,5.32283,7.84218,0,0,0
Daniyal,5314,1771513223162,-0.26201,5.32283,7.84218,0,0,0
Daniyal,5315,1771513223166,-0.26201,5.32283,7.84218,0,0,0
Daniyal,5316,1771513223181,-0.26201,5.32283,7.84218,0,0,0
Daniyal,5317,1771513223186,-0.26201,5.32283,7.84218,0,0,0
Daniyal,5318,1771513223189,-0.26201,5.32283,7.84218,0,0,0
Daniyal,5319,1771513223196,-0.26201,5.32283,7.84218,0,0,0
Daniyal,5320,1771513223199,-0.26201,5.32283,7.84218,0,0,0
Daniyal,5321,1771513223202,-0.26201,5.32283,7.84218,0,0,0
Daniyal,5322,1771513223205,-0.26201,5.32283,7.84218,0,0,0
Daniyal,5323,1771513223209,-0.26201,5.32283,7.84218,0,0,0
Daniyal,5324,1771513223212,-0.26201,5.32283,7.84218,0,0,0
Daniyal,5325,1771513223215,-0.26201,5.32283,7.84218,0,0,0
Daniyal,5326,1771513223219,-0.26201,5.32283,7.84218,0,0,0
Daniyal,5327,1771513223222,-0.26201,5.32283,7.84218,0,0,0
Daniyal,5328,1771513223225,-0.26201,5.32283,7.84218,0,0,0
Daniyal,5329,1771513223231,-0.26201,5.32283,7.84218,0,0,0
Daniyal,5330,1771513223234,-0.26201,5.32283,7.84218,0,0,0
Daniyal,5331,1771513223237,-0.26201,5.32283,7.84218,0,0,0
Daniyal,5332,1771513223240,-0.26201,5.32283,7.84218,0,0,0
Daniyal,5333,1771513223242,-0.26201,5.32283,7.84218,0,0,0
Daniyal,5334,1771513223246,-0.26201,5.32283,7.84218,0,0,0
Daniyal,5335,1771513223249,-0.26201,5.32283,7.84218,0,0,0
Daniyal,5336,1771513223253,-0.26201,5.32283,7.84218,0,0,0
Daniyal,5337,1771513223259,-0.26201,5.32283,7.84218,0,0,0
Daniyal,5338,1771513223262,-0.26201,5.32283,7.84218,0,0,0
Daniyal,5339,1771513223265,-0.26201,5.32283,7.84218,0,0,0
Daniyal,5340,1771513223269,-0.26201,5.32283,7.84218,0,0,0
Daniyal,5341,1771513223272,-0.26201,5.32283,7.84218,0,0,0
Daniyal,5342,1771513223275,-0.26201,5.32283,7.84218,0,0,0
Daniyal,5343,1771513223278,-0.26201,5.32283,7.84218,0,0,0
Daniyal,5344,1771513223281,-0.26201,5.32283,7.84218,0,0,0
Daniyal,5345,1771513223288,-0.26201,5.32283,7.84218,0,0,0
Daniyal,5346,1771513223293,-0.26201,5.32283,7.84218,0,0,0
Daniyal,5347,1771513223297,-0.26201,5.32283,7.84218,0,0,0
Daniyal,5348,1771513223300,-0.26201,5.32283,7.84218,0,0,0
Daniyal,5349,1771513223303,-0.26201,5.32283,7.84218,0,0,0
Daniyal,5350,1771513223307,-0.26201,5.32283,7.84218,0,0,0
Daniyal,5351,1771513223310,-0.26201,5.32283,7.84218,0,0,0
Daniyal,5352,1771513223313,-0.26201,5.32283,7.84218,0,0,0
Daniyal,5353,1771513223316,-0.26201,5.32283,7.84218,0,0,0
Daniyal,5354,1771513223320,-0.26201,5.32283,7.84218,0,0,0
Daniyal,5355,1771513223324,-0.26201,5.32283,7.84218,0,0,0
Daniyal,5356,1771513223331,-0.26201,5.32283,7.84218,0,0,0
Daniyal,5357,1771513223335,-0.26201,5.32283,7.84218,0,0,0
Daniyal,5358,1771513223338,-0.26201,5.32283,7.84218,0,0,0
Daniyal,5359,1771513223342,-0.26201,5.32283,7.84218,0,0,0
Daniyal,5360,1771513223345,-0.26201,5.32283,7.84218,0,0,0
Daniyal,5361,1771513223348,-0.26201,5.32283,7.84218,0,0,0
Daniyal,5362,1771513223352,-0.26201,5.32283,7.84218,0,0,0
Daniyal,5363,1771513223355,-0.26201,5.32283,7.84218,0,0,0
Daniyal,5364,1771513223360,-0.26201,5.32283,7.84218,0,0,0
Daniyal,5365,1771513223366,-0.26201,5.32283,7.84218,0,0,0
Daniyal,5366,1771513223369,-0.26201,5.32283,7.84218,0,0,0
Daniyal,5367,1771513223371,-0.26201,5.32283,7.84218,0,0,0
Daniyal,5368,1771513223374,-0.26201,5.32283,7.84218,0,0,0
Daniyal,5369,1771513223378,-0.26201,5.32283,7.84218,0,0,0
Daniyal,5370,1771513223381,-0.26201,5.32283,7.84218,0,0,0
Daniyal,5371,1771513223384,-0.26201,5.32283,7.84218,0,0,0
Daniyal,5372,1771513223388,-0.26201,5.32283,7.84218,0,0,0
Daniyal,5373,1771513223395,-0.26201,5.32283,7.84218,0,0,0
Daniyal,5374,1771513223404,-0.26201,5.32283,7.84218,0,0,0
Daniyal,5375,1771513223409,-0.26201,5.32283,7.84218,0,0,0
Daniyal,5376,1771513223411,-0.26201,5.32283,7.84218,0,0,0
Daniyal,5377,1771513223414,-0.26201,5.32283,7.84218,0,0,0
Daniyal,5378,1771513223417,-0.26201,5.32283,7.84218,0,0,0
Daniyal,5379,1771513223420,-0.26201,5.32283,7.84218,0,0,0
Daniyal,5380,1771513223422,-0.26201,5.32283,7.84218,0,0,0
Daniyal,5381,1771513223426,-0.26201,5.32283,7.84218,0,0,0
Daniyal,5382,1771513223430,-0.26201,5.32283,7.84218,0,0,0
Daniyal,5383,1771513223436,-0.26201,5.32283,7.84218,0,0,0
Daniyal,5384,1771513223439,-0.26201,5.32283,7.84218,0,0,0
Daniyal,5385,1771513223443,-0.26201,5.32283,7.84218,0,0,0
Daniyal,5386,1771513223446,-0.26201,5.32283,7.84218,0,0,0
Daniyal,5387,1771513223449,-0.26201,5.32283,7.84218,0,0,0
Daniyal,5388,1771513223453,-0.26201,5.32283,7.84218,0,0,0
Daniyal,5389,1771513223457,-0.26201,5.32283,7.84218,0,0,0
Daniyal,5390,1771513223464,-0.26201,5.32283,7.84218,0,0,0
Daniyal,5391,1771513223474,-0.26201,5.32283,7.84218,0,0,0
Daniyal,5392,1771513223478,-0.26201,5.32283,7.84218,0,0,0
Daniyal,5393,1771513223481,-0.26201,5.32283,7.84218,0,0,0
Daniyal,5394,1771513223484,-0.26201,5.32283,7.84218,0,0,0
Daniyal,5395,1771513223487,-0.26201,5.32283,7.84218,0,0,0
Daniyal,5396,1771513223491,-0.26201,5.32283,7.84218,0,0,0
Daniyal,5397,1771513223496,-0.26201,5.32283,7.84218,0,0,0
Daniyal,5398,1771513223502,-0.26201,5.32283,7.84218,0,0,0
Daniyal,5399,1771513223509,-0.26201,5.32283,7.84218,0,0,0
Daniyal,5400,1771513223518,-0.26201,5.32283,7.84218,0,0,0
Daniyal,5401,1771513223525,-0.26201,5.32283,7.84218,0,0,0
Daniyal,5402,1771513223530,-0.26201,5.32283,7.84218,0,0,0
Daniyal,5403,1771513223534,-0.26201,5.32283,7.84218,0,0,0
Daniyal,5404,1771513223540,-0.26201,5.32283,7.84218,0,0,0
Daniyal,5405,1771513223545,-0.26201,5.32283,7.84218,0,0,0
Daniyal,5406,1771513223553,-0.26201,5.32283,7.84218,0,0,0
Daniyal,5407,1771513223557,-0.26201,5.32283,7.84218,0,0,0
Daniyal,5408,1771513223563,-0.26201,5.32283,7.84218,0,0,0
Daniyal,5409,1771513223568,-0.26201,5.32283,7.84218,0,0,0
Daniyal,5410,1771513223683,-0.26201,5.32283,7.84218,0,0,0
Daniyal,5411,1771513223687,-0.26201,5.32283,7.84218,0,0,0
Daniyal,5412,1771513223693,-0.26201,5.32283,7.84218,0,0,0
Daniyal,5413,1771513223700,-0.26201,5.32283,7.84218,0,0,0
Daniyal,5414,1771513223706,-0.26201,5.32283,7.84218,0,0,0
Daniyal,5415,1771513223710,-0.26201,5.32283,7.84218,0,0,0
Daniyal,5416,1771513223714,-0.26201,5.32283,7.84218,0,0,0
Daniyal,5417,1771513223718,-0.26201,5.32283,7.84218,0,0,0
Daniyal,5418,1771513223722,-0.26201,5.32283,7.84218,0,0,0
Daniyal,5419,1771513223726,-0.26201,5.32283,7.84218,0,0,0
Daniyal,5420,1771513223732,-0.26201,5.32283,7.84218,0,0,0
Daniyal,5421,1771513223737,-0.26201,5.32283,7.84218,0,0,0
Daniyal,5422,1771513223744,-0.26201,5.32283,7.84218,0,0,0
Daniyal,5423,1771513223749,-0.26201,5.32283,7.84218,0,0,0
Daniyal,5424,1771513223753,-0.26201,5.32283,7.84218,0,0,0
Daniyal,5425,1771513223757,-0.26201,5.32283,7.84218,0,0,0
Daniyal,5426,1771513223762,-0.26201,5.32283,7.84218,0,0,0
Daniyal,5427,1771513223766,-0.26201,5.32283,7.84218,0,0,0
Daniyal,5428,1771513223772,-0.26201,5.32283,7.84218,0,0,0
Daniyal,5429,1771513223780,-0.26201,5.32283,7.84218,0,0,0
Daniyal,5430,1771513223792,-0.26201,5.32283,7.84218,0,0,0
Daniyal,5431,1771513223797,-0.26201,5.32283,7.84218,0,0,0
Daniyal,5432,1771513223802,-0.26201,5.32283,7.84218,0,0,0
Daniyal,5433,1771513223806,-0.26201,5.32283,7.84218,0,0,0
Daniyal,5434,1771513223810,-0.26201,5.32283,7.84218,0,0,0
Daniyal,5435,1771513223815,-0.26201,5.32283,7.84218,0,0,0
Daniyal,5436,1771513223821,-0.26201,5.32283,7.84218,0,0,0
Daniyal,5437,1771513223825,-0.26201,5.32283,7.84218,0,0,0
Daniyal,5438,1771513223832,-0.26201,5.32283,7.84218,0,0,0
Daniyal,5439,1771513223837,-0.26201,5.32283,7.84218,0,0,0
Daniyal,5440,1771513223840,-0.26201,5.32283,7.84218,0,0,0
Daniyal,5441,1771513223843,-0.26201,5.32283,7.84218,0,0,0
Daniyal,5442,1771513223847,-0.26201,5.32283,7.84218,0,0,0
Daniyal,5443,1771513223850,-0.26201,5.32283,7.84218,0,0,0
Daniyal,5444,1771513223853,-0.26201,5.32283,7.84218,0,0,0
Daniyal,5445,1771513223859,-0.26201,5.32283,7.84218,0,0,0
Daniyal,5446,1771513223870,-0.26201,5.32283,7.84218,0,0,0
Daniyal,5447,1771513223876,-0.26201,5.32283,7.84218,0,0,0
Daniyal,5448,1771513223883,-0.26201,5.32283,7.84218,0,0,0
Daniyal,5449,1771513223889,-0.26201,5.32283,7.84218,0,0,0
Daniyal,5450,1771513223893,-0.26201,5.32283,7.84218,0,0,0
Daniyal,5451,1771513223898,-0.26201,5.32283,7.84218,0,0,0
Daniyal,5452,1771513223902,-0.26201,5.32283,7.84218,0,0,0
Daniyal,5453,1771513223909,-0.26201,5.32283,7.84218,0,0,0
Daniyal,5454,1771513223916,-0.26201,5.32283,7.84218,0,0,0
Daniyal,5455,1771513223920,-0.26201,5.32283,7.84218,0,0,0
Daniyal,5456,1771513223928,-0.26201,5.32283,7.84218,0,0,0
Daniyal,5457,1771513223933,-0.26201,5.32283,7.84218,0,0,0
Daniyal,5458,1771513223936,-0.26201,5.32283,7.84218,0,0,0
Daniyal,5459,1771513223940,-0.26201,5.32283,7.84218,0,0,0
Daniyal,5460,1771513223944,-0.26201,5.32283,7.84218,0,0,0
Daniyal,5461,1771513223947,-0.26201,5.32283,7.84218,0,0,0
Daniyal,5462,1771513223951,-0.26201,5.32283,7.84218,0,0,0
Daniyal,5463,1771513223956,-0.26201,5.32283,7.84218,0,0,0
Daniyal,5464,1771513223966,-0.26201,5.32283,7.84218,0,0,0
Daniyal,5465,1771513223971,-0.26201,5.32283,7.84218,0,0,0
Daniyal,5466,1771513223977,-0.26201,5.32283,7.84218,0,0,0
Daniyal,5467,1771513223982,-0.26201,5.32283,7.84218,0,0,0
Daniyal,5468,1771513223986,-0.26201,5.32283,7.84218,0,0,0
Daniyal,5469,1771513223991,-0.26201,5.32283,7.84218,0,0,0
Daniyal,5470,1771513223997,-0.26201,5.32283,7.84218,0,0,0
Daniyal,5471,1771513224003,-0.26201,5.32283,7.84218,0,0,0
Daniyal,5472,1771513224009,-0.26201,5.32283,7.84218,0,0,0
Daniyal,5473,1771513224014,-0.26201,5.32283,7.84218,0,0,0
Daniyal,5474,1771513224019,-0.26201,5.32283,7.84218,0,0,0
Daniyal,5475,1771513224026,-0.26201,5.32283,7.84218,0,0,0
Daniyal,5476,1771513224037,-0.26201,5.32283,7.84218,0,0,0
Daniyal,5477,1771513224041,-0.26201,5.32283,7.84218,0,0,0
Daniyal,5478,1771513224046,-0.26201,5.32283,7.84218,0,0,0
Daniyal,5479,1771513224049,-0.26201,5.32283,7.84218,0,0,0
Daniyal,5480,1771513224052,-0.26201,5.32283,7.84218,0,0,0
Daniyal,5481,1771513224055,-0.26201,5.32283,7.84218,0,0,0
Daniyal,5482,1771513224059,-0.26201,5.32283,7.84218,0,0,0
Daniyal,5483,1771513224064,-0.26201,5.32283,7.84218,0,0,0
Daniyal,5484,1771513224072,-0.26201,5.32283,7.84218,0,0,0
Daniyal,5485,1771513224078,-0.26201,5.32283,7.84218,0,0,0
Daniyal,5486,1771513224086,-0.26201,5.32283,7.84218,0,0,0
Daniyal,5487,1771513224091,-0.26201,5.32283,7.84218,0,0,0
Daniyal,5488,1771513224097,-0.26201,5.32283,7.84218,0,0,0
Daniyal,5489,1771513224102,-0.26201,5.32283,7.84218,0,0,0
Daniyal,5490,1771513224106,-0.26201,5.32283,7.84218,0,0,0
Daniyal,5491,1771513224112,-0.26201,5.32283,7.84218,0,0,0
Daniyal,5492,1771513224118,-0.26201,5.32283,7.84218,0,0,0
Daniyal,5493,1771513224125,-0.26201,5.32283,7.84218,0,0,0
Daniyal,5494,1771513224130,-0.26201,5.32283,7.84218,0,0,0
Daniyal,5495,1771513224137,-0.26201,5.32283,7.84218,0,0,0
Daniyal,5496,1771513224141,-0.26201,5.32283,7.84218,0,0,0
Daniyal,5497,1771513224145,-0.26201,5.32283,7.84218,0,0,0
Daniyal,5498,1771513224148,-0.26201,5.32283,7.84218,0,0,0
Daniyal,5499,1771513224150,-0.26201,5.32283,7.84218,0,0,0
Daniyal,5500,1771513224154,-0.26201,5.32283,7.84218,0,0,0
Daniyal,5501,1771513224157,-0.26201,5.32283,7.84218,0,0,0
Daniyal,5502,1771513224162,-0.26201,5.32283,7.84218,0,0,0
Daniyal,5503,1771513224166,-0.26201,5.32283,7.84218,0,0,0
Daniyal,5504,1771513224174,-0.26201,5.32283,7.84218,0,0,0
Daniyal,5505,1771513224177,-0.26201,5.32283,7.84218,0,0,0
Daniyal,5506,1771513224181,-0.26201,5.32283,7.84218,0,0,0
Daniyal,5507,1771513224184,-0.26201,5.32283,7.84218,0,0,0
Daniyal,5508,1771513224188,-0.26201,5.32283,7.84218,0,0,0
Daniyal,5509,1771513224192,-0.26201,5.32283,7.84218,0,0,0
Daniyal,5510,1771513224196,-0.26201,5.32283,7.84218,0,0,0
Daniyal,5511,1771513224199,-0.26201,5.32283,7.84218,0,0,0
Daniyal,5512,1771513224205,-0.26201,5.32283,7.84218,0,0,0
Daniyal,5513,1771513224210,-0.26201,5.32283,7.84218,0,0,0
Daniyal,5514,1771513224216,-0.26201,5.32283,7.84218,0,0,0
Daniyal,5515,1771513224221,-0.26201,5.32283,7.84218,0,0,0
Daniyal,5516,1771513224225,-0.26201,5.32283,7.84218,0,0,0
Daniyal,5517,1771513224228,-0.26201,5.32283,7.84218,0,0,0
Daniyal,5518,1771513224231,-0.26201,5.32283,7.84218,0,0,0
Daniyal,5519,1771513224234,-0.26201,5.32283,7.84218,0,0,0
Daniyal,5520,1771513224239,-0.26201,5.32283,7.84218,0,0,0
Daniyal,5521,1771513224245,-0.26201,5.32283,7.84218,0,0,0
Daniyal,5522,1771513224255,-0.26201,5.32283,7.84218,0,0,0
Daniyal,5523,1771513224261,-0.26201,5.32283,7.84218,0,0,0
Daniyal,5524,1771513224266,-0.26201,5.32283,7.84218,0,0,0
Daniyal,5525,1771513224272,-0.26201,5.32283,7.84218,0,0,0
Daniyal,5526,1771513224277,-0.26201,5.32283,7.84218,0,0,0
Daniyal,5527,1771513224282,-0.26201,5.32283,7.84218,0,0,0
Daniyal,5528,1771513224289,-0.26201,5.32283,7.84218,0,0,0
Daniyal,5529,1771513224299,-0.26201,5.32283,7.84218,0,0,0
Daniyal,5530,1771513224303,-0.26201,5.32283,7.84218,0,0,0
Daniyal,5531,1771513224307,-0.26201,5.32283,7.84218,0,0,0
Daniyal,5532,1771513224310,-0.26201,5.32283,7.84218,0,0,0
Daniyal,5533,1771513224314,-0.26201,5.32283,7.84218,0,0,0
Daniyal,5534,1771513224318,-0.26201,5.32283,7.84218,0,0,0
Daniyal,5535,1771513224322,-0.26201,5.32283,7.84218,0,0,0
Daniyal,5536,1771513224328,-0.26201,5.32283,7.84218,0,0,0
Daniyal,5537,1771513224334,-0.26201,5.32283,7.84218,0,0,0
Daniyal,5538,1771513224347,-0.26201,5.32283,7.84218,0,0,0
Daniyal,5539,1771513224350,-0.26201,5.32283,7.84218,0,0,0
Daniyal,5540,1771513224354,-0.26201,5.32283,7.84218,0,0,0
Daniyal,5541,1771513224358,-0.26201,5.32283,7.84218,0,0,0
Daniyal,5542,1771513224361,-0.26201,5.32283,7.84218,0,0,0
Daniyal,5543,1771513224365,-0.26201,5.32283,7.84218,0,0,0
Daniyal,5544,1771513224373,-0.26201,5.32283,7.84218,0,0,0
Daniyal,5545,1771513224376,-0.26201,5.32283,7.84218,0,0,0
Daniyal,5546,1771513224379,-0.26201,5.32283,7.84218,0,0,0
Daniyal,5547,1771513224383,-0.26201,5.32283,7.84218,0,0,0
Daniyal,5548,1771513224386,-0.26201,5.32283,7.84218,0,0,0
Daniyal,5549,1771513224390,-0.26201,5.32283,7.84218,0,0,0
Daniyal,5550,1771513224394,-0.26201,5.32283,7.84218,0,0,0
Daniyal,5551,1771513224399,-0.26201,5.32283,7.84218,0,0,0
Daniyal,5552,1771513224406,-0.26201,5.32283,7.84218,0,0,0
Daniyal,5553,1771513224416,-0.26201,5.32283,7.84218,0,0,0
Daniyal,5554,1771513224422,-0.26201,5.32283,7.84218,0,0,0
Daniyal,5555,1771513224426,-0.26201,5.32283,7.84218,0,0,0
Daniyal,5556,1771513224430,-0.26201,5.32283,7.84218,0,0,0
Daniyal,5557,1771513224434,-0.26201,5.32283,7.84218,0,0,0
Daniyal,5558,1771513224438,-0.26201,5.32283,7.84218,0,0,0
Daniyal,5559,1771513224442,-0.26201,5.32283,7.84218,0,0,0
Daniyal,5560,1771513224447,-0.26201,5.32283,7.84218,0,0,0
Daniyal,5561,1771513224452,-0.26201,5.32283,7.84218,0,0,0
Daniyal,5562,1771513224460,-0.26201,5.32283,7.84218,0,0,0
Daniyal,5563,1771513224463,-0.26201,5.32283,7.84218,0,0,0
Daniyal,5564,1771513224466,-0.26201,5.32283,7.84218,0,0,0
Daniyal,5565,1771513224469,-0.26201,5.32283,7.84218,0,0,0
Daniyal,5566,1771513224474,-0.26201,5.32283,7.84218,0,0,0
Daniyal,5567,1771513224478,-0.26201,5.32283,7.84218,0,0,0
Daniyal,5568,1771513224484,-0.26201,5.32283,7.84218,0,0,0
Daniyal,5569,1771513224489,-0.26201,5.32283,7.84218,0,0,0
Daniyal,5570,1771513224496,-0.26201,5.32283,7.84218,0,0,0
Daniyal,5571,1771513224502,-0.26201,5.32283,7.84218,0,0,0
Daniyal,5572,1771513224512,-0.26201,5.32283,7.84218,0,0,0
Daniyal,5573,1771513224515,-0.26201,5.32283,7.84218,0,0,0
Daniyal,5574,1771513224520,-0.26201,5.32283,7.84218,0,0,0
Daniyal,5575,1771513224526,-0.26201,5.32283,7.84218,0,0,0
Daniyal,5576,1771513224530,-0.26201,5.32283,7.84218,0,0,0
Daniyal,5577,1771513224536,-0.26201,5.32283,7.84218,0,0,0
Daniyal,5578,1771513224541,-0.26201,5.32283,7.84218,0,0,0
Daniyal,5579,1771513224546,-0.26201,5.32283,7.84218,0,0,0
Daniyal,5580,1771513224550,-0.26201,5.32283,7.84218,0,0,0
Daniyal,5581,1771513224554,-0.26201,5.32283,7.84218,0,0,0
Daniyal,5582,1771513224561,-0.26201,5.32283,7.84218,0,0,0
Daniyal,5583,1771513224571,-0.26201,5.32283,7.84218,0,0,0
Daniyal,5584,1771513224577,-0.26201,5.32283,7.84218,0,0,0
Daniyal,5585,1771513224582,-0.26201,5.32283,7.84218,0,0,0
Daniyal,5586,1771513224587,-0.26201,5.32283,7.84218,0,0,0
Daniyal,5587,1771513224598,-0.26201,5.32283,7.84218,0,0,0
Daniyal,5588,1771513224608,-0.26201,5.32283,7.84218,0,0,0
Daniyal,5589,1771513224613,-0.26201,5.32283,7.84218,0,0,0
Daniyal,5590,1771513224618,-0.26201,5.32283,7.84218,0,0,0
Daniyal,5591,1771513224622,-0.26201,5.32283,7.84218,0,0,0
Daniyal,5592,1771513224626,-0.26201,5.32283,7.84218,0,0,0
Daniyal,5593,1771513224632,-0.26201,5.32283,7.84218,0,0,0
Daniyal,5594,1771513224638,-0.26201,5.32283,7.84218,0,0,0
Daniyal,5595,1771513224644,-0.26201,5.32283,7.84218,0,0,0
Daniyal,5596,1771513224649,-0.26201,5.32283,7.84218,0,0,0
Daniyal,5597,1771513224659,-0.26201,5.32283,7.84218,0,0,0
Daniyal,5598,1771513224662,-0.26201,5.32283,7.84218,0,0,0
Daniyal,5599,1771513224665,-0.26201,5.32283,7.84218,0,0,0
Daniyal,5600,1771513224669,-0.26201,5.32283,7.84218,0,0,0
Daniyal,5601,1771513224672,-0.26201,5.32283,7.84218,0,0,0
Daniyal,5602,1771513224676,-0.26201,5.32283,7.84218,0,0,0
Daniyal,5603,1771513224682,-0.26201,5.32283,7.84218,0,0,0
Daniyal,5604,1771513224691,-0.26201,5.32283,7.84218,0,0,0
Daniyal,5605,1771513224694,-0.26201,5.32283,7.84218,0,0,0
Daniyal,5606,1771513224697,-0.26201,5.32283,7.84218,0,0,0
Daniyal,5607,1771513224701,-0.26201,5.32283,7.84218,0,0,0
Daniyal,5608,1771513224706,-0.26201,5.32283,7.84218,0,0,0
Daniyal,5609,1771513224709,-0.26201,5.32283,7.84218,0,0,0
Daniyal,5610,1771513224713,-0.26201,5.32283,7.84218,0,0,0
Daniyal,5611,1771513224717,-0.26201,5.32283,7.84218,0,0,0
Daniyal,5612,1771513224725,-0.26201,5.32283,7.84218,0,0,0
Daniyal,5613,1771513224728,-0.26201,5.32283,7.84218,0,0,0
Daniyal,5614,1771513224731,-0.26201,5.32283,7.84218,0,0,0
Daniyal,5615,1771513224735,-0.26201,5.32283,7.84218,0,0,0
Daniyal,5616,1771513224738,-0.26201,5.32283,7.84218,0,0,0
Daniyal,5617,1771513224742,-0.26201,5.32283,7.84218,0,0,0
Daniyal,5618,1771513224746,-0.26201,5.32283,7.84218,0,0,0
Daniyal,5619,1771513224751,-0.26201,5.32283,7.84218,0,0,0
Daniyal,5620,1771513224758,-0.26201,5.32283,7.84218,0,0,0
Daniyal,5621,1771513224769,-0.26201,5.32283,7.84218,0,0,0
Daniyal,5622,1771513224775,-0.26201,5.32283,7.84218,0,0,0
Daniyal,5623,1771513224781,-0.26201,5.32283,7.84218,0,0,0
Daniyal,5624,1771513224786,-0.26201,5.32283,7.84218,0,0,0
Daniyal,5625,1771513224790,-0.26201,5.32283,7.84218,0,0,0
Daniyal,5626,1771513224796,-0.26201,5.32283,7.84218,0,0,0
Daniyal,5627,1771513224802,-0.26201,5.32283,7.84218,0,0,0
Daniyal,5628,1771513224806,-0.26201,5.32283,7.84218,0,0,0
Daniyal,5629,1771513224814,-0.26201,5.32283,7.84218,0,0,0
Daniyal,5630,1771513224820,-0.26201,5.32283,7.84218,0,0,0
Daniyal,5631,1771513224831,-0.26201,5.32283,7.84218,0,0,0
Daniyal,5632,1771513224838,-0.26201,5.32283,7.84218,0,0,0
Daniyal,5633,1771513224841,-0.26201,5.32283,7.84218,0,0,0
Daniyal,5634,1771513224845,-0.26201,5.32283,7.84218,0,0,0
Daniyal,5635,1771513224848,-0.26201,5.32283,7.84218,0,0,0
Daniyal,5636,1771513224852,-0.26201,5.32283,7.84218,0,0,0
Daniyal,5637,1771513224855,-0.26201,5.32283,7.84218,0,0,0
Daniyal,5638,1771513224859,-0.26201,5.32283,7.84218,0,0,0
Daniyal,5639,1771513224863,-0.26201,5.32283,7.84218,0,0,0
Daniyal,5640,1771513224873,-0.26201,5.32283,7.84218,0,0,0
Daniyal,5641,1771513224877,-0.26201,5.32283,7.84218,0,0,0
Daniyal,5642,1771513224880,-0.26201,5.32283,7.84218,0,0,0
Daniyal,5643,1771513224884,-0.26201,5.32283,7.84218,0,0,0
Daniyal,5644,1771513224890,-0.26201,5.32283,7.84218,0,0,0
Daniyal,5645,1771513224897,-0.26201,5.32283,7.84218,0,0,0
Daniyal,5646,1771513224901,-0.26201,5.32283,7.84218,0,0,0
Daniyal,5647,1771513224908,-0.26201,5.32283,7.84218,0,0,0
Daniyal,5648,1771513224912,-0.26201,5.32283,7.84218,0,0,0
Daniyal,5649,1771513224915,-0.26201,5.32283,7.84218,0,0,0
Daniyal,5650,1771513224919,-0.26201,5.32283,7.84218,0,0,0
Daniyal,5651,1771513224922,-0.26201,5.32283,7.84218,0,0,0
Daniyal,5652,1771513224926,-0.26201,5.32283,7.84218,0,0,0
Daniyal,5653,1771513224934,-0.26201,5.32283,7.84218,0,0,0
Daniyal,5654,1771513224940,-0.26201,5.32283,7.84218,0,0,0
Daniyal,5655,1771513224946,-0.26201,5.32283,7.84218,0,0,0
Daniyal,5656,1771513224953,-0.26201,5.32283,7.84218,0,0,0
Daniyal,5657,1771513224958,-0.26201,5.32283,7.84218,0,0,0
Daniyal,5658,1771513224964,-0.26201,5.32283,7.84218,0,0,0
Daniyal,5659,1771513224969,-0.26201,5.32283,7.84218,0,0,0
Daniyal,5660,1771513224974,-0.26201,5.32283,7.84218,0,0,0
Daniyal,5661,1771513224980,-0.26201,5.32283,7.84218,0,0,0
Daniyal,5662,1771513224993,-0.26201,5.32283,7.84218,0,0,0
Daniyal,5663,1771513224998,-0.26201,5.32283,7.84218,0,0,0
Daniyal,5664,1771513225004,-0.26201,5.32283,7.84218,0,0,0
Daniyal,5665,1771513225010,-0.26201,5.32283,7.84218,0,0,0
Daniyal,5666,1771513225013,-0.26201,5.32283,7.84218,0,0,0
Daniyal,5667,1771513225018,-0.26201,5.32283,7.84218,0,0,0
Daniyal,5668,1771513225024,-0.26201,5.32283,7.84218,0,0,0
Daniyal,5669,1771513225032,-0.26201,5.32283,7.84218,0,0,0
Daniyal,5670,1771513225044,-0.26201,5.32283,7.84218,0,0,0
Daniyal,5671,1771513225049,-0.26201,5.32283,7.84218,0,0,0
Daniyal,5672,1771513225055,-0.26201,5.32283,7.84218,0,0,0
Daniyal,5673,1771513225061,-0.26201,5.32283,7.84218,0,0,0
Daniyal,5674,1771513225066,-0.26201,5.32283,7.84218,0,0,0
Daniyal,5675,1771513225072,-0.26201,5.32283,7.84218,0,0,0
Daniyal,5676,1771513225078,-0.26201,5.32283,7.84218,0,0,0
Daniyal,5677,1771513225084,-0.26201,5.32283,7.84218,0,0,0
Daniyal,5678,1771513225089,-0.26201,5.32283,7.84218,0,0,0
Daniyal,5679,1771513225099,-0.26201,5.32283,7.84218,0,0,0
Daniyal,5680,1771513225103,-0.26201,5.32283,7.84218,0,0,0
Daniyal,5681,1771513225107,-0.26201,5.32283,7.84218,0,0,0
Daniyal,5682,1771513225110,-0.26201,5.32283,7.84218,0,0,0
Daniyal,5683,1771513225114,-0.26201,5.32283,7.84218,0,0,0
Daniyal,5684,1771513225118,-0.26201,5.32283,7.84218,0,0,0
Daniyal,5685,1771513225123,-0.26201,5.32283,7.84218,0,0,0
Daniyal,5686,1771513225133,-0.26201,5.32283,7.84218,0,0,0
Daniyal,5687,1771513225143,-0.26201,5.32283,7.84218,0,0,0
Daniyal,5688,1771513225149,-0.26201,5.32283,7.84218,0,0,0
Daniyal,5689,1771513225154,-0.26201,5.32283,7.84218,0,0,0
Daniyal,5690,1771513225159,-0.26201,5.32283,7.84218,0,0,0
Daniyal,5691,1771513225166,-0.26201,5.32283,7.84218,0,0,0
Daniyal,5692,1771513225170,-0.26201,5.32283,7.84218,0,0,0
Daniyal,5693,1771513225177,-0.26201,5.32283,7.84218,0,0,0
Daniyal,5694,1771513225182,-0.26201,5.32283,7.84218,0,0,0
Daniyal,5695,1771513225190,-0.26201,5.32283,7.84218,0,0,0
Daniyal,5696,1771513225196,-0.26201,5.32283,7.84218,0,0,0
Daniyal,5697,1771513225205,-0.26201,5.32283,7.84218,0,0,0
Daniyal,5698,1771513225210,-0.26201,5.32283,7.84218,0,0,0
Daniyal,5699,1771513225217,-0.26201,5.32283,7.84218,0,0,0
Daniyal,5700,1771513225221,-0.26201,5.32283,7.84218,0,0,0
Daniyal,5701,1771513225226,-0.26201,5.32283,7.84218,0,0,0
Daniyal,5702,1771513225231,-0.26201,5.32283,7.84218,0,0,0
Daniyal,5703,1771513225238,-0.26201,5.32283,7.84218,0,0,0
Daniyal,5704,1771513225250,-0.26201,5.32283,7.84218,0,0,0
Daniyal,5705,1771513225256,-0.26201,5.32283,7.84218,0,0,0
Daniyal,5706,1771513225261,-0.26201,5.32283,7.84218,0,0,0
Daniyal,5707,1771513225266,-0.26201,5.32283,7.84218,0,0,0
Daniyal,5708,1771513225274,-0.26201,5.32283,7.84218,0,0,0
Daniyal,5709,1771513225279,-0.26201,5.32283,7.84218,0,0,0
Daniyal,5710,1771513225283,-0.26201,5.32283,7.84218,0,0,0
Daniyal,5711,1771513225292,-0.26201,5.32283,7.84218,0,0,0
Daniyal,5712,1771513225297,-0.26201,5.32283,7.84218,0,0,0
Daniyal,5713,1771513225301,-0.26201,5.32283,7.84218,0,0,0
Daniyal,5714,1771513225307,-0.26201,5.32283,7.84218,0,0,0
Daniyal,5715,1771513225313,-0.26201,5.32283,7.84218,0,0,0
Daniyal,5716,1771513225318,-0.26201,5.32283,7.84218,0,0,0
Daniyal,5717,1771513225325,-0.26201,5.32283,7.84218,0,0,0
Daniyal,5718,1771513225332,-0.26201,5.32283,7.84218,0,0,0
Daniyal,5719,1771513225346,-0.26201,5.32283,7.84218,0,0,0
Daniyal,5720,1771513225354,-0.26201,5.32283,7.84218,0,0,0
Daniyal,5721,1771513225359,-0.26201,5.32283,7.84218,0,0,0
Daniyal,5722,1771513225366,-0.26201,5.32283,7.84218,0,0,0
Daniyal,5723,1771513225374,-0.26201,5.32283,7.84218,0,0,0
Daniyal,5724,1771513225380,-0.26201,5.32283,7.84218,0,0,0
Daniyal,5725,1771513225386,-0.26201,5.32283,7.84218,0,0,0
Daniyal,5726,1771513225390,-0.26201,5.32283,7.84218,0,0,0
Daniyal,5727,1771513225396,-0.26201,5.32283,7.84218,0,0,0
Daniyal,5728,1771513225407,-0.26201,5.32283,7.84218,0,0,0
Daniyal,5729,1771513225413,-0.26201,5.32283,7.84218,0,0,0
Daniyal,5730,1771513225417,-0.26201,5.32283,7.84218,0,0,0
Daniyal,5731,1771513225421,-0.26201,5.32283,7.84218,0,0,0
Daniyal,5732,1771513225426,-0.26201,5.32283,7.84218,0,0,0
Daniyal,5733,1771513225431,-0.26201,5.32283,7.84218,0,0,0
Daniyal,5734,1771513225437,-0.26201,5.32283,7.84218,0,0,0
Daniyal,5735,1771513225449,-0.26201,5.32283,7.84218,0,0,0
Daniyal,5736,1771513225460,-0.26201,5.32283,7.84218,0,0,0
Daniyal,5737,1771513225465,-0.26201,5.32283,7.84218,0,0,0
Daniyal,5738,1771513225469,-0.26201,5.32283,7.84218,0,0,0
Daniyal,5739,1771513225473,-0.26201,5.32283,7.84218,0,0,0
Daniyal,5740,1771513225478,-0.26201,5.32283,7.84218,0,0,0
Daniyal,5741,1771513225483,-0.26201,5.32283,7.84218,0,0,0
Daniyal,5742,1771513225489,-0.26201,5.32283,7.84218,0,0,0
Daniyal,5743,1771513225494,-0.26201,5.32283,7.84218,0,0,0
Daniyal,5744,1771513225501,-0.26201,5.32283,7.84218,0,0,0
Daniyal,5745,1771513225509,-0.26201,5.32283,7.84218,0,0,0
Daniyal,5746,1771513225513,-0.26201,5.32283,7.84218,0,0,0
Daniyal,5747,1771513225517,-0.26201,5.32283,7.84218,0,0,0
Daniyal,5748,1771513225522,-0.26201,5.32283,7.84218,0,0,0
Daniyal,5749,1771513225526,-0.26201,5.32283,7.84218,0,0,0
Daniyal,5750,1771513225532,-0.26201,5.32283,7.84218,0,0,0
Daniyal,5751,1771513225538,-0.26201,5.32283,7.84218,0,0,0
Daniyal,5752,1771513225544,-0.26201,5.32283,7.84218,0,0,0
Daniyal,5753,1771513225555,-0.26201,5.32283,7.84218,0,0,0
Daniyal,5754,1771513225560,-0.26201,5.32283,7.84218,0,0,0
Daniyal,5755,1771513225565,-0.26201,5.32283,7.84218,0,0,0
Daniyal,5756,1771513225570,-0.26201,5.32283,7.84218,0,0,0
Daniyal,5757,1771513225574,-0.26201,5.32283,7.84218,0,0,0
Daniyal,5758,1771513661347,-0.26201,5.32283,7.84218,0,0,0
Daniyal,5759,1771513661372,-0.26201,5.32283,7.84218,0,0,0
Daniyal,5760,1771513661414,-0.26201,5.32283,7.84218,0,0,0
Daniyal,5761,1771513661427,-0.26201,5.32283,7.84218,0,0,0
Daniyal,5762,1771513661501,-0.26201,5.32283,7.84218,0,0,0
Daniyal,5763,1771513661576,-0.26201,5.32283,7.84218,0,0,0
Daniyal,5764,1771513661580,-0.26201,5.32283,7.84218,0,0,0
Daniyal,5765,1771513661585,-0.26201,5.32283,7.84218,0,0,0
Daniyal,5766,1771513661606,-0.26201,5.32283,7.84218,0,0,0
Daniyal,5767,1771513661610,-0.26201,5.32283,7.84218,0,0,0
Daniyal,5768,1771513661678,-0.26201,5.32283,7.84218,0,0,0
Daniyal,5769,1771513661731,-0.26201,5.32283,7.84218,0,0,0
Daniyal,5770,1771513661753,-0.26201,5.32283,7.84218,0,0,0
Daniyal,5771,1771513661798,-0.26201,5.32283,7.84218,0,0,0
Daniyal,5772,1771513661834,-0.26201,5.32283,7.84218,0,0,0
Daniyal,5773,1771513661856,-0.26201,5.32283,7.84218,0,0,0
Daniyal,5774,1771513661875,-0.26201,5.32283,7.84218,0,0,0
Daniyal,5775,1771513661892,-0.26201,5.32283,7.84218,0,0,0
Daniyal,5776,1771513661900,-0.26201,5.32283,7.84218,0,0,0
Daniyal,5777,1771513661906,-0.26201,5.32283,7.84218,0,0,0
Daniyal,5778,1771513661913,-0.26201,5.32283,7.84218,0,0,0
Daniyal,5779,1771513661944,-0.26201,5.32283,7.84218,0,0,0
Daniyal,5780,1771513662011,-0.26201,5.32283,7.84218,0,0,0
Daniyal,5781,1771513662019,-0.26201,5.32283,7.84218,0,0,0
Daniyal,5782,1771513662027,-0.26201,5.32283,7.84218,0,0,0
Daniyal,5783,1771513662108,-0.26201,5.32283,7.84218,0,0,0
Daniyal,5784,1771513662121,-0.26201,5.32283,7.84218,0,0,0
Daniyal,5785,1771513662151,-0.26201,5.32283,7.84218,0,0,0
Daniyal,5786,1771513662191,-0.26201,5.32283,7.84218,0,0,0
Daniyal,5787,1771513662292,-0.26201,5.32283,7.84218,0,0,0
Daniyal,5788,1771513662305,-0.26201,5.32283,7.84218,0,0,0
Daniyal,5789,1771513662336,-0.26201,5.32283,7.84218,0,0,0
Daniyal,5790,1771513662368,-0.26201,5.32283,7.84218,0,0,0
Daniyal,5791,1771513662391,-0.26201,5.32283,7.84218,0,0,0
Daniyal,5792,1771513662419,-0.26201,5.32283,7.84218,0,0,0
Daniyal,5793,1771513662435,-0.26201,5.32283,7.84218,0,0,0
Daniyal,5794,1771513662456,-0.26201,5.32283,7.84218,0,0,0
Daniyal,5795,1771513662480,-0.26201,5.32283,7.84218,0,0,0
Daniyal,5796,1771513662526,-0.26201,5.32283,7.84218,0,0,0
Daniyal,5797,1771513662536,-0.26201,5.32283,7.84218,0,0,0
Daniyal,5798,1771513662547,-0.26201,5.32283,7.84218,0,0,0
Daniyal,5799,1771513662561,-0.26201,5.32283,7.84218,0,0,0
Daniyal,5800,1771513662564,-0.26201,5.32283,7.84218,0,0,0
Daniyal,5801,1771513662568,-0.26201,5.32283,7.84218,0,0,0
Daniyal,5802,1771513662574,-0.26201,5.32283,7.84218,0,0,0
Daniyal,5803,1771513662593,-0.26201,5.32283,7.84218,0,0,0
Daniyal,5804,1771513662600,-0.26201,5.32283,7.84218,0,0,0
Daniyal,5805,1771513662604,-0.26201,5.32283,7.84218,0,0,0
Daniyal,5806,1771513662609,-0.26201,5.32283,7.84218,0,0,0
Daniyal,5807,1771513662616,-0.26201,5.32283,7.84218,0,0,0
Daniyal,5808,1771513662626,-0.26201,5.32283,7.84218,0,0,0
Daniyal,5809,1771513662635,-0.26201,5.32283,7.84218,0,0,0
Daniyal,5810,1771513662649,-0.26201,5.32283,7.84218,0,0,0
Daniyal,5811,1771513662661,-0.26201,5.32283,7.84218,0,0,0
Daniyal,5812,1771513662667,-0.26201,5.32283,7.84218,0,0,0
Daniyal,5813,1771513662672,-0.26201,5.32283,7.84218,0,0,0
Daniyal,5814,1771513662677,-0.26201,5.32283,7.84218,0,0,0
Daniyal,5815,1771513662689,-0.26201,5.32283,7.84218,0,0,0
Daniyal,5816,1771513662698,-0.26201,5.32283,7.84218,0,0,0
Daniyal,5817,1771513662705,-0.26201,5.32283,7.84218,0,0,0
Daniyal,5818,1771513662718,-0.26201,5.32283,7.84218,0,0,0
Daniyal,5819,1771513662734,-0.26201,5.32283,7.84218,0,0,0
Daniyal,5820,1771513662749,-0.26201,5.32283,7.84218,0,0,0
Daniyal,5821,1771513662791,-0.26201,5.32283,7.84218,0,0,0
Daniyal,5822,1771513662800,-0.26201,5.32283,7.84218,0,0,0
Daniyal,5823,1771513662810,-0.26201,5.32283,7.84218,0,0,0
Daniyal,5824,1771513662835,-0.26201,5.32283,7.84218,0,0,0
Daniyal,5825,1771513662839,-0.26201,5.32283,7.84218,0,0,0
Daniyal,5826,1771513662860,-0.26201,5.32283,7.84218,0,0,0
Daniyal,5827,1771513662868,-0.26201,5.32283,7.84218,0,0,0
Daniyal,5828,1771513662875,-0.26201,5.32283,7.84218,0,0,0
Daniyal,5829,1771513662893,-0.26201,5.32283,7.84218,0,0,0
Daniyal,5830,1771513662897,-0.26201,5.32283,7.84218,0,0,0
Daniyal,5831,1771513662903,-0.26201,5.32283,7.84218,0,0,0
Daniyal,5832,1771513662905,-0.26201,5.32283,7.84218,0,0,0
Daniyal,5833,1771513662911,-0.26201,5.32283,7.84218,0,0,0
Daniyal,5834,1771513662915,-0.26201,5.32283,7.84218,0,0,0
Daniyal,5835,1771513662920,-0.26201,5.32283,7.84218,0,0,0
Daniyal,5836,1771513662940,-0.26201,5.32283,7.84218,0,0,0
Daniyal,5837,1771513662954,-0.26201,5.32283,7.84218,0,0,0
Daniyal,5838,1771513662983,-0.26201,5.32283,7.84218,0,0,0
Daniyal,5839,1771513662990,-0.26201,5.32283,7.84218,0,0,0
Daniyal,5840,1771513662994,-0.26201,5.32283,7.84218,0,0,0
Daniyal,5841,1771513662998,-0.26201,5.32283,7.84218,0,0,0
Daniyal,5842,1771513663001,-0.26201,5.32283,7.84218,0,0,0
Daniyal,5843,1771513663006,-0.26201,5.32283,7.84218,0,0,0
Daniyal,5844,1771513663013,-0.26201,5.32283,7.84218,0,0,0
Daniyal,5845,1771513663016,-0.26201,5.32283,7.84218,0,0,0
Daniyal,5846,1771513663020,-0.26201,5.32283,7.84218,0,0,0
Daniyal,5847,1771513663033,-0.26201,5.32283,7.84218,0,0,0
Daniyal,5848,1771513663040,-0.26201,5.32283,7.84218,0,0,0
Daniyal,5849,1771513663050,-0.26201,5.32283,7.84218,0,0,0
Daniyal,5850,1771513663058,-0.26201,5.32283,7.84218,0,0,0
Daniyal,5851,1771513663063,-0.26201,5.32283,7.84218,0,0,0
Daniyal,5852,1771513663073,-0.26201,5.32283,7.84218,0,0,0
Daniyal,5853,1771513663078,-0.26201,5.32283,7.84218,0,0,0
Daniyal,5854,1771513663089,-0.26201,5.32283,7.84218,0,0,0
Daniyal,5855,1771513663094,-0.26201,5.32283,7.84218,0,0,0
Daniyal,5856,1771513663111,-0.26201,5.32283,7.84218,0,0,0
Daniyal,5857,1771513663121,-0.26201,5.32283,7.84218,0,0,0
Daniyal,5858,1771513663131,-0.26201,5.32283,7.84218,0,0,0
Daniyal,5859,1771513663142,-0.26201,5.32283,7.84218,0,0,0
Daniyal,5860,1771513663157,-0.26201,5.32283,7.84218,0,0,0
Daniyal,5861,1771513663161,-0.26201,5.32283,7.84218,0,0,0
Daniyal,5862,1771513663165,-0.26201,5.32283,7.84218,0,0,0
Daniyal,5863,1771513663171,-0.26201,5.32283,7.84218,0,0,0
Daniyal,5864,1771513663175,-0.26201,5.32283,7.84218,0,0,0
Daniyal,5865,1771513663182,-0.26201,5.32283,7.84218,0,0,0
Daniyal,5866,1771513663193,-0.26201,5.32283,7.84218,0,0,0
Daniyal,5867,1771513663197,-0.26201,5.32283,7.84218,0,0,0
Daniyal,5868,1771513663202,-0.26201,5.32283,7.84218,0,0,0
Daniyal,5869,1771513663220,-0.26201,5.32283,7.84218,0,0,0
Daniyal,5870,1771513663223,-0.26201,5.32283,7.84218,0,0,0
Daniyal,5871,1771513663226,-0.26201,5.32283,7.84218,0,0,0
Daniyal,5872,1771513663230,-0.26201,5.32283,7.84218,0,0,0
Daniyal,5873,1771513663233,-0.26201,5.32283,7.84218,0,0,0
Daniyal,5874,1771513663240,-0.26201,5.32283,7.84218,0,0,0
Daniyal,5875,1771513663246,-0.26201,5.32283,7.84218,0,0,0
Daniyal,5876,1771513663263,-0.26201,5.32283,7.84218,0,0,0
Daniyal,5877,1771513663268,-0.26201,5.32283,7.84218,0,0,0
Daniyal,5878,1771513663272,-0.26201,5.32283,7.84218,0,0,0
Daniyal,5879,1771513663275,-0.26201,5.32283,7.84218,0,0,0
Daniyal,5880,1771513663279,-0.26201,5.32283,7.84218,0,0,0
Daniyal,5881,1771513663283,-0.26201,5.32283,7.84218,0,0,0
Daniyal,5882,1771513663290,-0.26201,5.32283,7.84218,0,0,0
Daniyal,5883,1771513663294,-0.26201,5.32283,7.84218,0,0,0
Daniyal,5884,1771513663300,-0.26201,5.32283,7.84218,0,0,0
Daniyal,5885,1771513663305,-0.26201,5.32283,7.84218,0,0,0
Daniyal,5886,1771513663314,-0.26201,5.32283,7.84218,0,0,0
Daniyal,5887,1771513663317,-0.26201,5.32283,7.84218,0,0,0
Daniyal,5888,1771513663324,-0.26201,5.32283,7.84218,0,0,0
Daniyal,5889,1771513663327,-0.26201,5.32283,7.84218,0,0,0
Daniyal,5890,1771513663331,-0.26201,5.32283,7.84218,0,0,0
Daniyal,5891,1771513663334,-0.26201,5.32283,7.84218,0,0,0
Daniyal,5892,1771513663339,-0.26201,5.32283,7.84218,0,0,0
Daniyal,5893,1771513663353,-0.26201,5.32283,7.84218,0,0,0
Daniyal,5894,1771513663358,-0.26201,5.32283,7.84218,0,0,0
Daniyal,5895,1771513663363,-0.26201,5.32283,7.84218,0,0,0
Daniyal,5896,1771513663369,-0.26201,5.32283,7.84218,0,0,0
Daniyal,5897,1771513663373,-0.26201,5.32283,7.84218,0,0,0
Daniyal,5898,1771513663378,-0.26201,5.32283,7.84218,0,0,0
Daniyal,5899,1771513663382,-0.26201,5.32283,7.84218,0,0,0
Daniyal,5900,1771513663394,-0.26201,5.32283,7.84218,0,0,0
Daniyal,5901,1771513663403,-0.26201,5.32283,7.84218,0,0,0
Daniyal,5902,1771513663406,-0.26201,5.32283,7.84218,0,0,0
Daniyal,5903,1771513663414,-0.26201,5.32283,7.84218,0,0,0
Daniyal,5904,1771513663422,-0.26201,5.32283,7.84218,0,0,0
Daniyal,5905,1771513663426,-0.26201,5.32283,7.84218,0,0,0
Daniyal,5906,1771513663430,-0.26201,5.32283,7.84218,0,0,0
Daniyal,5907,1771513663434,-0.26201,5.32283,7.84218,0,0,0
Daniyal,5908,1771513663444,-0.26201,5.32283,7.84218,0,0,0
Daniyal,5909,1771513663453,-0.26201,5.32283,7.84218,0,0,0
Daniyal,5910,1771513663456,-0.26201,5.32283,7.84218,0,0,0
Daniyal,5911,1771513663470,-0.26201,5.32283,7.84218,0,0,0
Daniyal,5912,1771513663474,-0.26201,5.32283,7.84218,0,0,0
Daniyal,5913,1771513663481,-0.26201,5.32283,7.84218,0,0,0
Daniyal,5914,1771513663491,-0.26201,5.32283,7.84218,0,0,0
Daniyal,5915,1771513663509,-0.26201,5.32283,7.84218,0,0,0
Daniyal,5916,1771513663520,-0.26201,5.32283,7.84218,0,0,0
Daniyal,5917,1771513663540,-0.26201,5.32283,7.84218,0,0,0
Daniyal,5918,1771513663544,-0.26201,5.32283,7.84218,0,0,0
Daniyal,5919,1771513663548,-0.26201,5.32283,7.84218,0,0,0
Daniyal,5920,1771513663554,-0.26201,5.32283,7.84218,0,0,0
Daniyal,5921,1771513663561,-0.26201,5.32283,7.84218,0,0,0
Daniyal,5922,1771513663591,-0.26201,5.32283,7.84218,0,0,0
Daniyal,5923,1771513663601,-0.26201,5.32283,7.84218,0,0,0
Daniyal,5924,1771513663608,-0.26201,5.32283,7.84218,0,0,0
Daniyal,5925,1771513663614,-0.26201,5.32283,7.84218,0,0,0
Daniyal,5926,1771513663619,-0.26201,5.32283,7.84218,0,0,0
Daniyal,5927,1771513663632,-0.26201,5.32283,7.84218,0,0,0
Daniyal,5928,1771513663642,-0.26201,5.32283,7.84218,0,0,0
Daniyal,5929,1771513663674,-0.26201,5.32283,7.84218,0,0,0
Daniyal,5930,1771513663697,-0.26201,5.32283,7.84218,0,0,0
Daniyal,5931,1771513663706,-0.26201,5.32283,7.84218,0,0,0
Daniyal,5932,1771513663720,-0.26201,5.32283,7.84218,0,0,0
Daniyal,5933,1771513663736,-0.26201,5.32283,7.84218,0,0,0
Daniyal,5934,1771513663755,-0.26201,5.32283,7.84218,0,0,0
Daniyal,5935,1771513663758,-0.26201,5.32283,7.84218,0,0,0
Daniyal,5936,1771513663762,-0.26201,5.32283,7.84218,0,0,0
Daniyal,5937,1771513663772,-0.26201,5.32283,7.84218,0,0,0
Daniyal,5938,1771513663786,-0.26201,5.32283,7.84218,0,0,0
Daniyal,5939,1771513663794,-0.26201,5.32283,7.84218,0,0,0
Daniyal,5940,1771513663803,-0.26201,5.32283,7.84218,0,0,0
Daniyal,5941,1771513663807,-0.26201,5.32283,7.84218,0,0,0
Daniyal,5942,1771513663831,-0.26201,5.32283,7.84218,0,0,0
Daniyal,5943,1771513663852,-0.26201,5.32283,7.84218,0,0,0
Daniyal,5944,1771513663876,-0.26201,5.32283,7.84218,0,0,0
Daniyal,5945,1771513663887,-0.26201,5.32283,7.84218,0,0,0
Daniyal,5946,1771513663894,-0.26201,5.32283,7.84218,0,0,0
Daniyal,5947,1771513663898,-0.26201,5.32283,7.84218,0,0,0
Daniyal,5948,1771513663902,-0.26201,5.32283,7.84218,0,0,0
Daniyal,5949,1771513663912,-0.26201,5.32283,7.84218,0,0,0
Daniyal,5950,1771513663918,-0.26201,5.32283,7.84218,0,0,0
Daniyal,5951,1771513663923,-0.26201,5.32283,7.84218,0,0,0
Daniyal,5952,1771513663932,-0.26201,5.32283,7.84218,0,0,0
Daniyal,5953,1771513663939,-0.26201,5.32283,7.84218,0,0,0
Daniyal,5954,1771513663972,-0.26201,5.32283,7.84218,0,0,0
Daniyal,5955,1771513663982,-0.26201,5.32283,7.84218,0,0,0
Daniyal,5956,1771513663990,-0.26201,5.32283,7.84218,0,0,0
Daniyal,5957,1771513663998,-0.26201,5.32283,7.84218,0,0,0
Daniyal,5958,1771513664009,-0.26201,5.32283,7.84218,0,0,0
Daniyal,5959,1771513664032,-0.26201,5.32283,7.84218,0,0,0
Daniyal,5960,1771513664037,-0.26201,5.32283,7.84218,0,0,0
Daniyal,5961,1771513664040,-0.26201,5.32283,7.84218,0,0,0
Daniyal,5962,1771513664050,-0.26201,5.32283,7.84218,0,0,0
Daniyal,5963,1771513664054,-0.26201,5.32283,7.84218,0,0,0
Daniyal,5964,1771513664058,-0.26201,5.32283,7.84218,0,0,0
Daniyal,5965,1771513664062,-0.26201,5.32283,7.84218,0,0,0
Daniyal,5966,1771513664070,-0.26201,5.32283,7.84218,0,0,0
Daniyal,5967,1771513664074,-0.26201,5.32283,7.84218,0,0,0
Daniyal,5968,1771513664088,-0.26201,5.32283,7.84218,0,0,0
Daniyal,5969,1771513664095,-0.26201,5.32283,7.84218,0,0,0
Daniyal,5970,1771513664099,-0.26201,5.32283,7.84218,0,0,0
Daniyal,5971,1771513664103,-0.26201,5.32283,7.84218,0,0,0
Daniyal,5972,1771513664112,-0.26201,5.32283,7.84218,0,0,0
Daniyal,5973,1771513664117,-0.26201,5.32283,7.84218,0,0,0
Daniyal,5974,1771513664124,-0.26201,5.32283,7.84218,0,0,0
Daniyal,5975,1771513664131,-0.26201,5.32283,7.84218,0,0,0
Daniyal,5976,1771513664136,-0.26201,5.32283,7.84218,0,0,0
Daniyal,5977,1771513664143,-0.26201,5.32283,7.84218,0,0,0
Daniyal,5978,1771513664150,-0.26201,5.32283,7.84218,0,0,0
Daniyal,5979,1771513664166,-0.26201,5.32283,7.84218,0,0,0
Daniyal,5980,1771513664170,-0.26201,5.32283,7.84218,0,0,0
Daniyal,5981,1771513664173,-0.26201,5.32283,7.84218,0,0,0
Daniyal,5982,1771513664178,-0.26201,5.32283,7.84218,0,0,0
Daniyal,5983,1771513664183,-0.26201,5.32283,7.84218,0,0,0
Daniyal,5984,1771513664187,-0.26201,5.32283,7.84218,0,0,0
Daniyal,5985,1771513664204,-0.26201,5.32283,7.84218,0,0,0
Daniyal,5986,1771513664213,-0.26201,5.32283,7.84218,0,0,0
Daniyal,5987,1771513664217,-0.26201,5.32283,7.84218,0,0,0
Daniyal,5988,1771513664222,-0.26201,5.32283,7.84218,0,0,0
Daniyal,5989,1771513664230,-0.26201,5.32283,7.84218,0,0,0
Daniyal,5990,1771513664237,-0.26201,5.32283,7.84218,0,0,0
Daniyal,5991,1771513664251,-0.26201,5.32283,7.84218,0,0,0
Daniyal,5992,1771513664260,-0.26201,5.32283,7.84218,0,0,0
Daniyal,5993,1771513664266,-0.26201,5.32283,7.84218,0,0,0
Daniyal,5994,1771513664271,-0.26201,5.32283,7.84218,0,0,0
Daniyal,5995,1771513664274,-0.26201,5.32283,7.84218,0,0,0
Daniyal,5996,1771513664278,-0.26201,5.32283,7.84218,0,0,0
Daniyal,5997,1771513664284,-0.26201,5.32283,7.84218,0,0,0
Daniyal,5998,1771513664294,-0.26201,5.32283,7.84218,0,0,0
Daniyal,5999,1771513664299,-0.26201,5.32283,7.84218,0,0,0
Daniyal,6000,1771513664302,-0.26201,5.32283,7.84218,0,0,0
Daniyal,6001,1771513664306,-0.26201,5.32283,7.84218,0,0,0
Daniyal,6002,1771513664314,-0.26201,5.32283,7.84218,0,0,0
Daniyal,6003,1771513664323,-0.26201,5.32283,7.84218,0,0,0
Daniyal,6004,1771513664335,-0.26201,5.32283,7.84218,0,0,0
Daniyal,6005,1771513664338,-0.26201,5.32283,7.84218,0,0,0
Daniyal,6006,1771513664343,-0.26201,5.32283,7.84218,0,0,0
Daniyal,6007,1771513664347,-0.26201,5.32283,7.84218,0,0,0
Daniyal,6008,1771513664350,-0.26201,5.32283,7.84218,0,0,0
Daniyal,6009,1771513664353,-0.26201,5.32283,7.84218,0,0,0
Daniyal,6010,1771513664356,-0.26201,5.32283,7.84218,0,0,0
Daniyal,6011,1771513664361,-0.26201,5.32283,7.84218,0,0,0
Daniyal,6012,1771513664365,-0.26201,5.32283,7.84218,0,0,0
Daniyal,6013,1771513664377,-0.26201,5.32283,7.84218,0,0,0
Daniyal,6014,1771513664388,-0.26201,5.32283,7.84218,0,0,0
Daniyal,6015,1771513664399,-0.26201,5.32283,7.84218,0,0,0
Daniyal,6016,1771513664411,-0.26201,5.32283,7.84218,0,0,0
Daniyal,6017,1771513664421,-0.26201,5.32283,7.84218,0,0,0
Daniyal,6018,1771513664428,-0.26201,5.32283,7.84218,0,0,0
Daniyal,6019,1771513664441,-0.26201,5.32283,7.84218,0,0,0
Daniyal,6020,1771513664448,-0.26201,5.32283,7.84218,0,0,0
Daniyal,6021,1771513664455,-0.26201,5.32283,7.84218,0,0,0
Daniyal,6022,1771513664459,-0.26201,5.32283,7.84218,0,0,0
Daniyal,6023,1771513664463,-0.26201,5.32283,7.84218,0,0,0
Daniyal,6024,1771513664472,-0.26201,5.32283,7.84218,0,0,0
Daniyal,6025,1771513664475,-0.26201,5.32283,7.84218,0,0,0
Daniyal,6026,1771513664481,-0.26201,5.32283,7.84218,0,0,0
Daniyal,6027,1771513664491,-0.26201,5.32283,7.84218,0,0,0
Daniyal,6028,1771513664524,-0.26201,5.32283,7.84218,0,0,0
Daniyal,6029,1771513664530,-0.26201,5.32283,7.84218,0,0,0
Daniyal,6030,1771513664533,-0.26201,5.32283,7.84218,0,0,0
Daniyal,6031,1771513664539,-0.26201,5.32283,7.84218,0,0,0
Daniyal,6032,1771513664543,-0.26201,5.32283,7.84218,0,0,0
Daniyal,6033,1771513664547,-0.26201,5.32283,7.84218,0,0,0
Daniyal,6034,1771513664551,-0.26201,5.32283,7.84218,0,0,0
Daniyal,6035,1771513664566,-0.26201,5.32283,7.84218,0,0,0
Daniyal,6036,1771513664570,-0.26201,5.32283,7.84218,0,0,0
Daniyal,6037,1771513664575,-0.26201,5.32283,7.84218,0,0,0
Daniyal,6038,1771513664579,-0.26201,5.32283,7.84218,0,0,0
Daniyal,6039,1771513664584,-0.26201,5.32283,7.84218,0,0,0
Daniyal,6040,1771513664589,-0.26201,5.32283,7.84218,0,0,0
Daniyal,6041,1771513664598,-0.26201,5.32283,7.84218,0,0,0
Daniyal,6042,1771513664601,-0.26201,5.32283,7.84218,0,0,0
Daniyal,6043,1771513664611,-0.26201,5.32283,7.84218,0,0,0
Daniyal,6044,1771513664619,-0.26201,5.32283,7.84218,0,0,0
Daniyal,6045,1771513664633,-0.26201,5.32283,7.84218,0,0,0
Daniyal,6046,1771513664641,-0.26201,5.32283,7.84218,0,0,0
Daniyal,6047,1771513664649,-0.26201,5.32283,7.84218,0,0,0
Daniyal,6048,1771513664654,-0.26201,5.32283,7.84218,0,0,0
Daniyal,6049,1771513664657,-0.26201,5.32283,7.84218,0,0,0
Daniyal,6050,1771513664660,-0.26201,5.32283,7.84218,0,0,0
Daniyal,6051,1771513664664,-0.26201,5.32283,7.84218,0,0,0
Daniyal,6052,1771513664670,-0.26201,5.32283,7.84218,0,0,0
Daniyal,6053,1771513664682,-0.26201,5.32283,7.84218,0,0,0
Daniyal,6054,1771513664686,-0.26201,5.32283,7.84218,0,0,0
Daniyal,6055,1771513664694,-0.26201,5.32283,7.84218,0,0,0
Daniyal,6056,1771513664700,-0.26201,5.32283,7.84218,0,0,0
Daniyal,6057,1771513664706,-0.26201,5.32283,7.84218,0,0,0
Daniyal,6058,1771513664711,-0.26201,5.32283,7.84218,0,0,0
Daniyal,6059,1771513664724,-0.26201,5.32283,7.84218,0,0,0
Daniyal,6060,1771513664729,-0.26201,5.32283,7.84218,0,0,0
Daniyal,6061,1771513664733,-0.26201,5.32283,7.84218,0,0,0
Daniyal,6062,1771513664740,-0.26201,5.32283,7.84218,0,0,0
Daniyal,6063,1771513664744,-0.26201,5.32283,7.84218,0,0,0
Daniyal,6064,1771513664747,-0.26201,5.32283,7.84218,0,0,0
Daniyal,6065,1771513664750,-0.26201,5.32283,7.84218,0,0,0
Daniyal,6066,1771513664754,-0.26201,5.32283,7.84218,0,0,0
Daniyal,6067,1771513664767,-0.26201,5.32283,7.84218,0,0,0
Daniyal,6068,1771513664776,-0.26201,5.32283,7.84218,0,0,0
Daniyal,6069,1771513664781,-0.26201,5.32283,7.84218,0,0,0
Daniyal,6070,1771513664785,-0.26201,5.32283,7.84218,0,0,0
Daniyal,6071,1771513664789,-0.26201,5.32283,7.84218,0,0,0
Daniyal,6072,1771513664792,-0.26201,5.32283,7.84218,0,0,0
Daniyal,6073,1771513664798,-0.26201,5.32283,7.84218,0,0,0
Daniyal,6074,1771513664802,-0.26201,5.32283,7.84218,0,0,0
Daniyal,6075,1771513664806,-0.26201,5.32283,7.84218,0,0,0
Daniyal,6076,1771513664814,-0.26201,5.32283,7.84218,0,0,0
Daniyal,6077,1771513664819,-0.26201,5.32283,7.84218,0,0,0
Daniyal,6078,1771513664829,-0.26201,5.32283,7.84218,0,0,0
Daniyal,6079,1771513664835,-0.26201,5.32283,7.84218,0,0,0
Daniyal,6080,1771513664839,-0.26201,5.32283,7.84218,0,0,0
Daniyal,6081,1771513664845,-0.26201,5.32283,7.84218,0,0,0
Daniyal,6082,1771513664849,-0.26201,5.32283,7.84218,0,0,0
Daniyal,6083,1771513664855,-0.26201,5.32283,7.84218,0,0,0
Daniyal,6084,1771513664877,-0.26201,5.32283,7.84218,0,0,0
Daniyal,6085,1771513664895,-0.26201,5.32283,7.84218,0,0,0
Daniyal,6086,1771513664898,-0.26201,5.32283,7.84218,0,0,0
Daniyal,6087,1771513664902,-0.26201,5.32283,7.84218,0,0,0
Daniyal,6088,1771513664905,-0.26201,5.32283,7.84218,0,0,0
Daniyal,6089,1771513664908,-0.26201,5.32283,7.84218,0,0,0
Daniyal,6090,1771513664912,-0.26201,5.32283,7.84218,0,0,0
Daniyal,6091,1771513664916,-0.26201,5.32283,7.84218,0,0,0
Daniyal,6092,1771513664923,-0.26201,5.32283,7.84218,0,0,0
Daniyal,6093,1771513664928,-0.26201,5.32283,7.84218,0,0,0
Daniyal,6094,1771513664934,-0.26201,5.32283,7.84218,0,0,0
Daniyal,6095,1771513664938,-0.26201,5.32283,7.84218,0,0,0
Daniyal,6096,1771513664946,-0.26201,5.32283,7.84218,0,0,0
Daniyal,6097,1771513664950,-0.26201,5.32283,7.84218,0,0,0
Daniyal,6098,1771513664954,-0.26201,5.32283,7.84218,0,0,0
Daniyal,6099,1771513664960,-0.26201,5.32283,7.84218,0,0,0
Daniyal,6100,1771513664965,-0.26201,5.32283,7.84218,0,0,0
Daniyal,6101,1771513664968,-0.26201,5.32283,7.84218,0,0,0
Daniyal,6102,1771513664974,-0.26201,5.32283,7.84218,0,0,0
Daniyal,6103,1771513664979,-0.26201,5.32283,7.84218,0,0,0
Daniyal,6104,1771513664982,-0.26201,5.32283,7.84218,0,0,0
Daniyal,6105,1771513664988,-0.26201,5.32283,7.84218,0,0,0
Daniyal,6106,1771513664991,-0.26201,5.32283,7.84218,0,0,0
Daniyal,6107,1771513664995,-0.26201,5.32283,7.84218,0,0,0
Daniyal,6108,1771513665002,-0.26201,5.32283,7.84218,0,0,0
Daniyal,6109,1771513665017,-0.26201,5.32283,7.84218,0,0,0
Daniyal,6110,1771513665025,-0.26201,5.32283,7.84218,0,0,0
Daniyal,6111,1771513665036,-0.26201,5.32283,7.84218,0,0,0
Daniyal,6112,1771513665054,-0.26201,5.32283,7.84218,0,0,0
Daniyal,6113,1771513665060,-0.26201,5.32283,7.84218,0,0,0
Daniyal,6114,1771513665067,-0.26201,5.32283,7.84218,0,0,0
Daniyal,6115,1771513665076,-0.26201,5.32283,7.84218,0,0,0
Daniyal,6116,1771513665085,-0.26201,5.32283,7.84218,0,0,0
Daniyal,6117,1771513665088,-0.26201,5.32283,7.84218,0,0,0
Daniyal,6118,1771513665091,-0.26201,5.32283,7.84218,0,0,0
Daniyal,6119,1771513665097,-0.26201,5.32283,7.84218,0,0,0
Daniyal,6120,1771513665103,-0.26201,5.32283,7.84218,0,0,0
Daniyal,6121,1771513665111,-0.26201,5.32283,7.84218,0,0,0
Daniyal,6122,1771513665129,-0.26201,5.32283,7.84218,0,0,0
Daniyal,6123,1771513665133,-0.26201,5.32283,7.84218,0,0,0
Daniyal,6124,1771513665139,-0.26201,5.32283,7.84218,0,0,0
Daniyal,6125,1771513665143,-0.26201,5.32283,7.84218,0,0,0
Daniyal,6126,1771513665149,-0.26201,5.32283,7.84218,0,0,0
Daniyal,6127,1771513665155,-0.26201,5.32283,7.84218,0,0,0
Daniyal,6128,1771513665166,-0.26201,5.32283,7.84218,0,0,0
Daniyal,6129,1771513665171,-0.26201,5.32283,7.84218,0,0,0
Daniyal,6130,1771513665177,-0.26201,5.32283,7.84218,0,0,0
Daniyal,6131,1771513665191,-0.26201,5.32283,7.84218,0,0,0
Daniyal,6132,1771513665195,-0.26201,5.32283,7.84218,0,0,0
Daniyal,6133,1771513665199,-0.26201,5.32283,7.84218,0,0,0
Daniyal,6134,1771513665205,-0.26201,5.32283,7.84218,0,0,0
Daniyal,6135,1771513665212,-0.26201,5.32283,7.84218,0,0,0
Daniyal,6136,1771513665216,-0.26201,5.32283,7.84218,0,0,0
Daniyal,6137,1771513665225,-0.26201,5.32283,7.84218,0,0,0
Daniyal,6138,1771513665234,-0.26201,5.32283,7.84218,0,0,0
Daniyal,6139,1771513665241,-0.26201,5.32283,7.84218,0,0,0
Daniyal,6140,1771513665247,-0.26201,5.32283,7.84218,0,0,0
Daniyal,6141,1771513665258,-0.26201,5.32283,7.84218,0,0,0
Daniyal,6142,1771513665264,-0.26201,5.32283,7.84218,0,0,0
Daniyal,6143,1771513665270,-0.26201,5.32283,7.84218,0,0,0
Daniyal,6144,1771513665283,-0.26201,5.32283,7.84218,0,0,0
Daniyal,6145,1771513665287,-0.26201,5.32283,7.84218,0,0,0
Daniyal,6146,1771513665296,-0.26201,5.32283,7.84218,0,0,0
Daniyal,6147,1771513665309,-0.26201,5.32283,7.84218,0,0,0
Daniyal,6148,1771513665313,-0.26201,5.32283,7.84218,0,0,0
Daniyal,6149,1771513665320,-0.26201,5.32283,7.84218,0,0,0
Daniyal,6150,1771513665324,-0.26201,5.32283,7.84218,0,0,0
Daniyal,6151,1771513665330,-0.26201,5.32283,7.84218,0,0,0
Daniyal,6152,1771513665341,-0.26201,5.32283,7.84218,0,0,0
Daniyal,6153,1771513665347,-0.26201,5.32283,7.84218,0,0,0
Daniyal,6154,1771513665356,-0.26201,5.32283,7.84218,0,0,0
Daniyal,6155,1771513665361,-0.26201,5.32283,7.84218,0,0,0
Daniyal,6156,1771513665368,-0.26201,5.32283,7.84218,0,0,0
Daniyal,6157,1771513665372,-0.26201,5.32283,7.84218,0,0,0
Daniyal,6158,1771513665376,-0.26201,5.32283,7.84218,0,0,0
Daniyal,6159,1771513665380,-0.26201,5.32283,7.84218,0,0,0
Daniyal,6160,1771513665388,-0.26201,5.32283,7.84218,0,0,0
Daniyal,6161,1771513665404,-0.26201,5.32283,7.84218,0,0,0
Daniyal,6162,1771513665408,-0.26201,5.32283,7.84218,0,0,0
Daniyal,6163,1771513665413,-0.26201,5.32283,7.84218,0,0,0
Daniyal,6164,1771513665418,-0.26201,5.32283,7.84218,0,0,0
Daniyal,6165,1771513665426,-0.26201,5.32283,7.84218,0,0,0
Daniyal,6166,1771513665440,-0.26201,5.32283,7.84218,0,0,0
Daniyal,6167,1771513665452,-0.26201,5.32283,7.84218,0,0,0
Daniyal,6168,1771513665465,-0.26201,5.32283,7.84218,0,0,0
Daniyal,6169,1771513665474,-0.26201,5.32283,7.84218,0,0,0
Daniyal,6170,1771513665481,-0.26201,5.32283,7.84218,0,0,0
Daniyal,6171,1771513665487,-0.26201,5.32283,7.84218,0,0,0
Daniyal,6172,1771513665494,-0.26201,5.32283,7.84218,0,0,0
Daniyal,6173,1771513665502,-0.26201,5.32283,7.84218,0,0,0
Daniyal,6174,1771513665514,-0.26201,5.32283,7.84218,0,0,0
Daniyal,6175,1771513665522,-0.26201,5.32283,7.84218,0,0,0
Daniyal,6176,1771513665528,-0.26201,5.32283,7.84218,0,0,0
Daniyal,6177,1771513665538,-0.26201,5.32283,7.84218,0,0,0
Daniyal,6178,1771513665543,-0.26201,5.32283,7.84218,0,0,0
Daniyal,6179,1771513665552,-0.26201,5.32283,7.84218,0,0,0
Daniyal,6180,1771513665563,-0.26201,5.32283,7.84218,0,0,0
Daniyal,6181,1771513665567,-0.26201,5.32283,7.84218,0,0,0
Daniyal,6182,1771513665583,-0.26201,5.32283,7.84218,0,0,0
Daniyal,6183,1771513665589,-0.26201,5.32283,7.84218,0,0,0
Daniyal,6184,1771513665597,-0.26201,5.32283,7.84218,0,0,0
Daniyal,6185,1771513665604,-0.26201,5.32283,7.84218,0,0,0
Daniyal,6186,1771513665612,-0.26201,5.32283,7.84218,0,0,0
Daniyal,6187,1771513665616,-0.26201,5.32283,7.84218,0,0,0
Daniyal,6188,1771513665620,-0.26201,5.32283,7.84218,0,0,0
Daniyal,6189,1771513665623,-0.26201,5.32283,7.84218,0,0,0
Daniyal,6190,1771513665626,-0.26201,5.32283,7.84218,0,0,0
Daniyal,6191,1771513665631,-0.26201,5.32283,7.84218,0,0,0
Daniyal,6192,1771513665645,-0.26201,5.32283,7.84218,0,0,0
Daniyal,6193,1771513665650,-0.26201,5.32283,7.84218,0,0,0
Daniyal,6194,1771513665655,-0.26201,5.32283,7.84218,0,0,0
Daniyal,6195,1771513665660,-0.26201,5.32283,7.84218,0,0,0
Daniyal,6196,1771513665664,-0.26201,5.32283,7.84218,0,0,0
Daniyal,6197,1771513665668,-0.26201,5.32283,7.84218,0,0,0
Daniyal,6198,1771513665673,-0.26201,5.32283,7.84218,0,0,0
Daniyal,6199,1771513665680,-0.26201,5.32283,7.84218,0,0,0
Daniyal,6200,1771513665690,-0.26201,5.32283,7.84218,0,0,0
Daniyal,6201,1771513665693,-0.26201,5.32283,7.84218,0,0,0
Daniyal,6202,1771513665697,-0.26201,5.32283,7.84218,0,0,0
Daniyal,6203,1771513665701,-0.26201,5.32283,7.84218,0,0,0
Daniyal,6204,1771513665704,-0.26201,5.32283,7.84218,0,0,0
Daniyal,6205,1771513665711,-0.26201,5.32283,7.84218,0,0,0
Daniyal,6206,1771513665721,-0.26201,5.32283,7.84218,0,0,0
Daniyal,6207,1771513665724,-0.26201,5.32283,7.84218,0,0,0
Daniyal,6208,1771513665728,-0.26201,5.32283,7.84218,0,0,0
Daniyal,6209,1771513665732,-0.26201,5.32283,7.84218,0,0,0
Daniyal,6210,1771513665735,-0.26201,5.32283,7.84218,0,0,0
Daniyal,6211,1771513665739,-0.26201,5.32283,7.84218,0,0,0
Daniyal,6212,1771513665756,-0.26201,5.32283,7.84218,0,0,0
Daniyal,6213,1771513665768,-0.26201,5.32283,7.84218,0,0,0
Daniyal,6214,1771513665773,-0.26201,5.32283,7.84218,0,0,0
Daniyal,6215,1771513665777,-0.26201,5.32283,7.84218,0,0,0
Daniyal,6216,1771513665783,-0.26201,5.32283,7.84218,0,0,0
Daniyal,6217,1771513665792,-0.26201,5.32283,7.84218,0,0,0
Daniyal,6218,1771513665798,-0.26201,5.32283,7.84218,0,0,0
Daniyal,6219,1771513665804,-0.26201,5.32283,7.84218,0,0,0
Daniyal,6220,1771513665817,-0.26201,5.32283,7.84218,0,0,0
Daniyal,6221,1771513665822,-0.26201,5.32283,7.84218,0,0,0
Daniyal,6222,1771513665825,-0.26201,5.32283,7.84218,0,0,0
Daniyal,6223,1771513665829,-0.26201,5.32283,7.84218,0,0,0
Daniyal,6224,1771513665835,-0.26201,5.32283,7.84218,0,0,0
Daniyal,6225,1771513665840,-0.26201,5.32283,7.84218,0,0,0
Daniyal,6226,1771513665846,-0.26201,5.32283,7.84218,0,0,0
Daniyal,6227,1771513665855,-0.26201,5.32283,7.84218,0,0,0
Daniyal,6228,1771513665858,-0.26201,5.32283,7.84218,0,0,0
Daniyal,6229,1771513665874,-0.26201,5.32283,7.84218,0,0,0
Daniyal,6230,1771513665880,-0.26201,5.32283,7.84218,0,0,0
Daniyal,6231,1771513665885,-0.26201,5.32283,7.84218,0,0,0
Daniyal,6232,1771513665890,-0.26201,5.32283,7.84218,0,0,0
Daniyal,6233,1771513665896,-0.26201,5.32283,7.84218,0,0,0
Daniyal,6234,1771513665908,-0.26201,5.32283,7.84218,0,0,0
Daniyal,6235,1771513665913,-0.26201,5.32283,7.84218,0,0,0
Daniyal,6236,1771513665917,-0.26201,5.32283,7.84218,0,0,0
Daniyal,6237,1771513665924,-0.26201,5.32283,7.84218,0,0,0
Daniyal,6238,1771513665931,-0.26201,5.32283,7.84218,0,0,0
Daniyal,6239,1771513665938,-0.26201,5.32283,7.84218,0,0,0
Daniyal,6240,1771513665944,-0.26201,5.32283,7.84218,0,0,0
Daniyal,6241,1771513665948,-0.26201,5.32283,7.84218,0,0,0
Daniyal,6242,1771513665956,-0.26201,5.32283,7.84218,0,0,0
Daniyal,6243,1771513665972,-0.26201,5.32283,7.84218,0,0,0
Daniyal,6244,1771513665980,-0.26201,5.32283,7.84218,0,0,0
Daniyal,6245,1771513665983,-0.26201,5.32283,7.84218,0,0,0
Daniyal,6246,1771513665988,-0.26201,5.32283,7.84218,0,0,0
Daniyal,6247,1771513665993,-0.26201,5.32283,7.84218,0,0,0
Daniyal,6248,1771513666006,-0.26201,5.32283,7.84218,0,0,0
Daniyal,6249,1771513666009,-0.26201,5.32283,7.84218,0,0,0
Daniyal,6250,1771513666013,-0.26201,5.32283,7.84218,0,0,0
Daniyal,6251,1771513666016,-0.26201,5.32283,7.84218,0,0,0
Daniyal,6252,1771513666021,-0.26201,5.32283,7.84218,0,0,0
Daniyal,6253,1771513666027,-0.26201,5.32283,7.84218,0,0,0
Daniyal,6254,1771513666035,-0.26201,5.32283,7.84218,0,0,0
Daniyal,6255,1771513666042,-0.26201,5.32283,7.84218,0,0,0
Daniyal,6256,1771513666045,-0.26201,5.32283,7.84218,0,0,0
Daniyal,6257,1771513666048,-0.26201,5.32283,7.84218,0,0,0
Daniyal,6258,1771513666055,-0.26201,5.32283,7.84218,0,0,0
Daniyal,6259,1771513666063,-0.26201,5.32283,7.84218,0,0,0
Daniyal,6260,1771513666075,-0.26201,5.32283,7.84218,0,0,0
Daniyal,6261,1771513666078,-0.26201,5.32283,7.84218,0,0,0
Daniyal,6262,1771513666081,-0.26201,5.32283,7.84218,0,0,0
Daniyal,6263,1771513666084,-0.26201,5.32283,7.84218,0,0,0
Daniyal,6264,1771513666087,-0.26201,5.32283,7.84218,0,0,0
Daniyal,6265,1771513666090,-0.26201,5.32283,7.84218,0,0,0
Daniyal,6266,1771513666095,-0.26201,5.32283,7.84218,0,0,0
Daniyal,6267,1771513666101,-0.26201,5.32283,7.84218,0,0,0
Daniyal,6268,1771513666104,-0.26201,5.32283,7.84218,0,0,0
Daniyal,6269,1771513666107,-0.26201,5.32283,7.84218,0,0,0
Daniyal,6270,1771513666111,-0.26201,5.32283,7.84218,0,0,0
Daniyal,6271,1771513666115,-0.26201,5.32283,7.84218,0,0,0
Daniyal,6272,1771513666131,-0.26201,5.32283,7.84218,0,0,0
Daniyal,6273,1771513666134,-0.26201,5.32283,7.84218,0,0,0
Daniyal,6274,1771513666136,-0.26201,5.32283,7.84218,0,0,0
Daniyal,6275,1771513666139,-0.26201,5.32283,7.84218,0,0,0
Daniyal,6276,1771513666142,-0.26201,5.32283,7.84218,0,0,0
Daniyal,6277,1771513666145,-0.26201,5.32283,7.84218,0,0,0
Daniyal,6278,1771513666148,-0.26201,5.32283,7.84218,0,0,0
Daniyal,6279,1771513666155,-0.26201,5.32283,7.84218,0,0,0
Daniyal,6280,1771513666158,-0.26201,5.32283,7.84218,0,0,0
Daniyal,6281,1771513666162,-0.26201,5.32283,7.84218,0,0,0
Daniyal,6282,1771513666166,-0.26201,5.32283,7.84218,0,0,0
Daniyal,6283,1771513666183,-0.26201,5.32283,7.84218,0,0,0
Daniyal,6284,1771513666189,-0.26201,5.32283,7.84218,0,0,0
Daniyal,6285,1771513666192,-0.26201,5.32283,7.84218,0,0,0
Daniyal,6286,1771513666195,-0.26201,5.32283,7.84218,0,0,0
Daniyal,6287,1771513666198,-0.26201,5.32283,7.84218,0,0,0
Daniyal,6288,1771513666202,-0.26201,5.32283,7.84218,0,0,0
Daniyal,6289,1771513666214,-0.26201,5.32283,7.84218,0,0,0
Daniyal,6290,1771513666217,-0.26201,5.32283,7.84218,0,0,0
Daniyal,6291,1771513666221,-0.26201,5.32283,7.84218,0,0,0
Daniyal,6292,1771513666224,-0.26201,5.32283,7.84218,0,0,0
Daniyal,6293,1771513666228,-0.26201,5.32283,7.84218,0,0,0
Daniyal,6294,1771513666231,-0.26201,5.32283,7.84218,0,0,0
Daniyal,6295,1771513666234,-0.26201,5.32283,7.84218,0,0,0
Daniyal,6296,1771513666239,-0.26201,5.32283,7.84218,0,0,0
Daniyal,6297,1771513666242,-0.26201,5.32283,7.84218,0,0,0
Daniyal,6298,1771513666245,-0.26201,5.32283,7.84218,0,0,0
Daniyal,6299,1771513666248,-0.26201,5.32283,7.84218,0,0,0
Daniyal,6300,1771513666251,-0.26201,5.32283,7.84218,0,0,0
Daniyal,6301,1771513666254,-0.26201,5.32283,7.84218,0,0,0
Daniyal,6302,1771513666259,-0.26201,5.32283,7.84218,0,0,0
Daniyal,6303,1771513666263,-0.26201,5.32283,7.84218,0,0,0
Daniyal,6304,1771513666272,-0.26201,5.32283,7.84218,0,0,0
Daniyal,6305,1771513666275,-0.26201,5.32283,7.84218,0,0,0
Daniyal,6306,1771513666278,-0.26201,5.32283,7.84218,0,0,0
Daniyal,6307,1771513666281,-0.26201,5.32283,7.84218,0,0,0
Daniyal,6308,1771513666284,-0.26201,5.32283,7.84218,0,0,0
Daniyal,6309,1771513666288,-0.26201,5.32283,7.84218,0,0,0
Daniyal,6310,1771513666291,-0.26201,5.32283,7.84218,0,0,0
Daniyal,6311,1771513666299,-0.26201,5.32283,7.84218,0,0,0
Daniyal,6312,1771513666303,-0.26201,5.32283,7.84218,0,0,0
Daniyal,6313,1771513666306,-0.26201,5.32283,7.84218,0,0,0
Daniyal,6314,1771513666313,-0.26201,5.32283,7.84218,0,0,0
Daniyal,6315,1771513666318,-0.26201,5.32283,7.84218,0,0,0
Daniyal,6316,1771513666322,-0.26201,5.32283,7.84218,0,0,0
Daniyal,6317,1771513666344,-0.26201,5.32283,7.84218,0,0,0
Daniyal,6318,1771513666347,-0.26201,5.32283,7.84218,0,0,0
Daniyal,6319,1771513666350,-0.26201,5.32283,7.84218,0,0,0
Daniyal,6320,1771513666353,-0.26201,5.32283,7.84218,0,0,0
Daniyal,6321,1771513666356,-0.26201,5.32283,7.84218,0,0,0
Daniyal,6322,1771513666359,-0.26201,5.32283,7.84218,0,0,0
Daniyal,6323,1771513666363,-0.26201,5.32283,7.84218,0,0,0
Daniyal,6324,1771513666367,-0.26201,5.32283,7.84218,0,0,0
Daniyal,6325,1771513666370,-0.26201,5.32283,7.84218,0,0,0
Daniyal,6326,1771513666373,-0.26201,5.32283,7.84218,0,0,0
Daniyal,6327,1771513666382,-0.26201,5.32283,7.84218,0,0,0
Daniyal,6328,1771513666385,-0.26201,5.32283,7.84218,0,0,0
Daniyal,6329,1771513666390,-0.26201,5.32283,7.84218,0,0,0
Daniyal,6330,1771513666393,-0.26201,5.32283,7.84218,0,0,0
Daniyal,6331,1771513666396,-0.26201,5.32283,7.84218,0,0,0
Daniyal,6332,1771513666399,-0.26201,5.32283,7.84218,0,0,0
Daniyal,6333,1771513666404,-0.26201,5.32283,7.84218,0,0,0
Daniyal,6334,1771513666410,-0.26201,5.32283,7.84218,0,0,0
Daniyal,6335,1771513666414,-0.26201,5.32283,7.84218,0,0,0
Daniyal,6336,1771513666417,-0.26201,5.32283,7.84218,0,0,0
Daniyal,6337,1771513666421,-0.26201,5.32283,7.84218,0,0,0
Daniyal,6338,1771513666424,-0.26201,5.32283,7.84218,0,0,0
Daniyal,6339,1771513666428,-0.26201,5.32283,7.84218,0,0,0
Daniyal,6340,1771513666432,-0.26201,5.32283,7.84218,0,0,0
Daniyal,6341,1771513666439,-0.26201,5.32283,7.84218,0,0,0
Daniyal,6342,1771513666443,-0.26201,5.32283,7.84218,0,0,0
Daniyal,6343,1771513666447,-0.26201,5.32283,7.84218,0,0,0
Daniyal,6344,1771513666452,-0.26201,5.32283,7.84218,0,0,0
Daniyal,6345,1771513666455,-0.26201,5.32283,7.84218,0,0,0
Daniyal,6346,1771513666460,-0.26201,5.32283,7.84218,0,0,0
Daniyal,6347,1771513666464,-0.26201,5.32283,7.84218,0,0,0
Daniyal,6348,1771513666475,-0.26201,5.32283,7.84218,0,0,0
Daniyal,6349,1771513666487,-0.26201,5.32283,7.84218,0,0,0
Daniyal,6350,1771513666494,-0.26201,5.32283,7.84218,0,0,0
Daniyal,6351,1771513666500,-0.26201,5.32283,7.84218,0,0,0
Daniyal,6352,1771513666503,-0.26201,5.32283,7.84218,0,0,0
Daniyal,6353,1771513666506,-0.26201,5.32283,7.84218,0,0,0
Daniyal,6354,1771513666509,-0.26201,5.32283,7.84218,0,0,0
Daniyal,6355,1771513666512,-0.26201,5.32283,7.84218,0,0,0
Daniyal,6356,1771513666515,-0.26201,5.32283,7.84218,0,0,0
Daniyal,6357,1771513666519,-0.26201,5.32283,7.84218,0,0,0
Daniyal,6358,1771513666522,-0.26201,5.32283,7.84218,0,0,0
Daniyal,6359,1771513666529,-0.26201,5.32283,7.84218,0,0,0
Daniyal,6360,1771513666533,-0.26201,5.32283,7.84218,0,0,0
Daniyal,6361,1771513666536,-0.26201,5.32283,7.84218,0,0,0
Daniyal,6362,1771513666538,-0.26201,5.32283,7.84218,0,0,0
Daniyal,6363,1771513666540,-0.26201,5.32283,7.84218,0,0,0
Daniyal,6364,1771513666543,-0.26201,5.32283,7.84218,0,0,0
Daniyal,6365,1771513666546,-0.26201,5.32283,7.84218,0,0,0
Daniyal,6366,1771513666552,-0.26201,5.32283,7.84218,0,0,0
Daniyal,6367,1771513666558,-0.26201,5.32283,7.84218,0,0,0
Daniyal,6368,1771513666561,-0.26201,5.32283,7.84218,0,0,0
Daniyal,6369,1771513666564,-0.26201,5.32283,7.84218,0,0,0
Daniyal,6370,1771513666567,-0.26201,5.32283,7.84218,0,0,0
Daniyal,6371,1771513666570,-0.26201,5.32283,7.84218,0,0,0
Daniyal,6372,1771513666574,-0.26201,5.32283,7.84218,0,0,0
Daniyal,6373,1771513666578,-0.26201,5.32283,7.84218,0,0,0
Daniyal,6374,1771513666582,-0.26201,5.32283,7.84218,0,0,0
Daniyal,6375,1771513666588,-0.26201,5.32283,7.84218,0,0,0
Daniyal,6376,1771513666592,-0.26201,5.32283,7.84218,0,0,0
Daniyal,6377,1771513666595,-0.26201,5.32283,7.84218,0,0,0
Daniyal,6378,1771513666598,-0.26201,5.32283,7.84218,0,0,0
Daniyal,6379,1771513666601,-0.26201,5.32283,7.84218,0,0,0
Daniyal,6380,1771513666604,-0.26201,5.32283,7.84218,0,0,0
Daniyal,6381,1771513666607,-0.26201,5.32283,7.84218,0,0,0
Daniyal,6382,1771513666613,-0.26201,5.32283,7.84218,0,0,0
Daniyal,6383,1771513666618,-0.26201,5.32283,7.84218,0,0,0
Daniyal,6384,1771513666621,-0.26201,5.32283,7.84218,0,0,0
Daniyal,6385,1771513666625,-0.26201,5.32283,7.84218,0,0,0
Daniyal,6386,1771513666628,-0.26201,5.32283,7.84218,0,0,0
Daniyal,6387,1771513666632,-0.26201,5.32283,7.84218,0,0,0
Daniyal,6388,1771513666635,-0.26201,5.32283,7.84218,0,0,0
Daniyal,6389,1771513666639,-0.26201,5.32283,7.84218,0,0,0
Daniyal,6390,1771513666642,-0.26201,5.32283,7.84218,0,0,0
Daniyal,6391,1771513666649,-0.26201,5.32283,7.84218,0,0,0
Daniyal,6392,1771513666652,-0.26201,5.32283,7.84218,0,0,0
Daniyal,6393,1771513666655,-0.26201,5.32283,7.84218,0,0,0
Daniyal,6394,1771513666658,-0.26201,5.32283,7.84218,0,0,0
Daniyal,6395,1771513666661,-0.26201,5.32283,7.84218,0,0,0
Daniyal,6396,1771513666664,-0.26201,5.32283,7.84218,0,0,0
Daniyal,6397,1771513666667,-0.26201,5.32283,7.84218,0,0,0
Daniyal,6398,1771513666671,-0.26201,5.32283,7.84218,0,0,0
Daniyal,6399,1771513666675,-0.26201,5.32283,7.84218,0,0,0
Daniyal,6400,1771513666682,-0.26201,5.32283,7.84218,0,0,0
Daniyal,6401,1771513666686,-0.26201,5.32283,7.84218,0,0,0
Daniyal,6402,1771513666689,-0.26201,5.32283,7.84218,0,0,0
Daniyal,6403,1771513666692,-0.26201,5.32283,7.84218,0,0,0
Daniyal,6404,1771513666696,-0.26201,5.32283,7.84218,0,0,0
Daniyal,6405,1771513666703,-0.26201,5.32283,7.84218,0,0,0
Daniyal,6406,1771513666710,-0.26201,5.32283,7.84218,0,0,0
Daniyal,6407,1771513666713,-0.26201,5.32283,7.84218,0,0,0
Daniyal,6408,1771513666716,-0.26201,5.32283,7.84218,0,0,0
Daniyal,6409,1771513666719,-0.26201,5.32283,7.84218,0,0,0
Daniyal,6410,1771513666722,-0.26201,5.32283,7.84218,0,0,0
Daniyal,6411,1771513666725,-0.26201,5.32283,7.84218,0,0,0
Daniyal,6412,1771513666730,-0.26201,5.32283,7.84218,0,0,0
Daniyal,6413,1771513666736,-0.26201,5.32283,7.84218,0,0,0
Daniyal,6414,1771513666741,-0.26201,5.32283,7.84218,0,0,0
Daniyal,6415,1771513666744,-0.26201,5.32283,7.84218,0,0,0
Daniyal,6416,1771513666748,-0.26201,5.32283,7.84218,0,0,0
Daniyal,6417,1771513666753,-0.26201,5.32283,7.84218,0,0,0
Daniyal,6418,1771513666757,-0.26201,5.32283,7.84218,0,0,0
Daniyal,6419,1771513666769,-0.26201,5.32283,7.84218,0,0,0
Daniyal,6420,1771513666772,-0.26201,5.32283,7.84218,0,0,0
Daniyal,6421,1771513666775,-0.26201,5.32283,7.84218,0,0,0
Daniyal,6422,1771513666778,-0.26201,5.32283,7.84218,0,0,0
Daniyal,6423,1771513666782,-0.26201,5.32283,7.84218,0,0,0
Daniyal,6424,1771513666785,-0.26201,5.32283,7.84218,0,0,0
Daniyal,6425,1771513666791,-0.26201,5.32283,7.84218,0,0,0
Daniyal,6426,1771513666797,-0.26201,5.32283,7.84218,0,0,0
Daniyal,6427,1771513666804,-0.26201,5.32283,7.84218,0,0,0
Daniyal,6428,1771513666809,-0.26201,5.32283,7.84218,0,0,0
Daniyal,6429,1771513666815,-0.26201,5.32283,7.84218,0,0,0
Daniyal,6430,1771513666818,-0.26201,5.32283,7.84218,0,0,0
Daniyal,6431,1771513666821,-0.26201,5.32283,7.84218,0,0,0
Daniyal,6432,1771513666824,-0.26201,5.32283,7.84218,0,0,0
Daniyal,6433,1771513666827,-0.26201,5.32283,7.84218,0,0,0
Daniyal,6434,1771513666828,-0.26201,5.32283,7.84218,0,0,0
Daniyal,6435,1771513666831,-0.26201,5.32283,7.84218,0,0,0
Daniyal,6436,1771513666838,-0.26201,5.32283,7.84218,0,0,0
Daniyal,6437,1771513666841,-0.26201,5.32283,7.84218,0,0,0
Daniyal,6438,1771513666844,-0.26201,5.32283,7.84218,0,0,0
Daniyal,6439,1771513666849,-0.26201,5.32283,7.84218,0,0,0
Daniyal,6440,1771513666852,-0.26201,5.32283,7.84218,0,0,0
Daniyal,6441,1771513666857,-0.26201,5.32283,7.84218,0,0,0
Daniyal,6442,1771513666865,-0.26201,5.32283,7.84218,0,0,0
Daniyal,6443,1771513666868,-0.26201,5.32283,7.84218,0,0,0
Daniyal,6444,1771513666871,-0.26201,5.32283,7.84218,0,0,0
Daniyal,6445,1771513666874,-0.26201,5.32283,7.84218,0,0,0
Daniyal,6446,1771513666877,-0.26201,5.32283,7.84218,0,0,0
Daniyal,6447,1771513666880,-0.26201,5.32283,7.84218,0,0,0
Daniyal,6448,1771513666883,-0.26201,5.32283,7.84218,0,0,0
Daniyal,6449,1771513666889,-0.26201,5.32283,7.84218,0,0,0
Daniyal,6450,1771513666896,-0.26201,5.32283,7.84218,0,0,0
Daniyal,6451,1771513666900,-0.26201,5.32283,7.84218,0,0,0
Daniyal,6452,1771513666904,-0.26201,5.32283,7.84218,0,0,0
Daniyal,6453,1771513666907,-0.26201,5.32283,7.84218,0,0,0
Daniyal,6454,1771513666910,-0.26201,5.32283,7.84218,0,0,0
Daniyal,6455,1771513666913,-0.26201,5.32283,7.84218,0,0,0
Daniyal,6456,1771513666918,-0.26201,5.32283,7.84218,0,0,0
Daniyal,6457,1771513666923,-0.26201,5.32283,7.84218,0,0,0
Daniyal,6458,1771513666930,-0.26201,5.32283,7.84218,0,0,0
Daniyal,6459,1771513666932,-0.26201,5.32283,7.84218,0,0,0
Daniyal,6460,1771513666935,-0.26201,5.32283,7.84218,0,0,0
Daniyal,6461,1771513666938,-0.26201,5.32283,7.84218,0,0,0
Daniyal,6462,1771513666941,-0.26201,5.32283,7.84218,0,0,0
Daniyal,6463,1771513666945,-0.26201,5.32283,7.84218,0,0,0
Daniyal,6464,1771513666949,-0.26201,5.32283,7.84218,0,0,0
Daniyal,6465,1771513666953,-0.26201,5.32283,7.84218,0,0,0
Daniyal,6466,1771513666960,-0.26201,5.32283,7.84218,0,0,0
Daniyal,6467,1771513666964,-0.26201,5.32283,7.84218,0,0,0
Daniyal,6468,1771513666967,-0.26201,5.32283,7.84218,0,0,0
Daniyal,6469,1771513666970,-0.26201,5.32283,7.84218,0,0,0
Daniyal,6470,1771513666974,-0.26201,5.32283,7.84218,0,0,0
Daniyal,6471,1771513666978,-0.26201,5.32283,7.84218,0,0,0
Daniyal,6472,1771513666985,-0.26201,5.32283,7.84218,0,0,0
Daniyal,6473,1771513666988,-0.26201,5.32283,7.84218,0,0,0
Daniyal,6474,1771513666991,-0.26201,5.32283,7.84218,0,0,0
Daniyal,6475,1771513666994,-0.26201,5.32283,7.84218,0,0,0
Daniyal,6476,1771513666997,-0.26201,5.32283,7.84218,0,0,0
Daniyal,6477,1771513667000,-0.26201,5.32283,7.84218,0,0,0
Daniyal,6478,1771513667006,-0.26201,5.32283,7.84218,0,0,0
Daniyal,6479,1771513667013,-0.26201,5.32283,7.84218,0,0,0
Daniyal,6480,1771513667016,-0.26201,5.32283,7.84218,0,0,0
Daniyal,6481,1771513667019,-0.26201,5.32283,7.84218,0,0,0
Daniyal,6482,1771513667022,-0.26201,5.32283,7.84218,0,0,0
Daniyal,6483,1771513667025,-0.26201,5.32283,7.84218,0,0,0
Daniyal,6484,1771513667029,-0.26201,5.32283,7.84218,0,0,0
Daniyal,6485,1771513667033,-0.26201,5.32283,7.84218,0,0,0
Daniyal,6486,1771513667041,-0.26201,5.32283,7.84218,0,0,0
Daniyal,6487,1771513667044,-0.26201,5.32283,7.84218,0,0,0
Daniyal,6488,1771513667047,-0.26201,5.32283,7.84218,0,0,0
Daniyal,6489,1771513667050,-0.26201,5.32283,7.84218,0,0,0
Daniyal,6490,1771513667053,-0.26201,5.32283,7.84218,0,0,0
Daniyal,6491,1771513667057,-0.26201,5.32283,7.84218,0,0,0
Daniyal,6492,1771513667061,-0.26201,5.32283,7.84218,0,0,0
Daniyal,6493,1771513667067,-0.26201,5.32283,7.84218,0,0,0
Daniyal,6494,1771513667073,-0.26201,5.32283,7.84218,0,0,0
Daniyal,6495,1771513667076,-0.26201,5.32283,7.84218,0,0,0
Daniyal,6496,1771513667079,-0.26201,5.32283,7.84218,0,0,0
Daniyal,6497,1771513667083,-0.26201,5.32283,7.84218,0,0,0
Daniyal,6498,1771513667087,-0.26201,5.32283,7.84218,0,0,0
Daniyal,6499,1771513667090,-0.26201,5.32283,7.84218,0,0,0
Daniyal,6500,1771513667098,-0.26201,5.32283,7.84218,0,0,0
Daniyal,6501,1771513667101,-0.26201,5.32283,7.84218,0,0,0
Daniyal,6502,1771513667105,-0.26201,5.32283,7.84218,0,0,0
Daniyal,6503,1771513667108,-0.26201,5.32283,7.84218,0,0,0
Daniyal,6504,1771513667111,-0.26201,5.32283,7.84218,0,0,0
Daniyal,6505,1771513667114,-0.26201,5.32283,7.84218,0,0,0
Daniyal,6506,1771513667125,-0.26201,5.32283,7.84218,0,0,0
Daniyal,6507,1771513667129,-0.26201,5.32283,7.84218,0,0,0
Daniyal,6508,1771513667133,-0.26201,5.32283,7.84218,0,0,0
Daniyal,6509,1771513667136,-0.26201,5.32283,7.84218,0,0,0
Daniyal,6510,1771513667139,-0.26201,5.32283,7.84218,0,0,0
Daniyal,6511,1771513667142,-0.26201,5.32283,7.84218,0,0,0
Daniyal,6512,1771513667146,-0.26201,5.32283,7.84218,0,0,0
Daniyal,6513,1771513667149,-0.26201,5.32283,7.84218,0,0,0
Daniyal,6514,1771513667152,-0.26201,5.32283,7.84218,0,0,0
Daniyal,6515,1771513667157,-0.26201,5.32283,7.84218,0,0,0
Daniyal,6516,1771513667162,-0.26201,5.32283,7.84218,0,0,0
Daniyal,6517,1771513667167,-0.26201,5.32283,7.84218,0,0,0
Daniyal,6518,1771513667170,-0.26201,5.32283,7.84218,0,0,0
Daniyal,6519,1771513667173,-0.26201,5.32283,7.84218,0,0,0
Daniyal,6520,1771513667176,-0.26201,5.32283,7.84218,0,0,0
Daniyal,6521,1771513667180,-0.26201,5.32283,7.84218,0,0,0
Daniyal,6522,1771513667187,-0.26201,5.32283,7.84218,0,0,0
Daniyal,6523,1771513667190,-0.26201,5.32283,7.84218,0,0,0
Daniyal,6524,1771513667193,-0.26201,5.32283,7.84218,0,0,0
Daniyal,6525,1771513667196,-0.26201,5.32283,7.84218,0,0,0
Daniyal,6526,1771513667199,-0.26201,5.32283,7.84218,0,0,0
Daniyal,6527,1771513667203,-0.26201,5.32283,7.84218,0,0,0
Daniyal,6528,1771513667207,-0.26201,5.32283,7.84218,0,0,0
Daniyal,6529,1771513667211,-0.26201,5.32283,7.84218,0,0,0
Daniyal,6530,1771513667216,-0.26201,5.32283,7.84218,0,0,0
Daniyal,6531,1771513667219,-0.26201,5.32283,7.84218,0,0,0
Daniyal,6532,1771513667223,-0.26201,5.32283,7.84218,0,0,0
Daniyal,6533,1771513667226,-0.26201,5.32283,7.84218,0,0,0
Daniyal,6534,1771513667229,-0.26201,5.32283,7.84218,0,0,0
Daniyal,6535,1771513667233,-0.26201,5.32283,7.84218,0,0,0
Daniyal,6536,1771513667239,-0.26201,5.32283,7.84218,0,0,0
Daniyal,6537,1771513667244,-0.26201,5.32283,7.84218,0,0,0
Daniyal,6538,1771513667247,-0.26201,5.32283,7.84218,0,0,0
Daniyal,6539,1771513667251,-0.26201,5.32283,7.84218,0,0,0
Daniyal,6540,1771513667254,-0.26201,5.32283,7.84218,0,0,0
Daniyal,6541,1771513667258,-0.26201,5.32283,7.84218,0,0,0
Daniyal,6542,1771513667262,-0.26201,5.32283,7.84218,0,0,0
Daniyal,6543,1771513667267,-0.26201,5.32283,7.84218,0,0,0
Daniyal,6544,1771513667270,-0.26201,5.32283,7.84218,0,0,0
Daniyal,6545,1771513667274,-0.26201,5.32283,7.84218,0,0,0
Daniyal,6546,1771513667277,-0.26201,5.32283,7.84218,0,0,0
Daniyal,6547,1771513667280,-0.26201,5.32283,7.84218,0,0,0
Daniyal,6548,1771513667283,-0.26201,5.32283,7.84218,0,0,0
Daniyal,6549,1771513667286,-0.26201,5.32283,7.84218,0,0,0
Daniyal,6550,1771513667290,-0.26201,5.32283,7.84218,0,0,0
Daniyal,6551,1771513667295,-0.26201,5.32283,7.84218,0,0,0
Daniyal,6552,1771513667303,-0.26201,5.32283,7.84218,0,0,0
Daniyal,6553,1771513667306,-0.26201,5.32283,7.84218,0,0,0
Daniyal,6554,1771513667309,-0.26201,5.32283,7.84218,0,0,0
Daniyal,6555,1771513667313,-0.26201,5.32283,7.84218,0,0,0
Daniyal,6556,1771513667316,-0.26201,5.32283,7.84218,0,0,0
Daniyal,6557,1771513667320,-0.26201,5.32283,7.84218,0,0,0
Daniyal,6558,1771513667324,-0.26201,5.32283,7.84218,0,0,0
Daniyal,6559,1771513667328,-0.26201,5.32283,7.84218,0,0,0
Daniyal,6560,1771513667333,-0.26201,5.32283,7.84218,0,0,0
Daniyal,6561,1771513667340,-0.26201,5.32283,7.84218,0,0,0
Daniyal,6562,1771513667343,-0.26201,5.32283,7.84218,0,0,0
Daniyal,6563,1771513667346,-0.26201,5.32283,7.84218,0,0,0
Daniyal,6564,1771513667348,-0.26201,5.32283,7.84218,0,0,0
Daniyal,6565,1771513667351,-0.26201,5.32283,7.84218,0,0,0
Daniyal,6566,1771513667354,-0.26201,5.32283,7.84218,0,0,0
Daniyal,6567,1771513667357,-0.26201,5.32283,7.84218,0,0,0
Daniyal,6568,1771513667363,-0.26201,5.32283,7.84218,0,0,0
Daniyal,6569,1771513667369,-0.26201,5.32283,7.84218,0,0,0
Daniyal,6570,1771513667372,-0.26201,5.32283,7.84218,0,0,0
Daniyal,6571,1771513667376,-0.26201,5.32283,7.84218,0,0,0
Daniyal,6572,1771513667380,-0.26201,5.32283,7.84218,0,0,0
Daniyal,6573,1771513667383,-0.26201,5.32283,7.84218,0,0,0
Daniyal,6574,1771513667386,-0.26201,5.32283,7.84218,0,0,0
Daniyal,6575,1771513667389,-0.26201,5.32283,7.84218,0,0,0
Daniyal,6576,1771513667393,-0.26201,5.32283,7.84218,0,0,0
Daniyal,6577,1771513667398,-0.26201,5.32283,7.84218,0,0,0
Daniyal,6578,1771513667402,-0.26201,5.32283,7.84218,0,0,0
Daniyal,6579,1771513667407,-0.26201,5.32283,7.84218,0,0,0
Daniyal,6580,1771513667410,-0.26201,5.32283,7.84218,0,0,0
Daniyal,6581,1771513667412,-0.26201,5.32283,7.84218,0,0,0
Daniyal,6582,1771513667415,-0.26201,5.32283,7.84218,0,0,0
Daniyal,6583,1771513667418,-0.26201,5.32283,7.84218,0,0,0
Daniyal,6584,1771513667421,-0.26201,5.32283,7.84218,0,0,0
Daniyal,6585,1771513667424,-0.26201,5.32283,7.84218,0,0,0
Daniyal,6586,1771513667428,-0.26201,5.32283,7.84218,0,0,0
Daniyal,6587,1771513667434,-0.26201,5.32283,7.84218,0,0,0
Daniyal,6588,1771513667441,-0.26201,5.32283,7.84218,0,0,0
Daniyal,6589,1771513667445,-0.26201,5.32283,7.84218,0,0,0
Daniyal,6590,1771513667448,-0.26201,5.32283,7.84218,0,0,0
Daniyal,6591,1771513667454,-0.26201,5.32283,7.84218,0,0,0
Daniyal,6592,1771513667458,-0.26201,5.32283,7.84218,0,0,0
Daniyal,6593,1771513667462,-0.26201,5.32283,7.84218,0,0,0
Daniyal,6594,1771513667468,-0.26201,5.32283,7.84218,0,0,0
Daniyal,6595,1771513667475,-0.26201,5.32283,7.84218,0,0,0
Daniyal,6596,1771513667480,-0.26201,5.32283,7.84218,0,0,0
Daniyal,6597,1771513667486,-0.26201,5.32283,7.84218,0,0,0
Daniyal,6598,1771513667499,-0.26201,5.32283,7.84218,0,0,0
Daniyal,6599,1771513667507,-0.26201,5.32283,7.84218,0,0,0
Daniyal,6600,1771513667513,-0.26201,5.32283,7.84218,0,0,0
Daniyal,6601,1771513667518,-0.26201,5.32283,7.84218,0,0,0
Daniyal,6602,1771513667522,-0.26201,5.32283,7.84218,0,0,0
Daniyal,6603,1771513667528,-0.26201,5.32283,7.84218,0,0,0
Daniyal,6604,1771513667533,-0.26201,5.32283,7.84218,0,0,0
Daniyal,6605,1771513667539,-0.26201,5.32283,7.84218,0,0,0
Daniyal,6606,1771513667549,-0.26201,5.32283,7.84218,0,0,0
Daniyal,6607,1771513667552,-0.26201,5.32283,7.84218,0,0,0
Daniyal,6608,1771513667555,-0.26201,5.32283,7.84218,0,0,0
Daniyal,6609,1771513667559,-0.26201,5.32283,7.84218,0,0,0
Daniyal,6610,1771513667565,-0.26201,5.32283,7.84218,0,0,0
Daniyal,6611,1771513667571,-0.26201,5.32283,7.84218,0,0,0
Daniyal,6612,1771513667577,-0.26201,5.32283,7.84218,0,0,0
Daniyal,6613,1771513667586,-0.26201,5.32283,7.84218,0,0,0
Daniyal,6614,1771513667590,-0.26201,5.32283,7.84218,0,0,0
Daniyal,6615,1771513667595,-0.26201,5.32283,7.84218,0,0,0
Daniyal,6616,1771513667599,-0.26201,5.32283,7.84218,0,0,0
Daniyal,6617,1771513667602,-0.26201,5.32283,7.84218,0,0,0
Daniyal,6618,1771513667606,-0.26201,5.32283,7.84218,0,0,0
Daniyal,6619,1771513667612,-0.26201,5.32283,7.84218,0,0,0
Daniyal,6620,1771513667622,-0.26201,5.32283,7.84218,0,0,0
Daniyal,6621,1771513667628,-0.26201,5.32283,7.84218,0,0,0
Daniyal,6622,1771513667633,-0.26201,5.32283,7.84218,0,0,0
Daniyal,6623,1771513667638,-0.26201,5.32283,7.84218,0,0,0
Daniyal,6624,1771513667645,-0.26201,5.32283,7.84218,0,0,0
Daniyal,6625,1771513667650,-0.26201,5.32283,7.84218,0,0,0
Daniyal,6626,1771513667654,-0.26201,5.32283,7.84218,0,0,0
Daniyal,6627,1771513667662,-0.26201,5.32283,7.84218,0,0,0
Daniyal,6628,1771513667666,-0.26201,5.32283,7.84218,0,0,0
Daniyal,6629,1771513667675,-0.26201,5.32283,7.84218,0,0,0
Daniyal,6630,1771513667678,-0.26201,5.32283,7.84218,0,0,0
Daniyal,6631,1771513667682,-0.26201,5.32283,7.84218,0,0,0
Daniyal,6632,1771513667686,-0.26201,5.32283,7.84218,0,0,0
Daniyal,6633,1771513667689,-0.26201,5.32283,7.84218,0,0,0
Daniyal,6634,1771513667692,-0.26201,5.32283,7.84218,0,0,0
Daniyal,6635,1771513667696,-0.26201,5.32283,7.84218,0,0,0
Daniyal,6636,1771513667700,-0.26201,5.32283,7.84218,0,0,0
Daniyal,6637,1771513667704,-0.26201,5.32283,7.84218,0,0,0
Daniyal,6638,1771513667710,-0.26201,5.32283,7.84218,0,0,0
Daniyal,6639,1771513667714,-0.26201,5.32283,7.84218,0,0,0
Daniyal,6640,1771513667717,-0.26201,5.32283,7.84218,0,0,0
Daniyal,6641,1771513667721,-0.26201,5.32283,7.84218,0,0,0
Daniyal,6642,1771513667727,-0.26201,5.32283,7.84218,0,0,0
Daniyal,6643,1771513667733,-0.26201,5.32283,7.84218,0,0,0
Daniyal,6644,1771513667736,-0.26201,5.32283,7.84218,0,0,0
Daniyal,6645,1771513667741,-0.26201,5.32283,7.84218,0,0,0
Daniyal,6646,1771513667746,-0.26201,5.32283,7.84218,0,0,0
Daniyal,6647,1771513667752,-0.26201,5.32283,7.84218,0,0,0
Daniyal,6648,1771513667758,-0.26201,5.32283,7.84218,0,0,0
Daniyal,6649,1771513667762,-0.26201,5.32283,7.84218,0,0,0
Daniyal,6650,1771513667770,-0.26201,5.32283,7.84218,0,0,0
Daniyal,6651,1771513667773,-0.26201,5.32283,7.84218,0,0,0
Daniyal,6652,1771513667776,-0.26201,5.32283,7.84218,0,0,0
Daniyal,6653,1771513667779,-0.26201,5.32283,7.84218,0,0,0
Daniyal,6654,1771513667782,-0.26201,5.32283,7.84218,0,0,0
Daniyal,6655,1771513667785,-0.26201,5.32283,7.84218,0,0,0
Daniyal,6656,1771513667788,-0.26201,5.32283,7.84218,0,0,0
Daniyal,6657,1771513667792,-0.26201,5.32283,7.84218,0,0,0
Daniyal,6658,1771513667795,-0.26201,5.32283,7.84218,0,0,0
Daniyal,6659,1771513667802,-0.26201,5.32283,7.84218,0,0,0
Daniyal,6660,1771513667806,-0.26201,5.32283,7.84218,0,0,0
Daniyal,6661,1771513667809,-0.26201,5.32283,7.84218,0,0,0
Daniyal,6662,1771513667812,-0.26201,5.32283,7.84218,0,0,0
Daniyal,6663,1771513667815,-0.26201,5.32283,7.84218,0,0,0
Daniyal,6664,1771513667818,-0.26201,5.32283,7.84218,0,0,0
Daniyal,6665,1771513667821,-0.26201,5.32283,7.84218,0,0,0
Daniyal,6666,1771513667824,-0.26201,5.32283,7.84218,0,0,0
Daniyal,6667,1771513667827,-0.26201,5.32283,7.84218,0,0,0
Daniyal,6668,1771513667831,-0.26201,5.32283,7.84218,0,0,0
Daniyal,6669,1771513667835,-0.26201,5.32283,7.84218,0,0,0
Daniyal,6670,1771513667840,-0.26201,5.32283,7.84218,0,0,0
Daniyal,6671,1771513667843,-0.26201,5.32283,7.84218,0,0,0
Daniyal,6672,1771513667846,-0.26201,5.32283,7.84218,0,0,0
Daniyal,6673,1771513667849,-0.26201,5.32283,7.84218,0,0,0
Daniyal,6674,1771513667852,-0.26201,5.32283,7.84218,0,0,0
Daniyal,6675,1771513667856,-0.26201,5.32283,7.84218,0,0,0
Daniyal,6676,1771513667859,-0.26201,5.32283,7.84218,0,0,0
Daniyal,6677,1771513667868,-0.26201,5.32283,7.84218,0,0,0
Daniyal,6678,1771513667872,-0.26201,5.32283,7.84218,0,0,0
Daniyal,6679,1771513667875,-0.26201,5.32283,7.84218,0,0,0
Daniyal,6680,1771513667878,-0.26201,5.32283,7.84218,0,0,0
Daniyal,6681,1771513667883,-0.26201,5.32283,7.84218,0,0,0
Daniyal,6682,1771513667886,-0.26201,5.32283,7.84218,0,0,0
Daniyal,6683,1771513667892,-0.26201,5.32283,7.84218,0,0,0
Daniyal,6684,1771513667895,-0.26201,5.32283,7.84218,0,0,0
Daniyal,6685,1771513667897,-0.26201,5.32283,7.84218,0,0,0
Daniyal,6686,1771513667900,-0.26201,5.32283,7.84218,0,0,0
Daniyal,6687,1771513667903,-0.26201,5.32283,7.84218,0,0,0
Daniyal,6688,1771513667906,-0.26201,5.32283,7.84218,0,0,0
Daniyal,6689,1771513667909,-0.26201,5.32283,7.84218,0,0,0
Daniyal,6690,1771513667916,-0.26201,5.32283,7.84218,0,0,0
Daniyal,6691,1771513667920,-0.26201,5.32283,7.84218,0,0,0
Daniyal,6692,1771513667924,-0.26201,5.32283,7.84218,0,0,0
Daniyal,6693,1771513667928,-0.26201,5.32283,7.84218,0,0,0
Daniyal,6694,1771513667931,-0.26201,5.32283,7.84218,0,0,0
Daniyal,6695,1771513667935,-0.26201,5.32283,7.84218,0,0,0
Daniyal,6696,1771513667940,-0.26201,5.32283,7.84218,0,0,0
Daniyal,6697,1771513667944,-0.26201,5.32283,7.84218,0,0,0
Daniyal,6698,1771513667951,-0.26201,5.32283,7.84218,0,0,0
Daniyal,6699,1771513667954,-0.26201,5.32283,7.84218,0,0,0
Daniyal,6700,1771513667957,-0.26201,5.32283,7.84218,0,0,0
Daniyal,6701,1771513667961,-0.26201,5.32283,7.84218,0,0,0
Daniyal,6702,1771513667964,-0.26201,5.32283,7.84218,0,0,0
Daniyal,6703,1771513667967,-0.26201,5.32283,7.84218,0,0,0
Daniyal,6704,1771513667971,-0.26201,5.32283,7.84218,0,0,0
Daniyal,6705,1771513667974,-0.26201,5.32283,7.84218,0,0,0
Daniyal,6706,1771513667984,-0.26201,5.32283,7.84218,0,0,0
Daniyal,6707,1771513667988,-0.26201,5.32283,7.84218,0,0,0
Daniyal,6708,1771513667991,-0.26201,5.32283,7.84218,0,0,0
Daniyal,6709,1771513667994,-0.26201,5.32283,7.84218,0,0,0
Daniyal,6710,1771513667998,-0.26201,5.32283,7.84218,0,0,0
Daniyal,6711,1771513668002,-0.26201,5.32283,7.84218,0,0,0
Daniyal,6712,1771513668006,-0.26201,5.32283,7.84218,0,0,0
Daniyal,6713,1771513668012,-0.26201,5.32283,7.84218,0,0,0
Daniyal,6714,1771513668016,-0.26201,5.32283,7.84218,0,0,0
Daniyal,6715,1771513668019,-0.26201,5.32283,7.84218,0,0,0
Daniyal,6716,1771513668022,-0.26201,5.32283,7.84218,0,0,0
Daniyal,6717,1771513668025,-0.26201,5.32283,7.84218,0,0,0
Daniyal,6718,1771513668029,-0.26201,5.32283,7.84218,0,0,0
Daniyal,6719,1771513668033,-0.26201,5.32283,7.84218,0,0,0
Daniyal,6720,1771513668037,-0.26201,5.32283,7.84218,0,0,0
Daniyal,6721,1771513668045,-0.26201,5.32283,7.84218,0,0,0
Daniyal,6722,1771513668055,-0.26201,5.32283,7.84218,0,0,0
Daniyal,6723,1771513668059,-0.26201,5.32283,7.84218,0,0,0
Daniyal,6724,1771513668065,-0.26201,5.32283,7.84218,0,0,0
Daniyal,6725,1771513668070,-0.26201,5.32283,7.84218,0,0,0
Daniyal,6726,1771513668074,-0.26201,5.32283,7.84218,0,0,0
Daniyal,6727,1771513668080,-0.26201,5.32283,7.84218,0,0,0
Daniyal,6728,1771513668087,-0.26201,5.32283,7.84218,0,0,0
Daniyal,6729,1771513668094,-0.26201,5.32283,7.84218,0,0,0
Daniyal,6730,1771513668104,-0.26201,5.32283,7.84218,0,0,0
Daniyal,6731,1771513668109,-0.26201,5.32283,7.84218,0,0,0
Daniyal,6732,1771513668114,-0.26201,5.32283,7.84218,0,0,0
Daniyal,6733,1771513668120,-0.26201,5.32283,7.84218,0,0,0
Daniyal,6734,1771513668125,-0.26201,5.32283,7.84218,0,0,0
Daniyal,6735,1771513668131,-0.26201,5.32283,7.84218,0,0,0
Daniyal,6736,1771513668137,-0.26201,5.32283,7.84218,0,0,0
Daniyal,6737,1771513668142,-0.26201,5.32283,7.84218,0,0,0
Daniyal,6738,1771513668152,-0.26201,5.32283,7.84218,0,0,0
Daniyal,6739,1771513668156,-0.26201,5.32283,7.84218,0,0,0
Daniyal,6740,1771513668161,-0.26201,5.32283,7.84218,0,0,0
Daniyal,6741,1771513668165,-0.26201,5.32283,7.84218,0,0,0
Daniyal,6742,1771513668169,-0.26201,5.32283,7.84218,0,0,0
Daniyal,6743,1771513668173,-0.26201,5.32283,7.84218,0,0,0
Daniyal,6744,1771513668177,-0.26201,5.32283,7.84218,0,0,0
Daniyal,6745,1771513668184,-0.26201,5.32283,7.84218,0,0,0
Daniyal,6746,1771513668189,-0.26201,5.32283,7.84218,0,0,0
Daniyal,6747,1771513668192,-0.26201,5.32283,7.84218,0,0,0
Daniyal,6748,1771513668195,-0.26201,5.32283,7.84218,0,0,0
Daniyal,6749,1771513668198,-0.26201,5.32283,7.84218,0,0,0
Daniyal,6750,1771513668201,-0.26201,5.32283,7.84218,0,0,0
Daniyal,6751,1771513668204,-0.26201,5.32283,7.84218,0,0,0
Daniyal,6752,1771513668208,-0.26201,5.32283,7.84218,0,0,0
Daniyal,6753,1771513668215,-0.26201,5.32283,7.84218,0,0,0
Daniyal,6754,1771513668219,-0.26201,5.32283,7.84218,0,0,0
Daniyal,6755,1771513668221,-0.26201,5.32283,7.84218,0,0,0
Daniyal,6756,1771513668224,-0.26201,5.32283,7.84218,0,0,0
Daniyal,6757,1771513668228,-0.26201,5.32283,7.84218,0,0,0
Daniyal,6758,1771513668231,-0.26201,5.32283,7.84218,0,0,0
Daniyal,6759,1771513668236,-0.26201,5.32283,7.84218,0,0,0
Daniyal,6760,1771513668240,-0.26201,5.32283,7.84218,0,0,0
Daniyal,6761,1771513668246,-0.26201,5.32283,7.84218,0,0,0
Daniyal,6762,1771513668250,-0.26201,5.32283,7.84218,0,0,0
Daniyal,6763,1771513668253,-0.26201,5.32283,7.84218,0,0,0
Daniyal,6764,1771513668256,-0.26201,5.32283,7.84218,0,0,0
Daniyal,6765,1771513668259,-0.26201,5.32283,7.84218,0,0,0
Daniyal,6766,1771513668262,-0.26201,5.32283,7.84218,0,0,0
Daniyal,6767,1771513668266,-0.26201,5.32283,7.84218,0,0,0
Daniyal,6768,1771513668273,-0.26201,5.32283,7.84218,0,0,0
Daniyal,6769,1771513668277,-0.26201,5.32283,7.84218,0,0,0
Daniyal,6770,1771513668280,-0.26201,5.32283,7.84218,0,0,0
Daniyal,6771,1771513668284,-0.26201,5.32283,7.84218,0,0,0
Daniyal,6772,1771513668287,-0.26201,5.32283,7.84218,0,0,0
Daniyal,6773,1771513668291,-0.26201,5.32283,7.84218,0,0,0
Daniyal,6774,1771513668295,-0.26201,5.32283,7.84218,0,0,0
Daniyal,6775,1771513668304,-0.26201,5.32283,7.84218,0,0,0
Daniyal,6776,1771513668309,-0.26201,5.32283,7.84218,0,0,0
Daniyal,6777,1771513668314,-0.26201,5.32283,7.84218,0,0,0
Daniyal,6778,1771513668317,-0.26201,5.32283,7.84218,0,0,0
Daniyal,6779,1771513668320,-0.26201,5.32283,7.84218,0,0,0
Daniyal,6780,1771513668323,-0.26201,5.32283,7.84218,0,0,0
Daniyal,6781,1771513668326,-0.26201,5.32283,7.84218,0,0,0
Daniyal,6782,1771513668331,-0.26201,5.32283,7.84218,0,0,0
Daniyal,6783,1771513668334,-0.26201,5.32283,7.84218,0,0,0
Daniyal,6784,1771513668341,-0.26201,5.32283,7.84218,0,0,0
Daniyal,6785,1771513668344,-0.26201,5.32283,7.84218,0,0,0
Daniyal,6786,1771513668347,-0.26201,5.32283,7.84218,0,0,0
Daniyal,6787,1771513668351,-0.26201,5.32283,7.84218,0,0,0
Daniyal,6788,1771513668357,-0.26201,5.32283,7.84218,0,0,0
Daniyal,6789,1771513668360,-0.26201,5.32283,7.84218,0,0,0
Daniyal,6790,1771513668364,-0.26201,5.32283,7.84218,0,0,0
Daniyal,6791,1771513668368,-0.26201,5.32283,7.84218,0,0,0
Daniyal,6792,1771513668374,-0.26201,5.32283,7.84218,0,0,0
Daniyal,6793,1771513668382,-0.26201,5.32283,7.84218,0,0,0
Daniyal,6794,1771513668385,-0.26201,5.32283,7.84218,0,0,0
Daniyal,6795,1771513668388,-0.26201,5.32283,7.84218,0,0,0
Daniyal,6796,1771513668391,-0.26201,5.32283,7.84218,0,0,0
Daniyal,6797,1771513668394,-0.26201,5.32283,7.84218,0,0,0
Daniyal,6798,1771513668398,-0.26201,5.32283,7.84218,0,0,0
Daniyal,6799,1771513668404,-0.26201,5.32283,7.84218,0,0,0
Daniyal,6800,1771513668408,-0.26201,5.32283,7.84218,0,0,0
Daniyal,6801,1771513668411,-0.26201,5.32283,7.84218,0,0,0
Daniyal,6802,1771513668414,-0.26201,5.32283,7.84218,0,0,0
Daniyal,6803,1771513668418,-0.26201,5.32283,7.84218,0,0,0
Daniyal,6804,1771513668422,-0.26201,5.32283,7.84218,0,0,0
Daniyal,6805,1771513668427,-0.26201,5.32283,7.84218,0,0,0
Daniyal,6806,1771513668431,-0.26201,5.32283,7.84218,0,0,0
Daniyal,6807,1771513668437,-0.26201,5.32283,7.84218,0,0,0
Daniyal,6808,1771513668441,-0.26201,5.32283,7.84218,0,0,0
Daniyal,6809,1771513668444,-0.26201,5.32283,7.84218,0,0,0
Daniyal,6810,1771513668447,-0.26201,5.32283,7.84218,0,0,0
Daniyal,6811,1771513668450,-0.26201,5.32283,7.84218,0,0,0
Daniyal,6812,1771513668453,-0.26201,5.32283,7.84218,0,0,0
Daniyal,6813,1771513668458,-0.26201,5.32283,7.84218,0,0,0
Daniyal,6814,1771513668466,-0.26201,5.32283,7.84218,0,0,0
Daniyal,6815,1771513668469,-0.26201,5.32283,7.84218,0,0,0
Daniyal,6816,1771513668473,-0.26201,5.32283,7.84218,0,0,0
Daniyal,6817,1771513668477,-0.26201,5.32283,7.84218,0,0,0
Daniyal,6818,1771513668482,-0.26201,5.32283,7.84218,0,0,0
Daniyal,6819,1771513668486,-0.26201,5.32283,7.84218,0,0,0
Daniyal,6820,1771513668494,-0.26201,5.32283,7.84218,0,0,0
Daniyal,6821,1771513668495,-0.26201,5.32283,7.84218,0,0,0
Daniyal,6822,1771513668499,-0.26201,5.32283,7.84218,0,0,0
Daniyal,6823,1771513668502,-0.26201,5.32283,7.84218,0,0,0
Daniyal,6824,1771513668505,-0.26201,5.32283,7.84218,0,0,0
Daniyal,6825,1771513668509,-0.26201,5.32283,7.84218,0,0,0
Daniyal,6826,1771513668516,-0.26201,5.32283,7.84218,0,0,0
Daniyal,6827,1771513668521,-0.26201,5.32283,7.84218,0,0,0
Daniyal,6828,1771513668524,-0.26201,5.32283,7.84218,0,0,0
Daniyal,6829,1771513668531,-0.26201,5.32283,7.84218,0,0,0
Daniyal,6830,1771513668534,-0.26201,5.32283,7.84218,0,0,0
Daniyal,6831,1771513668537,-0.26201,5.32283,7.84218,0,0,0
Daniyal,6832,1771513668541,-0.26201,5.32283,7.84218,0,0,0
Daniyal,6833,1771513668545,-0.26201,5.32283,7.84218,0,0,0
Daniyal,6834,1771513668550,-0.26201,5.32283,7.84218,0,0,0
Daniyal,6835,1771513668558,-0.26201,5.32283,7.84218,0,0,0
Daniyal,6836,1771513668561,-0.26201,5.32283,7.84218,0,0,0
Daniyal,6837,1771513668564,-0.26201,5.32283,7.84218,0,0,0
Daniyal,6838,1771513668567,-0.26201,5.32283,7.84218,0,0,0
Daniyal,6839,1771513668569,-0.26201,5.32283,7.84218,0,0,0
Daniyal,6840,1771513668574,-0.26201,5.32283,7.84218,0,0,0
Daniyal,6841,1771513668583,-0.26201,5.32283,7.84218,0,0,0
Daniyal,6842,1771513668586,-0.26201,5.32283,7.84218,0,0,0
Daniyal,6843,1771513668590,-0.26201,5.32283,7.84218,0,0,0
Daniyal,6844,1771513668593,-0.26201,5.32283,7.84218,0,0,0
Daniyal,6845,1771513668600,-0.26201,5.32283,7.84218,0,0,0
Daniyal,6846,1771513668605,-0.26201,5.32283,7.84218,0,0,0
Daniyal,6847,1771513668614,-0.26201,5.32283,7.84218,0,0,0
Daniyal,6848,1771513668617,-0.26201,5.32283,7.84218,0,0,0
Daniyal,6849,1771513668620,-0.26201,5.32283,7.84218,0,0,0
Daniyal,6850,1771513668623,-0.26201,5.32283,7.84218,0,0,0
Daniyal,6851,1771513668626,-0.26201,5.32283,7.84218,0,0,0
Daniyal,6852,1771513668629,-0.26201,5.32283,7.84218,0,0,0
Daniyal,6853,1771513668632,-0.26201,5.32283,7.84218,0,0,0
Daniyal,6854,1771513668639,-0.26201,5.32283,7.84218,0,0,0
Daniyal,6855,1771513668651,-0.26201,5.32283,7.84218,0,0,0
Daniyal,6856,1771513668655,-0.26201,5.32283,7.84218,0,0,0
Daniyal,6857,1771513668658,-0.26201,5.32283,7.84218,0,0,0
Daniyal,6858,1771513668661,-0.26201,5.32283,7.84218,0,0,0
Daniyal,6859,1771513668664,-0.26201,5.32283,7.84218,0,0,0
Daniyal,6860,1771513668668,-0.26201,5.32283,7.84218,0,0,0
Daniyal,6861,1771513668672,-0.26201,5.32283,7.84218,0,0,0
Daniyal,6862,1771513668676,-0.26201,5.32283,7.84218,0,0,0
Daniyal,6863,1771513668684,-0.26201,5.32283,7.84218,0,0,0
Daniyal,6864,1771513668688,-0.26201,5.32283,7.84218,0,0,0
Daniyal,6865,1771513668692,-0.26201,5.32283,7.84218,0,0,0
Daniyal,6866,1771513668695,-0.26201,5.32283,7.84218,0,0,0
Daniyal,6867,1771513668698,-0.26201,5.32283,7.84218,0,0,0
Daniyal,6868,1771513668702,-0.26201,5.32283,7.84218,0,0,0
Daniyal,6869,1771513668707,-0.26201,5.32283,7.84218,0,0,0
Daniyal,6870,1771513668717,-0.26201,5.32283,7.84218,0,0,0
Daniyal,6871,1771513668720,-0.26201,5.32283,7.84218,0,0,0
Daniyal,6872,1771513668723,-0.26201,5.32283,7.84218,0,0,0
Daniyal,6873,1771513668727,-0.26201,5.32283,7.84218,0,0,0
Daniyal,6874,1771513668731,-0.26201,5.32283,7.84218,0,0,0
Daniyal,6875,1771513668735,-0.26201,5.32283,7.84218,0,0,0
Daniyal,6876,1771513668742,-0.26201,5.32283,7.84218,0,0,0
Daniyal,6877,1771513668746,-0.26201,5.32283,7.84218,0,0,0
Daniyal,6878,1771513668750,-0.26201,5.32283,7.84218,0,0,0
Daniyal,6879,1771513668754,-0.26201,5.32283,7.84218,0,0,0
Daniyal,6880,1771513668758,-0.26201,5.32283,7.84218,0,0,0
Daniyal,6881,1771513668764,-0.26201,5.32283,7.84218,0,0,0
Daniyal,6882,1771513668769,-0.26201,5.32283,7.84218,0,0,0
Daniyal,6883,1771513668772,-0.26201,5.32283,7.84218,0,0,0
Daniyal,6884,1771513668775,-0.26201,5.32283,7.84218,0,0,0
Daniyal,6885,1771513668778,-0.26201,5.32283,7.84218,0,0,0
Daniyal,6886,1771513668781,-0.26201,5.32283,7.84218,0,0,0
Daniyal,6887,1771513668786,-0.26201,5.32283,7.84218,0,0,0
Daniyal,6888,1771513668790,-0.26201,5.32283,7.84218,0,0,0
Daniyal,6889,1771513668798,-0.26201,5.32283,7.84218,0,0,0
Daniyal,6890,1771513668802,-0.26201,5.32283,7.84218,0,0,0
Daniyal,6891,1771513668808,-0.26201,5.32283,7.84218,0,0,0
Daniyal,6892,1771513668811,-0.26201,5.32283,7.84218,0,0,0
Daniyal,6893,1771513668814,-0.26201,5.32283,7.84218,0,0,0
Daniyal,6894,1771513668817,-0.26201,5.32283,7.84218,0,0,0
Daniyal,6895,1771513668823,-0.26201,5.32283,7.84218,0,0,0
Daniyal,6896,1771513668830,-0.26201,5.32283,7.84218,0,0,0
Daniyal,6897,1771513668834,-0.26201,5.32283,7.84218,0,0,0
Daniyal,6898,1771513668836,-0.26201,5.32283,7.84218,0,0,0
Daniyal,6899,1771513668839,-0.26201,5.32283,7.84218,0,0,0
Daniyal,6900,1771513668843,-0.26201,5.32283,7.84218,0,0,0
Daniyal,6901,1771513668847,-0.26201,5.32283,7.84218,0,0,0
Daniyal,6902,1771513668852,-0.26201,5.32283,7.84218,0,0,0
Daniyal,6903,1771513668856,-0.26201,5.32283,7.84218,0,0,0
Daniyal,6904,1771513668869,-0.26201,5.32283,7.84218,0,0,0
Daniyal,6905,1771513668872,-0.26201,5.32283,7.84218,0,0,0
Daniyal,6906,1771513668875,-0.26201,5.32283,7.84218,0,0,0
Daniyal,6907,1771513668878,-0.26201,5.32283,7.84218,0,0,0
Daniyal,6908,1771513668881,-0.26201,5.32283,7.84218,0,0,0
Daniyal,6909,1771513668885,-0.26201,5.32283,7.84218,0,0,0
Daniyal,6910,1771513668892,-0.26201,5.32283,7.84218,0,0,0
Daniyal,6911,1771513668896,-0.26201,5.32283,7.84218,0,0,0
Daniyal,6912,1771513668899,-0.26201,5.32283,7.84218,0,0,0
Daniyal,6913,1771513668903,-0.26201,5.32283,7.84218,0,0,0
Daniyal,6914,1771513668907,-0.26201,5.32283,7.84218,0,0,0
Daniyal,6915,1771513668910,-0.26201,5.32283,7.84218,0,0,0
Daniyal,6916,1771513668914,-0.26201,5.32283,7.84218,0,0,0
Daniyal,6917,1771513668923,-0.26201,5.32283,7.84218,0,0,0
Daniyal,6918,1771513668926,-0.26201,5.32283,7.84218,0,0,0
Daniyal,6919,1771513668930,-0.26201,5.32283,7.84218,0,0,0
Daniyal,6920,1771513668933,-0.26201,5.32283,7.84218,0,0,0
Daniyal,6921,1771513668937,-0.26201,5.32283,7.84218,0,0,0
Daniyal,6922,1771513668941,-0.26201,5.32283,7.84218,0,0,0
Daniyal,6923,1771513668948,-0.26201,5.32283,7.84218,0,0,0
Daniyal,6924,1771513668953,-0.26201,5.32283,7.84218,0,0,0
Daniyal,6925,1771513668960,-0.26201,5.32283,7.84218,0,0,0
Daniyal,6926,1771513668964,-0.26201,5.32283,7.84218,0,0,0
Daniyal,6927,1771513668971,-0.26201,5.32283,7.84218,0,0,0
Daniyal,6928,1771513668975,-0.26201,5.32283,7.84218,0,0,0
Daniyal,6929,1771513668978,-0.26201,5.32283,7.84218,0,0,0
Daniyal,6930,1771513668981,-0.26201,5.32283,7.84218,0,0,0
Daniyal,6931,1771513668985,-0.26201,5.32283,7.84218,0,0,0
Daniyal,6932,1771513668988,-0.26201,5.32283,7.84218,0,0,0
Daniyal,6933,1771513668994,-0.26201,5.32283,7.84218,0,0,0
Daniyal,6934,1771513669004,-0.26201,5.32283,7.84218,0,0,0
Daniyal,6935,1771513669007,-0.26201,5.32283,7.84218,0,0,0
Daniyal,6936,1771513669010,-0.26201,5.32283,7.84218,0,0,0
Daniyal,6937,1771513669014,-0.26201,5.32283,7.84218,0,0,0
Daniyal,6938,1771513669017,-0.26201,5.32283,7.84218,0,0,0
Daniyal,6939,1771513669022,-0.26201,5.32283,7.84218,0,0,0
Daniyal,6940,1771513669027,-0.26201,5.32283,7.84218,0,0,0
Daniyal,6941,1771513669031,-0.26201,5.32283,7.84218,0,0,0
Daniyal,6942,1771513669038,-0.26201,5.32283,7.84218,0,0,0
Daniyal,6943,1771513669042,-0.26201,5.32283,7.84218,0,0,0
Daniyal,6944,1771513669045,-0.26201,5.32283,7.84218,0,0,0
Daniyal,6945,1771513669049,-0.26201,5.32283,7.84218,0,0,0
Daniyal,6946,1771513669052,-0.26201,5.32283,7.84218,0,0,0
Daniyal,6947,1771513669056,-0.26201,5.32283,7.84218,0,0,0
Daniyal,6948,1771513669061,-0.26201,5.32283,7.84218,0,0,0
Daniyal,6949,1771513669068,-0.26201,5.32283,7.84218,0,0,0
Daniyal,6950,1771513669081,-0.26201,5.32283,7.84218,0,0,0
Daniyal,6951,1771513669086,-0.26201,5.32283,7.84218,0,0,0
Daniyal,6952,1771513669091,-0.26201,5.32283,7.84218,0,0,0
Daniyal,6953,1771513669094,-0.26201,5.32283,7.84218,0,0,0
Daniyal,6954,1771513669098,-0.26201,5.32283,7.84218,0,0,0
Daniyal,6955,1771513669102,-0.26201,5.32283,7.84218,0,0,0
Daniyal,6956,1771513669106,-0.26201,5.32283,7.84218,0,0,0
Daniyal,6957,1771513669112,-0.26201,5.32283,7.84218,0,0,0
Daniyal,6958,1771513669118,-0.26201,5.32283,7.84218,0,0,0
Daniyal,6959,1771513669128,-0.26201,5.32283,7.84218,0,0,0
Daniyal,6960,1771513669134,-0.26201,5.32283,7.84218,0,0,0
Daniyal,6961,1771513669138,-0.26201,5.32283,7.84218,0,0,0
Daniyal,6962,1771513669141,-0.26201,5.32283,7.84218,0,0,0
Daniyal,6963,1771513669145,-0.26201,5.32283,7.84218,0,0,0
Daniyal,6964,1771513669148,-0.26201,5.32283,7.84218,0,0,0
Daniyal,6965,1771513669152,-0.26201,5.32283,7.84218,0,0,0
Daniyal,6966,1771513669156,-0.26201,5.32283,7.84218,0,0,0
Daniyal,6967,1771513669163,-0.26201,5.32283,7.84218,0,0,0
Daniyal,6968,1771513669166,-0.26201,5.32283,7.84218,0,0,0
Daniyal,6969,1771513669168,-0.26201,5.32283,7.84218,0,0,0
Daniyal,6970,1771513669171,-0.26201,5.32283,7.84218,0,0,0
Daniyal,6971,1771513669175,-0.26201,5.32283,7.84218,0,0,0
Daniyal,6972,1771513669178,-0.26201,5.32283,7.84218,0,0,0
Daniyal,6973,1771513669184,-0.26201,5.32283,7.84218,0,0,0
Daniyal,6974,1771513669187,-0.26201,5.32283,7.84218,0,0,0
Daniyal,6975,1771513669190,-0.26201,5.32283,7.84218,0,0,0
Daniyal,6976,1771513669193,-0.26201,5.32283,7.84218,0,0,0
Daniyal,6977,1771513669196,-0.26201,5.32283,7.84218,0,0,0
Daniyal,6978,1771513669200,-0.26201,5.32283,7.84218,0,0,0
Daniyal,6979,1771513669203,-0.26201,5.32283,7.84218,0,0,0
Daniyal,6980,1771513669210,-0.26201,5.32283,7.84218,0,0,0
Daniyal,6981,1771513669216,-0.26201,5.32283,7.84218,0,0,0
Daniyal,6982,1771513669220,-0.26201,5.32283,7.84218,0,0,0
Daniyal,6983,1771513669224,-0.26201,5.32283,7.84218,0,0,0
Daniyal,6984,1771513669230,-0.26201,5.32283,7.84218,0,0,0
Daniyal,6985,1771513669235,-0.26201,5.32283,7.84218,0,0,0
Daniyal,6986,1771513669239,-0.26201,5.32283,7.84218,0,0,0
Daniyal,6987,1771513669242,-0.26201,5.32283,7.84218,0,0,0
Daniyal,6988,1771513669248,-0.26201,5.32283,7.84218,0,0,0
Daniyal,6989,1771513669257,-0.26201,5.32283,7.84218,0,0,0
Daniyal,6990,1771513669262,-0.26201,5.32283,7.84218,0,0,0
Daniyal,6991,1771513669266,-0.26201,5.32283,7.84218,0,0,0
Daniyal,6992,1771513669269,-0.26201,5.32283,7.84218,0,0,0
Daniyal,6993,1771513669272,-0.26201,5.32283,7.84218,0,0,0
Daniyal,6994,1771513669275,-0.26201,5.32283,7.84218,0,0,0
Daniyal,6995,1771513669279,-0.26201,5.32283,7.84218,0,0,0
Daniyal,6996,1771513669284,-0.26201,5.32283,7.84218,0,0,0
Daniyal,6997,1771513669290,-0.26201,5.32283,7.84218,0,0,0
Daniyal,6998,1771513669293,-0.26201,5.32283,7.84218,0,0,0
Daniyal,6999,1771513669296,-0.26201,5.32283,7.84218,0,0,0
Daniyal,7000,1771513669300,-0.26201,5.32283,7.84218,0,0,0
Daniyal,7001,1771513669305,-0.26201,5.32283,7.84218,0,0,0
Daniyal,7002,1771513669311,-0.26201,5.32283,7.84218,0,0,0
Daniyal,7003,1771513669314,-0.26201,5.32283,7.84218,0,0,0
Daniyal,7004,1771513669323,-0.26201,5.32283,7.84218,0,0,0
Daniyal,7005,1771513669326,-0.26201,5.32283,7.84218,0,0,0
Daniyal,7006,1771513669330,-0.26201,5.32283,7.84218,0,0,0
Daniyal,7007,1771513669333,-0.26201,5.32283,7.84218,0,0,0
Daniyal,7008,1771513669336,-0.26201,5.32283,7.84218,0,0,0
Daniyal,7009,1771513669339,-0.26201,5.32283,7.84218,0,0,0
Daniyal,7010,1771513669344,-0.26201,5.32283,7.84218,0,0,0
Daniyal,7011,1771513669351,-0.26201,5.32283,7.84218,0,0,0
Daniyal,7012,1771513669354,-0.26201,5.32283,7.84218,0,0,0
Daniyal,7013,1771513669357,-0.26201,5.32283,7.84218,0,0,0
Daniyal,7014,1771513669360,-0.26201,5.32283,7.84218,0,0,0
Daniyal,7015,1771513669364,-0.26201,5.32283,7.84218,0,0,0
Daniyal,7016,1771513669368,-0.26201,5.32283,7.84218,0,0,0
Daniyal,7017,1771513669373,-0.26201,5.32283,7.84218,0,0,0
Daniyal,7018,1771513669385,-0.26201,5.32283,7.84218,0,0,0
Daniyal,7019,1771513669388,-0.26201,5.32283,7.84218,0,0,0
Daniyal,7020,1771513669392,-0.26201,5.32283,7.84218,0,0,0
Daniyal,7021,1771513669395,-0.26201,5.32283,7.84218,0,0,0
Daniyal,7022,1771513669398,-0.26201,5.32283,7.84218,0,0,0
Daniyal,7023,1771513669401,-0.26201,5.32283,7.84218,0,0,0
Daniyal,7024,1771513669412,-0.26201,5.32283,7.84218,0,0,0
Daniyal,7025,1771513669415,-0.26201,5.32283,7.84218,0,0,0
Daniyal,7026,1771513669419,-0.26201,5.32283,7.84218,0,0,0
Daniyal,7027,1771513669420,-0.26201,5.32283,7.84218,0,0,0
Daniyal,7028,1771513669424,-0.26201,5.32283,7.84218,0,0,0
Daniyal,7029,1771513669427,-0.26201,5.32283,7.84218,0,0,0
Daniyal,7030,1771513669432,-0.26201,5.32283,7.84218,0,0,0
Daniyal,7031,1771513669438,-0.26201,5.32283,7.84218,0,0,0
Daniyal,7032,1771513669445,-0.26201,5.32283,7.84218,0,0,0
Daniyal,7033,1771513669451,-0.26201,5.32283,7.84218,0,0,0
Daniyal,7034,1771513669454,-0.26201,5.32283,7.84218,0,0,0
Daniyal,7035,1771513669457,-0.26201,5.32283,7.84218,0,0,0
Daniyal,7036,1771513669460,-0.26201,5.32283,7.84218,0,0,0
Daniyal,7037,1771513669463,-0.26201,5.32283,7.84218,0,0,0
Daniyal,7038,1771513669467,-0.26201,5.32283,7.84218,0,0,0
Daniyal,7039,1771513669471,-0.26201,5.32283,7.84218,0,0,0
Daniyal,7040,1771513669477,-0.26201,5.32283,7.84218,0,0,0
Daniyal,7041,1771513669480,-0.26201,5.32283,7.84218,0,0,0
Daniyal,7042,1771513669485,-0.26201,5.32283,7.84218,0,0,0
Daniyal,7043,1771513669491,-0.26201,5.32283,7.84218,0,0,0
Daniyal,7044,1771513669495,-0.26201,5.32283,7.84218,0,0,0
Daniyal,7045,1771513669499,-0.26201,5.32283,7.84218,0,0,0
Daniyal,7046,1771513669507,-0.26201,5.32283,7.84218,0,0,0
Daniyal,7047,1771513669510,-0.26201,5.32283,7.84218,0,0,0
Daniyal,7048,1771513669513,-0.26201,5.32283,7.84218,0,0,0
Daniyal,7049,1771513669517,-0.26201,5.32283,7.84218,0,0,0
Daniyal,7050,1771513669520,-0.26201,5.32283,7.84218,0,0,0
Daniyal,7051,1771513669524,-0.26201,5.32283,7.84218,0,0,0
Daniyal,7052,1771513669530,-0.26201,5.32283,7.84218,0,0,0
Daniyal,7053,1771513669534,-0.26201,5.32283,7.84218,0,0,0
Daniyal,7054,1771513669537,-0.26201,5.32283,7.84218,0,0,0
Daniyal,7055,1771513669541,-0.26201,5.32283,7.84218,0,0,0
Daniyal,7056,1771513669544,-0.26201,5.32283,7.84218,0,0,0
Daniyal,7057,1771513669546,-0.26201,5.32283,7.84218,0,0,0
Daniyal,7058,1771513669550,-0.26201,5.32283,7.84218,0,0,0
Daniyal,7059,1771513669553,-0.26201,5.32283,7.84218,0,0,0
Daniyal,7060,1771513669560,-0.26201,5.32283,7.84218,0,0,0
Daniyal,7061,1771513669563,-0.26201,5.32283,7.84218,0,0,0
Daniyal,7062,1771513669566,-0.26201,5.32283,7.84218,0,0,0
Daniyal,7063,1771513669569,-0.26201,5.32283,7.84218,0,0,0
Daniyal,7064,1771513669572,-0.26201,5.32283,7.84218,0,0,0
Daniyal,7065,1771513669576,-0.26201,5.32283,7.84218,0,0,0
Daniyal,7066,1771513669583,-0.26201,5.32283,7.84218,0,0,0
Daniyal,7067,1771513669586,-0.26201,5.32283,7.84218,0,0,0
Daniyal,7068,1771513669589,-0.26201,5.32283,7.84218,0,0,0
Daniyal,7069,1771513669592,-0.26201,5.32283,7.84218,0,0,0
Daniyal,7070,1771513669596,-0.26201,5.32283,7.84218,0,0,0
Daniyal,7071,1771513669601,-0.26201,5.32283,7.84218,0,0,0
Daniyal,7072,1771513669607,-0.26201,5.32283,7.84218,0,0,0
Daniyal,7073,1771513669616,-0.26201,5.32283,7.84218,0,0,0
Daniyal,7074,1771513669619,-0.26201,5.32283,7.84218,0,0,0
Daniyal,7075,1771513669622,-0.26201,5.32283,7.84218,0,0,0
Daniyal,7076,1771513669626,-0.26201,5.32283,7.84218,0,0,0
Daniyal,7077,1771513669629,-0.26201,5.32283,7.84218,0,0,0
Daniyal,7078,1771513669633,-0.26201,5.32283,7.84218,0,0,0
Daniyal,7079,1771513669638,-0.26201,5.32283,7.84218,0,0,0
Daniyal,7080,1771513669642,-0.26201,5.32283,7.84218,0,0,0
Daniyal,7081,1771513669647,-0.26201,5.32283,7.84218,0,0,0
Daniyal,7082,1771513669652,-0.26201,5.32283,7.84218,0,0,0
Daniyal,7083,1771513669657,-0.26201,5.32283,7.84218,0,0,0
Daniyal,7084,1771513669665,-0.26201,5.32283,7.84218,0,0,0
Daniyal,7085,1771513669668,-0.26201,5.32283,7.84218,0,0,0
Daniyal,7086,1771513669670,-0.26201,5.32283,7.84218,0,0,0
Daniyal,7087,1771513669674,-0.26201,5.32283,7.84218,0,0,0
Daniyal,7088,1771513669677,-0.26201,5.32283,7.84218,0,0,0
Daniyal,7089,1771513669680,-0.26201,5.32283,7.84218,0,0,0
Daniyal,7090,1771513669684,-0.26201,5.32283,7.84218,0,0,0
Daniyal,7091,1771513669692,-0.26201,5.32283,7.84218,0,0,0
Daniyal,7092,1771513669695,-0.26201,5.32283,7.84218,0,0,0
Daniyal,7093,1771513669698,-0.26201,5.32283,7.84218,0,0,0
Daniyal,7094,1771513669701,-0.26201,5.32283,7.84218,0,0,0
Daniyal,7095,1771513669702,-0.26201,5.32283,7.84218,0,0,0
Daniyal,7096,1771513669706,-0.26201,5.32283,7.84218,0,0,0
Daniyal,7097,1771513669709,-0.26201,5.32283,7.84218,0,0,0
Daniyal,7098,1771513669711,-0.26201,5.32283,7.84218,0,0,0
Daniyal,7099,1771513669717,-0.26201,5.32283,7.84218,0,0,0
Daniyal,7100,1771513669720,-0.26201,5.32283,7.84218,0,0,0
Daniyal,7101,1771513669721,-0.26201,5.32283,7.84218,0,0,0
Daniyal,7102,1771513669724,-0.26201,5.32283,7.84218,0,0,0
Daniyal,7103,1771513669727,-0.26201,5.32283,7.84218,0,0,0
Daniyal,7104,1771513669730,-0.26201,5.32283,7.84218,0,0,0
Daniyal,7105,1771513669734,-0.26201,5.32283,7.84218,0,0,0
Daniyal,7106,1771513669736,-0.26201,5.32283,7.84218,0,0,0
Daniyal,7107,1771513669743,-0.26201,5.32283,7.84218,0,0,0
Daniyal,7108,1771513669746,-0.26201,5.32283,7.84218,0,0,0
Daniyal,7109,1771513669750,-0.26201,5.32283,7.84218,0,0,0
Daniyal,7110,1771513669754,-0.26201,5.32283,7.84218,0,0,0
Daniyal,7111,1771513669758,-0.26201,5.32283,7.84218,0,0,0
Daniyal,7112,1771513669762,-0.26201,5.32283,7.84218,0,0,0
Daniyal,7113,1771513669766,-0.26201,5.32283,7.84218,0,0,0
Daniyal,7114,1771513669773,-0.26201,5.32283,7.84218,0,0,0
Daniyal,7115,1771513669776,-0.26201,5.32283,7.84218,0,0,0
Daniyal,7116,1771513669779,-0.26201,5.32283,7.84218,0,0,0
Daniyal,7117,1771513669783,-0.26201,5.32283,7.84218,0,0,0
Daniyal,7118,1771513669788,-0.26201,5.32283,7.84218,0,0,0
Daniyal,7119,1771513669793,-0.26201,5.32283,7.84218,0,0,0
Daniyal,7120,1771513669799,-0.26201,5.32283,7.84218,0,0,0
Daniyal,7121,1771513669808,-0.26201,5.32283,7.84218,0,0,0
Daniyal,7122,1771513669816,-0.26201,5.32283,7.84218,0,0,0
Daniyal,7123,1771513669821,-0.26201,5.32283,7.84218,0,0,0
Daniyal,7124,1771513669826,-0.26201,5.32283,7.84218,0,0,0
Daniyal,7125,1771513669830,-0.26201,5.32283,7.84218,0,0,0
Daniyal,7126,1771513669834,-0.26201,5.32283,7.84218,0,0,0
Daniyal,7127,1771513669840,-0.26201,5.32283,7.84218,0,0,0
Daniyal,7128,1771513669847,-0.26201,5.32283,7.84218,0,0,0
Daniyal,7129,1771513669851,-0.26201,5.32283,7.84218,0,0,0
Daniyal,7130,1771513669858,-0.26201,5.32283,7.84218,0,0,0
Daniyal,7131,1771513669862,-0.26201,5.32283,7.84218,0,0,0
Daniyal,7132,1771513669866,-0.26201,5.32283,7.84218,0,0,0
Daniyal,7133,1771513669869,-0.26201,5.32283,7.84218,0,0,0
Daniyal,7134,1771513669873,-0.26201,5.32283,7.84218,0,0,0
Daniyal,7135,1771513669876,-0.26201,5.32283,7.84218,0,0,0
Daniyal,7136,1771513669879,-0.26201,5.32283,7.84218,0,0,0
Daniyal,7137,1771513669884,-0.26201,5.32283,7.84218,0,0,0
Daniyal,7138,1771513669890,-0.26201,5.32283,7.84218,0,0,0
Daniyal,7139,1771513669894,-0.26201,5.32283,7.84218,0,0,0
Daniyal,7140,1771513669897,-0.26201,5.32283,7.84218,0,0,0
Daniyal,7141,1771513669901,-0.26201,5.32283,7.84218,0,0,0
Daniyal,7142,1771513669905,-0.26201,5.32283,7.84218,0,0,0
Daniyal,7143,1771513669909,-0.26201,5.32283,7.84218,0,0,0
Daniyal,7144,1771513669915,-0.26201,5.32283,7.84218,0,0,0
Daniyal,7145,1771513669919,-0.26201,5.32283,7.84218,0,0,0
Daniyal,7146,1771513669922,-0.26201,5.32283,7.84218,0,0,0
Daniyal,7147,1771513669925,-0.26201,5.32283,7.84218,0,0,0
Daniyal,7148,1771513669929,-0.26201,5.32283,7.84218,0,0,0
Daniyal,7149,1771513669932,-0.26201,5.32283,7.84218,0,0,0
Daniyal,7150,1771513669935,-0.26201,5.32283,7.84218,0,0,0
Daniyal,7151,1771513669939,-0.26201,5.32283,7.84218,0,0,0
Daniyal,7152,1771513669943,-0.26201,5.32283,7.84218,0,0,0
Daniyal,7153,1771513669951,-0.26201,5.32283,7.84218,0,0,0
Daniyal,7154,1771513669954,-0.26201,5.32283,7.84218,0,0,0
Daniyal,7155,1771513669958,-0.26201,5.32283,7.84218,0,0,0
Daniyal,7156,1771513669962,-0.26201,5.32283,7.84218,0,0,0
Daniyal,7157,1771513669966,-0.26201,5.32283,7.84218,0,0,0
Daniyal,7158,1771513669970,-0.26201,5.32283,7.84218,0,0,0
Daniyal,7159,1771513669976,-0.26201,5.32283,7.84218,0,0,0
Daniyal,7160,1771513669981,-0.26201,5.32283,7.84218,0,0,0
Daniyal,7161,1771513669988,-0.26201,5.32283,7.84218,0,0,0
Daniyal,7162,1771513669996,-0.26201,5.32283,7.84218,0,0,0
Daniyal,7163,1771513669998,-0.26201,5.32283,7.84218,0,0,0
Daniyal,7164,1771513670002,-0.26201,5.32283,7.84218,0,0,0
Daniyal,7165,1771513670005,-0.26201,5.32283,7.84218,0,0,0
Daniyal,7166,1771513670008,-0.26201,5.32283,7.84218,0,0,0
Daniyal,7167,1771513670011,-0.26201,5.32283,7.84218,0,0,0
Daniyal,7168,1771513670015,-0.26201,5.32283,7.84218,0,0,0
Daniyal,7169,1771513670022,-0.26201,5.32283,7.84218,0,0,0
Daniyal,7170,1771513670025,-0.26201,5.32283,7.84218,0,0,0
Daniyal,7171,1771513670028,-0.26201,5.32283,7.84218,0,0,0
Daniyal,7172,1771513670031,-0.26201,5.32283,7.84218,0,0,0
Daniyal,7173,1771513670034,-0.26201,5.32283,7.84218,0,0,0
Daniyal,7174,1771513670038,-0.26201,5.32283,7.84218,0,0,0
Daniyal,7175,1771513670042,-0.26201,5.32283,7.84218,0,0,0
Daniyal,7176,1771513670046,-0.26201,5.32283,7.84218,0,0,0
Daniyal,7177,1771513670052,-0.26201,5.32283,7.84218,0,0,0
Daniyal,7178,1771513670055,-0.26201,5.32283,7.84218,0,0,0
Daniyal,7179,1771513670058,-0.26201,5.32283,7.84218,0,0,0
Daniyal,7180,1771513670062,-0.26201,5.32283,7.84218,0,0,0
Daniyal,7181,1771513670064,-0.26201,5.32283,7.84218,0,0,0
Daniyal,7182,1771513670067,-0.26201,5.32283,7.84218,0,0,0
Daniyal,7183,1771513670070,-0.26201,5.32283,7.84218,0,0,0
Daniyal,7184,1771513670074,-0.26201,5.32283,7.84218,0,0,0
Daniyal,7185,1771513670081,-0.26201,5.32283,7.84218,0,0,0
Daniyal,7186,1771513670085,-0.26201,5.32283,7.84218,0,0,0
Daniyal,7187,1771513670089,-0.26201,5.32283,7.84218,0,0,0
Daniyal,7188,1771513670094,-0.26201,5.32283,7.84218,0,0,0
Daniyal,7189,1771513670096,-0.26201,5.32283,7.84218,0,0,0
Daniyal,7190,1771513670100,-0.26201,5.32283,7.84218,0,0,0
Daniyal,7191,1771513670106,-0.26201,5.32283,7.84218,0,0,0
Daniyal,7192,1771513670108,-0.26201,5.32283,7.84218,0,0,0
Daniyal,7193,1771513670111,-0.26201,5.32283,7.84218,0,0,0
Daniyal,7194,1771513670115,-0.26201,5.32283,7.84218,0,0,0
Daniyal,7195,1771513670118,-0.26201,5.32283,7.84218,0,0,0
Daniyal,7196,1771513670121,-0.26201,5.32283,7.84218,0,0,0
Daniyal,7197,1771513670125,-0.26201,5.32283,7.84218,0,0,0
Daniyal,7198,1771513670129,-0.26201,5.32283,7.84218,0,0,0
Daniyal,7199,1771513670134,-0.26201,5.32283,7.84218,0,0,0
Daniyal,7200,1771513670141,-0.26201,5.32283,7.84218,0,0,0
Daniyal,7201,1771513670146,-0.26201,5.32283,7.84218,0,0,0
Daniyal,7202,1771513670150,-0.26201,5.32283,7.84218,0,0,0
Daniyal,7203,1771513670154,-0.26201,5.32283,7.84218,0,0,0
Daniyal,7204,1771513670158,-0.26201,5.32283,7.84218,0,0,0
Daniyal,7205,1771513670163,-0.26201,5.32283,7.84218,0,0,0
Daniyal,7206,1771513670170,-0.26201,5.32283,7.84218,0,0,0
Daniyal,7207,1771513670180,-0.26201,5.32283,7.84218,0,0,0
Daniyal,7208,1771513670186,-0.26201,5.32283,7.84218,0,0,0
Daniyal,7209,1771513670191,-0.26201,5.32283,7.84218,0,0,0
Daniyal,7210,1771513670196,-0.26201,5.32283,7.84218,0,0,0
Daniyal,7211,1771513670199,-0.26201,5.32283,7.84218,0,0,0
Daniyal,7212,1771513670203,-0.26201,5.32283,7.84218,0,0,0
Daniyal,7213,1771513670207,-0.26201,5.32283,7.84218,0,0,0
Daniyal,7214,1771513670213,-0.26201,5.32283,7.84218,0,0,0
Daniyal,7215,1771513670222,-0.26201,5.32283,7.84218,0,0,0
Daniyal,7216,1771513670226,-0.26201,5.32283,7.84218,0,0,0
Daniyal,7217,1771513670229,-0.26201,5.32283,7.84218,0,0,0
Daniyal,7218,1771513670232,-0.26201,5.32283,7.84218,0,0,0
Daniyal,7219,1771513670235,-0.26201,5.32283,7.84218,0,0,0
Daniyal,7220,1771513670240,-0.26201,5.32283,7.84218,0,0,0
Daniyal,7221,1771513670243,-0.26201,5.32283,7.84218,0,0,0
Daniyal,7222,1771513670249,-0.26201,5.32283,7.84218,0,0,0
Daniyal,7223,1771513670252,-0.26201,5.32283,7.84218,0,0,0
Daniyal,7224,1771513670255,-0.26201,5.32283,7.84218,0,0,0
Daniyal,7225,1771513670258,-0.26201,5.32283,7.84218,0,0,0
Daniyal,7226,1771513670261,-0.26201,5.32283,7.84218,0,0,0
Daniyal,7227,1771513670264,-0.26201,5.32283,7.84218,0,0,0
Daniyal,7228,1771513670270,-0.26201,5.32283,7.84218,0,0,0
Daniyal,7229,1771513670277,-0.26201,5.32283,7.84218,0,0,0
Daniyal,7230,1771513670280,-0.26201,5.32283,7.84218,0,0,0
Daniyal,7231,1771513670284,-0.26201,5.32283,7.84218,0,0,0
Daniyal,7232,1771513670287,-0.26201,5.32283,7.84218,0,0,0
Daniyal,7233,1771513670291,-0.26201,5.32283,7.84218,0,0,0
Daniyal,7234,1771513670295,-0.26201,5.32283,7.84218,0,0,0
Daniyal,7235,1771513670299,-0.26201,5.32283,7.84218,0,0,0
Daniyal,7236,1771513670303,-0.26201,5.32283,7.84218,0,0,0
Daniyal,7237,1771513670310,-0.26201,5.32283,7.84218,0,0,0
Daniyal,7238,1771513670314,-0.26201,5.32283,7.84218,0,0,0
Daniyal,7239,1771513670317,-0.26201,5.32283,7.84218,0,0,0
Daniyal,7240,1771513670320,-0.26201,5.32283,7.84218,0,0,0
Daniyal,7241,1771513670323,-0.26201,5.32283,7.84218,0,0,0
Daniyal,7242,1771513670326,-0.26201,5.32283,7.84218,0,0,0
Daniyal,7243,1771513670329,-0.26201,5.32283,7.84218,0,0,0
Daniyal,7244,1771513670333,-0.26201,5.32283,7.84218,0,0,0
Daniyal,7245,1771513670341,-0.26201,5.32283,7.84218,0,0,0
Daniyal,7246,1771513670345,-0.26201,5.32283,7.84218,0,0,0
Daniyal,7247,1771513670349,-0.26201,5.32283,7.84218,0,0,0
Daniyal,7248,1771513670353,-0.26201,5.32283,7.84218,0,0,0
Daniyal,7249,1771513670357,-0.26201,5.32283,7.84218,0,0,0
Daniyal,7250,1771513670361,-0.26201,5.32283,7.84218,0,0,0
Daniyal,7251,1771513670365,-0.26201,5.32283,7.84218,0,0,0
Daniyal,7252,1771513670369,-0.26201,5.32283,7.84218,0,0,0
Daniyal,7253,1771513670372,-0.26201,5.32283,7.84218,0,0,0
Daniyal,7254,1771513670380,-0.26201,5.32283,7.84218,0,0,0
Daniyal,7255,1771513670384,-0.26201,5.32283,7.84218,0,0,0
Daniyal,7256,1771513670387,-0.26201,5.32283,7.84218,0,0,0
Daniyal,7257,1771513670391,-0.26201,5.32283,7.84218,0,0,0
Daniyal,7258,1771513670396,-0.26201,5.32283,7.84218,0,0,0
Daniyal,7259,1771513670402,-0.26201,5.32283,7.84218,0,0,0
Daniyal,7260,1771513670409,-0.26201,5.32283,7.84218,0,0,0
Daniyal,7261,1771513670416,-0.26201,5.32283,7.84218,0,0,0
Daniyal,7262,1771513670426,-0.26201,5.32283,7.84218,0,0,0
Daniyal,7263,1771513670432,-0.26201,5.32283,7.84218,0,0,0
Daniyal,7264,1771513670438,-0.26201,5.32283,7.84218,0,0,0
Daniyal,7265,1771513670442,-0.26201,5.32283,7.84218,0,0,0
Daniyal,7266,1771513670448,-0.26201,5.32283,7.84218,0,0,0
Daniyal,7267,1771513670454,-0.26201,5.32283,7.84218,0,0,0
Daniyal,7268,1771513670459,-0.26201,5.32283,7.84218,0,0,0
Daniyal,7269,1771513670464,-0.26201,5.32283,7.84218,0,0,0
Daniyal,7270,1771513670472,-0.26201,5.32283,7.84218,0,0,0
Daniyal,7271,1771513670479,-0.26201,5.32283,7.84218,0,0,0
Daniyal,7272,1771513670488,-0.26201,5.32283,7.84218,0,0,0
Daniyal,7273,1771513670491,-0.26201,5.32283,7.84218,0,0,0
Daniyal,7274,1771513670495,-0.26201,5.32283,7.84218,0,0,0
Daniyal,7275,1771513670498,-0.26201,5.32283,7.84218,0,0,0
Daniyal,7276,1771513670502,-0.26201,5.32283,7.84218,0,0,0
Daniyal,7277,1771513670506,-0.26201,5.32283,7.84218,0,0,0
Daniyal,7278,1771513670511,-0.26201,5.32283,7.84218,0,0,0
Daniyal,7279,1771513670517,-0.26201,5.32283,7.84218,0,0,0
Daniyal,7280,1771513670526,-0.26201,5.32283,7.84218,0,0,0
Daniyal,7281,1771513670530,-0.26201,5.32283,7.84218,0,0,0
Daniyal,7282,1771513670534,-0.26201,5.32283,7.84218,0,0,0
Daniyal,7283,1771513670540,-0.26201,5.32283,7.84218,0,0,0
Daniyal,7284,1771513670547,-0.26201,5.32283,7.84218,0,0,0
Daniyal,7285,1771513670552,-0.26201,5.32283,7.84218,0,0,0
Daniyal,7286,1771513670558,-0.26201,5.32283,7.84218,0,0,0
Daniyal,7287,1771513670565,-0.26201,5.32283,7.84218,0,0,0
Daniyal,7288,1771513670573,-0.26201,5.32283,7.84218,0,0,0
Daniyal,7289,1771513670578,-0.26201,5.32283,7.84218,0,0,0
Daniyal,7290,1771513670581,-0.26201,5.32283,7.84218,0,0,0
Daniyal,7291,1771513670584,-0.26201,5.32283,7.84218,0,0,0
Daniyal,7292,1771513670587,-0.26201,5.32283,7.84218,0,0,0
Daniyal,7293,1771513670590,-0.26201,5.32283,7.84218,0,0,0
Daniyal,7294,1771513670593,-0.26201,5.32283,7.84218,0,0,0
Daniyal,7295,1771513670598,-0.26201,5.32283,7.84218,0,0,0
Daniyal,7296,1771513670605,-0.26201,5.32283,7.84218,0,0,0
Daniyal,7297,1771513670608,-0.26201,5.32283,7.84218,0,0,0
Daniyal,7298,1771513670612,-0.26201,5.32283,7.84218,0,0,0
Daniyal,7299,1771513670615,-0.26201,5.32283,7.84218,0,0,0
Daniyal,7300,1771513670619,-0.26201,5.32283,7.84218,0,0,0
Daniyal,7301,1771513670623,-0.26201,5.32283,7.84218,0,0,0
Daniyal,7302,1771513670628,-0.26201,5.32283,7.84218,0,0,0
Daniyal,7303,1771513670634,-0.26201,5.32283,7.84218,0,0,0
Daniyal,7304,1771513670638,-0.26201,5.32283,7.84218,0,0,0
Daniyal,7305,1771513670641,-0.26201,5.32283,7.84218,0,0,0
Daniyal,7306,1771513670644,-0.26201,5.32283,7.84218,0,0,0
Daniyal,7307,1771513670647,-0.26201,5.32283,7.84218,0,0,0
Daniyal,7308,1771513670650,-0.26201,5.32283,7.84218,0,0,0
Daniyal,7309,1771513670654,-0.26201,5.32283,7.84218,0,0,0
Daniyal,7310,1771513670658,-0.26201,5.32283,7.84218,0,0,0
Daniyal,7311,1771513670661,-0.26201,5.32283,7.84218,0,0,0
Daniyal,7312,1771513670668,-0.26201,5.32283,7.84218,0,0,0
Daniyal,7313,1771513670671,-0.26201,5.32283,7.84218,0,0,0
Daniyal,7314,1771513670674,-0.26201,5.32283,7.84218,0,0,0
Daniyal,7315,1771513670678,-0.26201,5.32283,7.84218,0,0,0
Daniyal,7316,1771513670681,-0.26201,5.32283,7.84218,0,0,0
Daniyal,7317,1771513670685,-0.26201,5.32283,7.84218,0,0,0
Daniyal,7318,1771513670689,-0.26201,5.32283,7.84218,0,0,0
Daniyal,7319,1771513670694,-0.26201,5.32283,7.84218,0,0,0
Daniyal,7320,1771513670699,-0.26201,5.32283,7.84218,0,0,0
Daniyal,7321,1771513670706,-0.26201,5.32283,7.84218,0,0,0
Daniyal,7322,1771513670708,-0.26201,5.32283,7.84218,0,0,0
Daniyal,7323,1771513670711,-0.26201,5.32283,7.84218,0,0,0
Daniyal,7324,1771513670714,-0.26201,5.32283,7.84218,0,0,0
Daniyal,7325,1771513670717,-0.26201,5.32283,7.84218,0,0,0
Daniyal,7326,1771513670720,-0.26201,5.32283,7.84218,0,0,0
Daniyal,7327,1771513670723,-0.26201,5.32283,7.84218,0,0,0
Daniyal,7328,1771513670727,-0.26201,5.32283,7.84218,0,0,0
Daniyal,7329,1771513670732,-0.26201,5.32283,7.84218,0,0,0
Daniyal,7330,1771513670737,-0.26201,5.32283,7.84218,0,0,0
Daniyal,7331,1771513670740,-0.26201,5.32283,7.84218,0,0,0
Daniyal,7332,1771513670743,-0.26201,5.32283,7.84218,0,0,0
Daniyal,7333,1771513670746,-0.26201,5.32283,7.84218,0,0,0
Daniyal,7334,1771513670750,-0.26201,5.32283,7.84218,0,0,0
Daniyal,7335,1771513670753,-0.26201,5.32283,7.84218,0,0,0
Daniyal,7336,1771513670758,-0.26201,5.32283,7.84218,0,0,0
Daniyal,7337,1771513670761,-0.26201,5.32283,7.84218,0,0,0
Daniyal,7338,1771513670764,-0.26201,5.32283,7.84218,0,0,0
Daniyal,7339,1771513670767,-0.26201,5.32283,7.84218,0,0,0
Daniyal,7340,1771513670770,-0.26201,5.32283,7.84218,0,0,0
Daniyal,7341,1771513670773,-0.26201,5.32283,7.84218,0,0,0
Daniyal,7342,1771513670776,-0.26201,5.32283,7.84218,0,0,0
Daniyal,7343,1771513670781,-0.26201,5.32283,7.84218,0,0,0
Daniyal,7344,1771513670788,-0.26201,5.32283,7.84218,0,0,0
Daniyal,7345,1771513670791,-0.26201,5.32283,7.84218,0,0,0
Daniyal,7346,1771513670794,-0.26201,5.32283,7.84218,0,0,0
Daniyal,7347,1771513670797,-0.26201,5.32283,7.84218,0,0,0
Daniyal,7348,1771513670801,-0.26201,5.32283,7.84218,0,0,0
Daniyal,7349,1771513670804,-0.26201,5.32283,7.84218,0,0,0
Daniyal,7350,1771513670807,-0.26201,5.32283,7.84218,0,0,0
Daniyal,7351,1771513670811,-0.26201,5.32283,7.84218,0,0,0
Daniyal,7352,1771513670815,-0.26201,5.32283,7.84218,0,0,0
Daniyal,7353,1771513670818,-0.26201,5.32283,7.84218,0,0,0
Daniyal,7354,1771513670821,-0.26201,5.32283,7.84218,0,0,0
Daniyal,7355,1771513670828,-0.26201,5.32283,7.84218,0,0,0
Daniyal,7356,1771513670831,-0.26201,5.32283,7.84218,0,0,0
Daniyal,7357,1771513670834,-0.26201,5.32283,7.84218,0,0,0
Daniyal,7358,1771513670837,-0.26201,5.32283,7.84218,0,0,0
Daniyal,7359,1771513670840,-0.26201,5.32283,7.84218,0,0,0
Daniyal,7360,1771513670844,-0.26201,5.32283,7.84218,0,0,0
Daniyal,7361,1771513670850,-0.26201,5.32283,7.84218,0,0,0
Daniyal,7362,1771513670857,-0.26201,5.32283,7.84218,0,0,0
Daniyal,7363,1771513670860,-0.26201,5.32283,7.84218,0,0,0
Daniyal,7364,1771513670863,-0.26201,5.32283,7.84218,0,0,0
Daniyal,7365,1771513670866,-0.26201,5.32283,7.84218,0,0,0
Daniyal,7366,1771513670870,-0.26201,5.32283,7.84218,0,0,0
Daniyal,7367,1771513670872,-0.26201,5.32283,7.84218,0,0,0
Daniyal,7368,1771513670878,-0.26201,5.32283,7.84218,0,0,0
Daniyal,7369,1771513670881,-0.26201,5.32283,7.84218,0,0,0
Daniyal,7370,1771513670884,-0.26201,5.32283,7.84218,0,0,0
Daniyal,7371,1771513670887,-0.26201,5.32283,7.84218,0,0,0
Daniyal,7372,1771513670890,-0.26201,5.32283,7.84218,0,0,0
Daniyal,7373,1771513670894,-0.26201,5.32283,7.84218,0,0,0
Daniyal,7374,1771513670898,-0.26201,5.32283,7.84218,0,0,0
Daniyal,7375,1771513670902,-0.26201,5.32283,7.84218,0,0,0
Daniyal,7376,1771513670910,-0.26201,5.32283,7.84218,0,0,0
Daniyal,7377,1771513670913,-0.26201,5.32283,7.84218,0,0,0
Daniyal,7378,1771513670917,-0.26201,5.32283,7.84218,0,0,0
Daniyal,7379,1771513670920,-0.26201,5.32283,7.84218,0,0,0
Daniyal,7380,1771513670925,-0.26201,5.32283,7.84218,0,0,0
Daniyal,7381,1771513670929,-0.26201,5.32283,7.84218,0,0,0
Daniyal,7382,1771513670934,-0.26201,5.32283,7.84218,0,0,0
Daniyal,7383,1771513670941,-0.26201,5.32283,7.84218,0,0,0
Daniyal,7384,1771513670946,-0.26201,5.32283,7.84218,0,0,0
Daniyal,7385,1771513670950,-0.26201,5.32283,7.84218,0,0,0
Daniyal,7386,1771513670954,-0.26201,5.32283,7.84218,0,0,0
Daniyal,7387,1771513670957,-0.26201,5.32283,7.84218,0,0,0
Daniyal,7388,1771513670962,-0.26201,5.32283,7.84218,0,0,0
Daniyal,7389,1771513670972,-0.26201,5.32283,7.84218,0,0,0
Daniyal,7390,1771513670979,-0.26201,5.32283,7.84218,0,0,0
Daniyal,7391,1771513670985,-0.26201,5.32283,7.84218,0,0,0
Daniyal,7392,1771513670990,-0.26201,5.32283,7.84218,0,0,0
Daniyal,7393,1771513670996,-0.26201,5.32283,7.84218,0,0,0
Daniyal,7394,1771513671002,-0.26201,5.32283,7.84218,0,0,0
Daniyal,7395,1771513671013,-0.26201,5.32283,7.84218,0,0,0
Daniyal,7396,1771513671018,-0.26201,5.32283,7.84218,0,0,0
Daniyal,7397,1771513671022,-0.26201,5.32283,7.84218,0,0,0
Daniyal,7398,1771513671027,-0.26201,5.32283,7.84218,0,0,0
Daniyal,7399,1771513671033,-0.26201,5.32283,7.84218,0,0,0
Daniyal,7400,1771513671038,-0.26201,5.32283,7.84218,0,0,0
Daniyal,7401,1771513671044,-0.26201,5.32283,7.84218,0,0,0
Daniyal,7402,1771513671055,-0.26201,5.32283,7.84218,0,0,0
Daniyal,7403,1771513671061,-0.26201,5.32283,7.84218,0,0,0
Daniyal,7404,1771513671066,-0.26201,5.32283,7.84218,0,0,0
Daniyal,7405,1771513671070,-0.26201,5.32283,7.84218,0,0,0
Daniyal,7406,1771513671073,-0.26201,5.32283,7.84218,0,0,0
Daniyal,7407,1771513671078,-0.26201,5.32283,7.84218,0,0,0
Daniyal,7408,1771513671084,-0.26201,5.32283,7.84218,0,0,0
Daniyal,7409,1771513671091,-0.26201,5.32283,7.84218,0,0,0
Daniyal,7410,1771513671101,-0.26201,5.32283,7.84218,0,0,0
Daniyal,7411,1771513671106,-0.26201,5.32283,7.84218,0,0,0
Daniyal,7412,1771513671110,-0.26201,5.32283,7.84218,0,0,0
Daniyal,7413,1771513671114,-0.26201,5.32283,7.84218,0,0,0
Daniyal,7414,1771513671117,-0.26201,5.32283,7.84218,0,0,0
Daniyal,7415,1771513671122,-0.26201,5.32283,7.84218,0,0,0
Daniyal,7416,1771513671131,-0.26201,5.32283,7.84218,0,0,0
Daniyal,7417,1771513671135,-0.26201,5.32283,7.84218,0,0,0
Daniyal,7418,1771513671138,-0.26201,5.32283,7.84218,0,0,0
Daniyal,7419,1771513671141,-0.26201,5.32283,7.84218,0,0,0
Daniyal,7420,1771513671144,-0.26201,5.32283,7.84218,0,0,0
Daniyal,7421,1771513671147,-0.26201,5.32283,7.84218,0,0,0
Daniyal,7422,1771513671150,-0.26201,5.32283,7.84218,0,0,0
Daniyal,7423,1771513671156,-0.26201,5.32283,7.84218,0,0,0
Daniyal,7424,1771513671157,-0.26201,5.32283,7.84218,0,0,0
Daniyal,7425,1771513671160,-0.26201,5.32283,7.84218,0,0,0
Daniyal,7426,1771513671163,-0.26201,5.32283,7.84218,0,0,0
Daniyal,7427,1771513671166,-0.26201,5.32283,7.84218,0,0,0
Daniyal,7428,1771513671170,-0.26201,5.32283,7.84218,0,0,0
Daniyal,7429,1771513671173,-0.26201,5.32283,7.84218,0,0,0
Daniyal,7430,1771513671177,-0.26201,5.32283,7.84218,0,0,0
Daniyal,7431,1771513671182,-0.26201,5.32283,7.84218,0,0,0
Daniyal,7432,1771513671189,-0.26201,5.32283,7.84218,0,0,0
Daniyal,7433,1771513671193,-0.26201,5.32283,7.84218,0,0,0
Daniyal,7434,1771513671197,-0.26201,5.32283,7.84218,0,0,0
Daniyal,7435,1771513671200,-0.26201,5.32283,7.84218,0,0,0
Daniyal,7436,1771513671204,-0.26201,5.32283,7.84218,0,0,0
Daniyal,7437,1771513671208,-0.26201,5.32283,7.84218,0,0,0
Daniyal,7438,1771513671213,-0.26201,5.32283,7.84218,0,0,0
Daniyal,7439,1771513671218,-0.26201,5.32283,7.84218,0,0,0
Daniyal,7440,1771513671225,-0.26201,5.32283,7.84218,0,0,0
Daniyal,7441,1771513671233,-0.26201,5.32283,7.84218,0,0,0
Daniyal,7442,1771513671244,-0.26201,5.32283,7.84218,0,0,0
Daniyal,7443,1771513671249,-0.26201,5.32283,7.84218,0,0,0
Daniyal,7444,1771513671254,-0.26201,5.32283,7.84218,0,0,0
Daniyal,7445,1771513671257,-0.26201,5.32283,7.84218,0,0,0
Daniyal,7446,1771513671262,-0.26201,5.32283,7.84218,0,0,0
Daniyal,7447,1771513671269,-0.26201,5.32283,7.84218,0,0,0
Daniyal,7448,1771513671274,-0.26201,5.32283,7.84218,0,0,0
Daniyal,7449,1771513671278,-0.26201,5.32283,7.84218,0,0,0
Daniyal,7450,1771513671282,-0.26201,5.32283,7.84218,0,0,0
Daniyal,7451,1771513671286,-0.26201,5.32283,7.84218,0,0,0
Daniyal,7452,1771513671290,-0.26201,5.32283,7.84218,0,0,0
Daniyal,7453,1771513671295,-0.26201,5.32283,7.84218,0,0,0
Daniyal,7454,1771513671301,-0.26201,5.32283,7.84218,0,0,0
Daniyal,7455,1771513671309,-0.26201,5.32283,7.84218,0,0,0
Daniyal,7456,1771513671322,-0.26201,5.32283,7.84218,0,0,0
Daniyal,7457,1771513671327,-0.26201,5.32283,7.84218,0,0,0
Daniyal,7458,1771513671333,-0.26201,5.32283,7.84218,0,0,0
Daniyal,7459,1771513671335,-0.26201,5.32283,7.84218,0,0,0
Daniyal,7460,1771513671343,-0.26201,5.32283,7.84218,0,0,0
Daniyal,7461,1771513671360,-0.26201,5.32283,7.84218,0,0,0
Daniyal,7462,1771513671369,-0.26201,5.32283,7.84218,0,0,0
Daniyal,7463,1771513671377,-0.26201,5.32283,7.84218,0,0,0
Daniyal,7464,1771513671381,-0.26201,5.32283,7.84218,0,0,0
Daniyal,7465,1771513671385,-0.26201,5.32283,7.84218,0,0,0
Daniyal,7466,1771513671390,-0.26201,5.32283,7.84218,0,0,0
Daniyal,7467,1771513671398,-0.26201,5.32283,7.84218,0,0,0
Daniyal,7468,1771513671406,-0.26201,5.32283,7.84218,0,0,0
Daniyal,7469,1771513671417,-0.26201,5.32283,7.84218,0,0,0
Daniyal,7470,1771513671434,-0.26201,5.32283,7.84218,0,0,0
Daniyal,7471,1771513671443,-0.26201,5.32283,7.84218,0,0,0
Daniyal,7472,1771513671456,-0.26201,5.32283,7.84218,0,0,0
Daniyal,7473,1771513671468,-0.26201,5.32283,7.84218,0,0,0
Daniyal,7474,1771513671487,-0.26201,5.32283,7.84218,0,0,0
Daniyal,7475,1771513671498,-0.26201,5.32283,7.84218,0,0,0
Daniyal,7476,1771513671505,-0.26201,5.32283,7.84218,0,0,0
Daniyal,7477,1771513671509,-0.26201,5.32283,7.84218,0,0,0
Daniyal,7478,1771513671513,-0.26201,5.32283,7.84218,0,0,0
Daniyal,7479,1771513671518,-0.26201,5.32283,7.84218,0,0,0
Daniyal,7480,1771513671523,-0.26201,5.32283,7.84218,0,0,0
Daniyal,7481,1771513671526,-0.26201,5.32283,7.84218,0,0,0
Daniyal,7482,1771513671532,-0.26201,5.32283,7.84218,0,0,0
Daniyal,7483,1771513671540,-0.26201,5.32283,7.84218,0,0,0
Daniyal,7484,1771513671551,-0.26201,5.32283,7.84218,0,0,0
Daniyal,7485,1771513671554,-0.26201,5.32283,7.84218,0,0,0
Daniyal,7486,1771513671557,-0.26201,5.32283,7.84218,0,0,0
Daniyal,7487,1771513671564,-0.26201,5.32283,7.84218,0,0,0
Daniyal,7488,1771513671570,-0.26201,5.32283,7.84218,0,0,0
Daniyal,7489,1771513671574,-0.26201,5.32283,7.84218,0,0,0
Daniyal,7490,1771513671578,-0.26201,5.32283,7.84218,0,0,0
Daniyal,7491,1771513671581,-0.26201,5.32283,7.84218,0,0,0
Daniyal,7492,1771513671588,-0.26201,5.32283,7.84218,0,0,0
Daniyal,7493,1771513671598,-0.26201,5.32283,7.84218,0,0,0
Daniyal,7494,1771513671602,-0.26201,5.32283,7.84218,0,0,0
Daniyal,7495,1771513671606,-0.26201,5.32283,7.84218,0,0,0
Daniyal,7496,1771513671610,-0.26201,5.32283,7.84218,0,0,0
Daniyal,7497,1771513671614,-0.26201,5.32283,7.84218,0,0,0
Daniyal,7498,1771513671618,-0.26201,5.32283,7.84218,0,0,0
Daniyal,7499,1771513671624,-0.26201,5.32283,7.84218,0,0,0
Daniyal,7500,1771513671639,-0.26201,5.32283,7.84218,0,0,0
Daniyal,7501,1771513671643,-0.26201,5.32283,7.84218,0,0,0
Daniyal,7502,1771513671649,-0.26201,5.32283,7.84218,0,0,0
Daniyal,7503,1771513671653,-0.26201,5.32283,7.84218,0,0,0
Daniyal,7504,1771513671661,-0.26201,5.32283,7.84218,0,0,0
Daniyal,7505,1771513671665,-0.26201,5.32283,7.84218,0,0,0
Daniyal,7506,1771513671669,-0.26201,5.32283,7.84218,0,0,0
Daniyal,7507,1771513671682,-0.26201,5.32283,7.84218,0,0,0
Daniyal,7508,1771513671703,-0.26201,5.32283,7.84218,0,0,0
Daniyal,7509,1771513671710,-0.26201,5.32283,7.84218,0,0,0
Daniyal,7510,1771513671718,-0.26201,5.32283,7.84218,0,0,0
Daniyal,7511,1771513671724,-0.26201,5.32283,7.84218,0,0,0
Daniyal,7512,1771513671730,-0.26201,5.32283,7.84218,0,0,0
Daniyal,7513,1771513671742,-0.26201,5.32283,7.84218,0,0,0
Daniyal,7514,1771513671746,-0.26201,5.32283,7.84218,0,0,0
Daniyal,7515,1771513671749,-0.26201,5.32283,7.84218,0,0,0
Daniyal,7516,1771513671754,-0.26201,5.32283,7.84218,0,0,0
Daniyal,7517,1771513671758,-0.26201,5.32283,7.84218,0,0,0
Daniyal,7518,1771513671762,-0.26201,5.32283,7.84218,0,0,0
Daniyal,7519,1771513671766,-0.26201,5.32283,7.84218,0,0,0
Daniyal,7520,1771513671779,-0.26201,5.32283,7.84218,0,0,0
Daniyal,7521,1771513671783,-0.26201,5.32283,7.84218,0,0,0
Daniyal,7522,1771513671786,-0.26201,5.32283,7.84218,0,0,0
Daniyal,7523,1771513671790,-0.26201,5.32283,7.84218,0,0,0
Daniyal,7524,1771513671793,-0.26201,5.32283,7.84218,0,0,0
Daniyal,7525,1771513671798,-0.26201,5.32283,7.84218,0,0,0
Daniyal,7526,1771513671804,-0.26201,5.32283,7.84218,0,0,0
Daniyal,7527,1771513671807,-0.26201,5.32283,7.84218,0,0,0
Daniyal,7528,1771513671811,-0.26201,5.32283,7.84218,0,0,0
Daniyal,7529,1771513671814,-0.26201,5.32283,7.84218,0,0,0
Daniyal,7530,1771513671818,-0.26201,5.32283,7.84218,0,0,0
Daniyal,7531,1771513671823,-0.26201,5.32283,7.84218,0,0,0
Daniyal,7532,1771513671827,-0.26201,5.32283,7.84218,0,0,0
Daniyal,7533,1771513671834,-0.26201,5.32283,7.84218,0,0,0
Daniyal,7534,1771513671837,-0.26201,5.32283,7.84218,0,0,0
Daniyal,7535,1771513671841,-0.26201,5.32283,7.84218,0,0,0
Daniyal,7536,1771513671844,-0.26201,5.32283,7.84218,0,0,0
Daniyal,7537,1771513671848,-0.26201,5.32283,7.84218,0,0,0
Daniyal,7538,1771513671850,-0.26201,5.32283,7.84218,0,0,0
Daniyal,7539,1771513671853,-0.26201,5.32283,7.84218,0,0,0
Daniyal,7540,1771513671857,-0.26201,5.32283,7.84218,0,0,0
Daniyal,7541,1771513671863,-0.26201,5.32283,7.84218,0,0,0
Daniyal,7542,1771513671866,-0.26201,5.32283,7.84218,0,0,0
Daniyal,7543,1771513671870,-0.26201,5.32283,7.84218,0,0,0
Daniyal,7544,1771513671874,-0.26201,5.32283,7.84218,0,0,0
Daniyal,7545,1771513671877,-0.26201,5.32283,7.84218,0,0,0
Daniyal,7546,1771513671882,-0.26201,5.32283,7.84218,0,0,0
Daniyal,7547,1771513671886,-0.26201,5.32283,7.84218,0,0,0
Daniyal,7548,1771513671890,-0.26201,5.32283,7.84218,0,0,0
Daniyal,7549,1771513671898,-0.26201,5.32283,7.84218,0,0,0
Daniyal,7550,1771513671902,-0.26201,5.32283,7.84218,0,0,0
Daniyal,7551,1771513671906,-0.26201,5.32283,7.84218,0,0,0
Daniyal,7552,1771513671909,-0.26201,5.32283,7.84218,0,0,0
Daniyal,7553,1771513671913,-0.26201,5.32283,7.84218,0,0,0
Daniyal,7554,1771513671921,-0.26201,5.32283,7.84218,0,0,0
Daniyal,7555,1771513671942,-0.26201,5.32283,7.84218,0,0,0
Daniyal,7556,1771513671946,-0.26201,5.32283,7.84218,0,0,0
Daniyal,7557,1771513671950,-0.26201,5.32283,7.84218,0,0,0
Daniyal,7558,1771513671954,-0.26201,5.32283,7.84218,0,0,0
Daniyal,7559,1771513671957,-0.26201,5.32283,7.84218,0,0,0
Daniyal,7560,1771513671960,-0.26201,5.32283,7.84218,0,0,0
Daniyal,7561,1771513671963,-0.26201,5.32283,7.84218,0,0,0
Daniyal,7562,1771513671967,-0.26201,5.32283,7.84218,0,0,0
Daniyal,7563,1771513671970,-0.26201,5.32283,7.84218,0,0,0
Daniyal,7564,1771513671974,-0.26201,5.32283,7.84218,0,0,0
Daniyal,7565,1771513671981,-0.26201,5.32283,7.84218,0,0,0
Daniyal,7566,1771513671985,-0.26201,5.32283,7.84218,0,0,0
Daniyal,7567,1771513671988,-0.26201,5.32283,7.84218,0,0,0
Daniyal,7568,1771513671991,-0.26201,5.32283,7.84218,0,0,0
Daniyal,7569,1771513671995,-0.26201,5.32283,7.84218,0,0,0
Daniyal,7570,1771513671999,-0.26201,5.32283,7.84218,0,0,0
Daniyal,7571,1771513672004,-0.26201,5.32283,7.84218,0,0,0
Daniyal,7572,1771513672012,-0.26201,5.32283,7.84218,0,0,0
Daniyal,7573,1771513672015,-0.26201,5.32283,7.84218,0,0,0
Daniyal,7574,1771513672018,-0.26201,5.32283,7.84218,0,0,0
Daniyal,7575,1771513672021,-0.26201,5.32283,7.84218,0,0,0
Daniyal,7576,1771513672025,-0.26201,5.32283,7.84218,0,0,0
Daniyal,7577,1771513672028,-0.26201,5.32283,7.84218,0,0,0
Daniyal,7578,1771513672032,-0.26201,5.32283,7.84218,0,0,0
Daniyal,7579,1771513672036,-0.26201,5.32283,7.84218,0,0,0
Daniyal,7580,1771513672040,-0.26201,5.32283,7.84218,0,0,0
Daniyal,7581,1771513672046,-0.26201,5.32283,7.84218,0,0,0
Daniyal,7582,1771513672050,-0.26201,5.32283,7.84218,0,0,0
Daniyal,7583,1771513672054,-0.26201,5.32283,7.84218,0,0,0
Daniyal,7584,1771513672057,-0.26201,5.32283,7.84218,0,0,0
Daniyal,7585,1771513672061,-0.26201,5.32283,7.84218,0,0,0
Daniyal,7586,1771513672065,-0.26201,5.32283,7.84218,0,0,0
Daniyal,7587,1771513672070,-0.26201,5.32283,7.84218,0,0,0
Daniyal,7588,1771513672077,-0.26201,5.32283,7.84218,0,0,0
Daniyal,7589,1771513672080,-0.26201,5.32283,7.84218,0,0,0
Daniyal,7590,1771513672084,-0.26201,5.32283,7.84218,0,0,0
Daniyal,7591,1771513672088,-0.26201,5.32283,7.84218,0,0,0
Daniyal,7592,1771513672092,-0.26201,5.32283,7.84218,0,0,0
Daniyal,7593,1771513672096,-0.26201,5.32283,7.84218,0,0,0
Daniyal,7594,1771513672100,-0.26201,5.32283,7.84218,0,0,0
Daniyal,7595,1771513672104,-0.26201,5.32283,7.84218,0,0,0
Daniyal,7596,1771513672111,-0.26201,5.32283,7.84218,0,0,0
Daniyal,7597,1771513672114,-0.26201,5.32283,7.84218,0,0,0
Daniyal,7598,1771513672118,-0.26201,5.32283,7.84218,0,0,0
Daniyal,7599,1771513672121,-0.26201,5.32283,7.84218,0,0,0
Daniyal,7600,1771513672125,-0.26201,5.32283,7.84218,0,0,0
Daniyal,7601,1771513672129,-0.26201,5.32283,7.84218,0,0,0
Daniyal,7602,1771513672133,-0.26201,5.32283,7.84218,0,0,0
Daniyal,7603,1771513672140,-0.26201,5.32283,7.84218,0,0,0
Daniyal,7604,1771513672148,-0.26201,5.32283,7.84218,0,0,0
Daniyal,7605,1771513672151,-0.26201,5.32283,7.84218,0,0,0
Daniyal,7606,1771513672154,-0.26201,5.32283,7.84218,0,0,0
Daniyal,7607,1771513672157,-0.26201,5.32283,7.84218,0,0,0
Daniyal,7608,1771513672161,-0.26201,5.32283,7.84218,0,0,0
Daniyal,7609,1771513672165,-0.26201,5.32283,7.84218,0,0,0
Daniyal,7610,1771513672169,-0.26201,5.32283,7.84218,0,0,0
Daniyal,7611,1771513672172,-0.26201,5.32283,7.84218,0,0,0
Daniyal,7612,1771513672178,-0.26201,5.32283,7.84218,0,0,0
Daniyal,7613,1771513672183,-0.26201,5.32283,7.84218,0,0,0
Daniyal,7614,1771513672190,-0.26201,5.32283,7.84218,0,0,0
Daniyal,7615,1771513672194,-0.26201,5.32283,7.84218,0,0,0
Daniyal,7616,1771513672201,-0.26201,5.32283,7.84218,0,0,0
Daniyal,7617,1771513672204,-0.26201,5.32283,7.84218,0,0,0
Daniyal,7618,1771513672207,-0.26201,5.32283,7.84218,0,0,0
Daniyal,7619,1771513672211,-0.26201,5.32283,7.84218,0,0,0
Daniyal,7620,1771513672214,-0.26201,5.32283,7.84218,0,0,0
Daniyal,7621,1771513672220,-0.26201,5.32283,7.84218,0,0,0
Daniyal,7622,1771513672224,-0.26201,5.32283,7.84218,0,0,0
Daniyal,7623,1771513672227,-0.26201,5.32283,7.84218,0,0,0
Daniyal,7624,1771513672231,-0.26201,5.32283,7.84218,0,0,0
Daniyal,7625,1771513672235,-0.26201,5.32283,7.84218,0,0,0
Daniyal,7626,1771513672240,-0.26201,5.32283,7.84218,0,0,0
Daniyal,7627,1771513672244,-0.26201,5.32283,7.84218,0,0,0
Daniyal,7628,1771513672251,-0.26201,5.32283,7.84218,0,0,0
Daniyal,7629,1771513672254,-0.26201,5.32283,7.84218,0,0,0
Daniyal,7630,1771513672258,-0.26201,5.32283,7.84218,0,0,0
Daniyal,7631,1771513672261,-0.26201,5.32283,7.84218,0,0,0
Daniyal,7632,1771513672264,-0.26201,5.32283,7.84218,0,0,0
Daniyal,7633,1771513672267,-0.26201,5.32283,7.84218,0,0,0
Daniyal,7634,1771513672271,-0.26201,5.32283,7.84218,0,0,0
Daniyal,7635,1771513672275,-0.26201,5.32283,7.84218,0,0,0
Daniyal,7636,1771513672283,-0.26201,5.32283,7.84218,0,0,0
Daniyal,7637,1771513672286,-0.26201,5.32283,7.84218,0,0,0
Daniyal,7638,1771513672290,-0.26201,5.32283,7.84218,0,0,0
Daniyal,7639,1771513672294,-0.26201,5.32283,7.84218,0,0,0
Daniyal,7640,1771513672298,-0.26201,5.32283,7.84218,0,0,0
Daniyal,7641,1771513672302,-0.26201,5.32283,7.84218,0,0,0
Daniyal,7642,1771513672306,-0.26201,5.32283,7.84218,0,0,0
Daniyal,7643,1771513672311,-0.26201,5.32283,7.84218,0,0,0
Daniyal,7644,1771513672319,-0.26201,5.32283,7.84218,0,0,0
Daniyal,7645,1771513672323,-0.26201,5.32283,7.84218,0,0,0
Daniyal,7646,1771513672326,-0.26201,5.32283,7.84218,0,0,0
Daniyal,7647,1771513672330,-0.26201,5.32283,7.84218,0,0,0
Daniyal,7648,1771513672333,-0.26201,5.32283,7.84218,0,0,0
Daniyal,7649,1771513672337,-0.26201,5.32283,7.84218,0,0,0
Daniyal,7650,1771513672340,-0.26201,5.32283,7.84218,0,0,0
Daniyal,7651,1771513672352,-0.26201,5.32283,7.84218,0,0,0
Daniyal,7652,1771513672359,-0.26201,5.32283,7.84218,0,0,0
Daniyal,7653,1771513672362,-0.26201,5.32283,7.84218,0,0,0
Daniyal,7654,1771513672366,-0.26201,5.32283,7.84218,0,0,0
Daniyal,7655,1771513672369,-0.26201,5.32283,7.84218,0,0,0
Daniyal,7656,1771513672372,-0.26201,5.32283,7.84218,0,0,0
Daniyal,7657,1771513672376,-0.26201,5.32283,7.84218,0,0,0
Daniyal,7658,1771513672380,-0.26201,5.32283,7.84218,0,0,0
Daniyal,7659,1771513672384,-0.26201,5.32283,7.84218,0,0,0
Daniyal,7660,1771513672388,-0.26201,5.32283,7.84218,0,0,0
Daniyal,7661,1771513672392,-0.26201,5.32283,7.84218,0,0,0
Daniyal,7662,1771513672400,-0.26201,5.32283,7.84218,0,0,0
Daniyal,7663,1771513672404,-0.26201,5.32283,7.84218,0,0,0
Daniyal,7664,1771513672408,-0.26201,5.32283,7.84218,0,0,0
Daniyal,7665,1771513672411,-0.26201,5.32283,7.84218,0,0,0
Daniyal,7666,1771513672416,-0.26201,5.32283,7.84218,0,0,0
Daniyal,7667,1771513672419,-0.26201,5.32283,7.84218,0,0,0
Daniyal,7668,1771513672424,-0.26201,5.32283,7.84218,0,0,0
Daniyal,7669,1771513672431,-0.26201,5.32283,7.84218,0,0,0
Daniyal,7670,1771513672434,-0.26201,5.32283,7.84218,0,0,0
Daniyal,7671,1771513672438,-0.26201,5.32283,7.84218,0,0,0
Daniyal,7672,1771513672442,-0.26201,5.32283,7.84218,0,0,0
Daniyal,7673,1771513672446,-0.26201,5.32283,7.84218,0,0,0
Daniyal,7674,1771513672450,-0.26201,5.32283,7.84218,0,0,0
Daniyal,7675,1771513672454,-0.26201,5.32283,7.84218,0,0,0
Daniyal,7676,1771513672459,-0.26201,5.32283,7.84218,0,0,0
Daniyal,7677,1771513672462,-0.26201,5.32283,7.84218,0,0,0
Daniyal,7678,1771513672470,-0.26201,5.32283,7.84218,0,0,0
Daniyal,7679,1771513672473,-0.26201,5.32283,7.84218,0,0,0
Daniyal,7680,1771513672476,-0.26201,5.32283,7.84218,0,0,0
Daniyal,7681,1771513672480,-0.26201,5.32283,7.84218,0,0,0
Daniyal,7682,1771513672482,-0.26201,5.32283,7.84218,0,0,0
Daniyal,7683,1771513672486,-0.26201,5.32283,7.84218,0,0,0
Daniyal,7684,1771513672490,-0.26201,5.32283,7.84218,0,0,0
Daniyal,7685,1771513672495,-0.26201,5.32283,7.84218,0,0,0
Daniyal,7686,1771513672504,-0.26201,5.32283,7.84218,0,0,0
Daniyal,7687,1771513672509,-0.26201,5.32283,7.84218,0,0,0
Daniyal,7688,1771513672513,-0.26201,5.32283,7.84218,0,0,0
Daniyal,7689,1771513672517,-0.26201,5.32283,7.84218,0,0,0
Daniyal,7690,1771513672521,-0.26201,5.32283,7.84218,0,0,0
Daniyal,7691,1771513672525,-0.26201,5.32283,7.84218,0,0,0
Daniyal,7692,1771513672529,-0.26201,5.32283,7.84218,0,0,0
Daniyal,7693,1771513672533,-0.26201,5.32283,7.84218,0,0,0
Daniyal,7694,1771513672537,-0.26201,5.32283,7.84218,0,0,0
Daniyal,7695,1771513672541,-0.26201,5.32283,7.84218,0,0,0
Daniyal,7696,1771513672548,-0.26201,5.32283,7.84218,0,0,0
Daniyal,7697,1771513672552,-0.26201,5.32283,7.84218,0,0,0
Daniyal,7698,1771513672555,-0.26201,5.32283,7.84218,0,0,0
Daniyal,7699,1771513672558,-0.26201,5.32283,7.84218,0,0,0
Daniyal,7700,1771513672562,-0.26201,5.32283,7.84218,0,0,0
Daniyal,7701,1771513672565,-0.26201,5.32283,7.84218,0,0,0
Daniyal,7702,1771513672570,-0.26201,5.32283,7.84218,0,0,0
Daniyal,7703,1771513672579,-0.26201,5.32283,7.84218,0,0,0
Daniyal,7704,1771513672583,-0.26201,5.32283,7.84218,0,0,0
Daniyal,7705,1771513672588,-0.26201,5.32283,7.84218,0,0,0
Daniyal,7706,1771513672591,-0.26201,5.32283,7.84218,0,0,0
Daniyal,7707,1771513672595,-0.26201,5.32283,7.84218,0,0,0
Daniyal,7708,1771513672599,-0.26201,5.32283,7.84218,0,0,0
Daniyal,7709,1771513672602,-0.26201,5.32283,7.84218,0,0,0
Daniyal,7710,1771513672609,-0.26201,5.32283,7.84218,0,0,0
Daniyal,7711,1771513672613,-0.26201,5.32283,7.84218,0,0,0
Daniyal,7712,1771513672616,-0.26201,5.32283,7.84218,0,0,0
Daniyal,7713,1771513672619,-0.26201,5.32283,7.84218,0,0,0
Daniyal,7714,1771513672623,-0.26201,5.32283,7.84218,0,0,0
Daniyal,7715,1771513672626,-0.26201,5.32283,7.84218,0,0,0
Daniyal,7716,1771513672631,-0.26201,5.32283,7.84218,0,0,0
Daniyal,7717,1771513672639,-0.26201,5.32283,7.84218,0,0,0
Daniyal,7718,1771513672644,-0.26201,5.32283,7.84218,0,0,0
Daniyal,7719,1771513672649,-0.26201,5.32283,7.84218,0,0,0
Daniyal,7720,1771513672652,-0.26201,5.32283,7.84218,0,0,0
Daniyal,7721,1771513672656,-0.26201,5.32283,7.84218,0,0,0
Daniyal,7722,1771513672659,-0.26201,5.32283,7.84218,0,0,0
Daniyal,7723,1771513672664,-0.26201,5.32283,7.84218,0,0,0
Daniyal,7724,1771513672669,-0.26201,5.32283,7.84218,0,0,0
Daniyal,7725,1771513672677,-0.26201,5.32283,7.84218,0,0,0
Daniyal,7726,1771513672680,-0.26201,5.32283,7.84218,0,0,0
Daniyal,7727,1771513672683,-0.26201,5.32283,7.84218,0,0,0
Daniyal,7728,1771513672687,-0.26201,5.32283,7.84218,0,0,0
Daniyal,7729,1771513672690,-0.26201,5.32283,7.84218,0,0,0
Daniyal,7730,1771513672695,-0.26201,5.32283,7.84218,0,0,0
Daniyal,7731,1771513672704,-0.26201,5.32283,7.84218,0,0,0
Daniyal,7732,1771513672709,-0.26201,5.32283,7.84218,0,0,0
Daniyal,7733,1771513672712,-0.26201,5.32283,7.84218,0,0,0
Daniyal,7734,1771513672716,-0.26201,5.32283,7.84218,0,0,0
Daniyal,7735,1771513672720,-0.26201,5.32283,7.84218,0,0,0
Daniyal,7736,1771513672724,-0.26201,5.32283,7.84218,0,0,0
Daniyal,7737,1771513672728,-0.26201,5.32283,7.84218,0,0,0
Daniyal,7738,1771513672735,-0.26201,5.32283,7.84218,0,0,0
Daniyal,7739,1771513672738,-0.26201,5.32283,7.84218,0,0,0
Daniyal,7740,1771513672742,-0.26201,5.32283,7.84218,0,0,0
Daniyal,7741,1771513672745,-0.26201,5.32283,7.84218,0,0,0
Daniyal,7742,1771513672748,-0.26201,5.32283,7.84218,0,0,0
Daniyal,7743,1771513672753,-0.26201,5.32283,7.84218,0,0,0
Daniyal,7744,1771513672760,-0.26201,5.32283,7.84218,0,0,0
Daniyal,7745,1771513672763,-0.26201,5.32283,7.84218,0,0,0
Daniyal,7746,1771513672766,-0.26201,5.32283,7.84218,0,0,0
Daniyal,7747,1771513672771,-0.26201,5.32283,7.84218,0,0,0
Daniyal,7748,1771513672774,-0.26201,5.32283,7.84218,0,0,0
Daniyal,7749,1771513672780,-0.26201,5.32283,7.84218,0,0,0
Daniyal,7750,1771513672783,-0.26201,5.32283,7.84218,0,0,0
Daniyal,7751,1771513672789,-0.26201,5.32283,7.84218,0,0,0
Daniyal,7752,1771513672793,-0.26201,5.32283,7.84218,0,0,0
Daniyal,7753,1771513672796,-0.26201,5.32283,7.84218,0,0,0
Daniyal,7754,1771513672799,-0.26201,5.32283,7.84218,0,0,0
Daniyal,7755,1771513672803,-0.26201,5.32283,7.84218,0,0,0
Daniyal,7756,1771513672806,-0.26201,5.32283,7.84218,0,0,0
Daniyal,7757,1771513672810,-0.26201,5.32283,7.84218,0,0,0
Daniyal,7758,1771513672818,-0.26201,5.32283,7.84218,0,0,0
Daniyal,7759,1771513672824,-0.26201,5.32283,7.84218,0,0,0
Daniyal,7760,1771513672828,-0.26201,5.32283,7.84218,0,0,0
Daniyal,7761,1771513672831,-0.26201,5.32283,7.84218,0,0,0
Daniyal,7762,1771513672835,-0.26201,5.32283,7.84218,0,0,0
Daniyal,7763,1771513672838,-0.26201,5.32283,7.84218,0,0,0
Daniyal,7764,1771513672842,-0.26201,5.32283,7.84218,0,0,0
Daniyal,7765,1771513672847,-0.26201,5.32283,7.84218,0,0,0
Daniyal,7766,1771513672851,-0.26201,5.32283,7.84218,0,0,0
Daniyal,7767,1771513672855,-0.26201,5.32283,7.84218,0,0,0
Daniyal,7768,1771513672859,-0.26201,5.32283,7.84218,0,0,0
Daniyal,7769,1771513672867,-0.26201,5.32283,7.84218,0,0,0
Daniyal,7770,1771513672871,-0.26201,5.32283,7.84218,0,0,0
Daniyal,7771,1771513672874,-0.26201,5.32283,7.84218,0,0,0
Daniyal,7772,1771513672879,-0.26201,5.32283,7.84218,0,0,0
Daniyal,7773,1771513672882,-0.26201,5.32283,7.84218,0,0,0
Daniyal,7774,1771513672886,-0.26201,5.32283,7.84218,0,0,0
Daniyal,7775,1771513672891,-0.26201,5.32283,7.84218,0,0,0
Daniyal,7776,1771513672898,-0.26201,5.32283,7.84218,0,0,0
Daniyal,7777,1771513672902,-0.26201,5.32283,7.84218,0,0,0
Daniyal,7778,1771513672905,-0.26201,5.32283,7.84218,0,0,0
Daniyal,7779,1771513672908,-0.26201,5.32283,7.84218,0,0,0
Daniyal,7780,1771513672914,-0.26201,5.32283,7.84218,0,0,0
Daniyal,7781,1771513672918,-0.26201,5.32283,7.84218,0,0,0
Daniyal,7782,1771513672921,-0.26201,5.32283,7.84218,0,0,0
Daniyal,7783,1771513672930,-0.26201,5.32283,7.84218,0,0,0
Daniyal,7784,1771513672934,-0.26201,5.32283,7.84218,0,0,0
Daniyal,7785,1771513672937,-0.26201,5.32283,7.84218,0,0,0
Daniyal,7786,1771513672940,-0.26201,5.32283,7.84218,0,0,0
Daniyal,7787,1771513672944,-0.26201,5.32283,7.84218,0,0,0
Daniyal,7788,1771513672947,-0.26201,5.32283,7.84218,0,0,0
Daniyal,7789,1771513672953,-0.26201,5.32283,7.84218,0,0,0
Daniyal,7790,1771513672958,-0.26201,5.32283,7.84218,0,0,0
Daniyal,7791,1771513672962,-0.26201,5.32283,7.84218,0,0,0
Daniyal,7792,1771513672966,-0.26201,5.32283,7.84218,0,0,0
Daniyal,7793,1771513672969,-0.26201,5.32283,7.84218,0,0,0
Daniyal,7794,1771513672974,-0.26201,5.32283,7.84218,0,0,0
Daniyal,7795,1771513672979,-0.26201,5.32283,7.84218,0,0,0
Daniyal,7796,1771513672982,-0.26201,5.32283,7.84218,0,0,0
Daniyal,7797,1771513672985,-0.26201,5.32283,7.84218,0,0,0
Daniyal,7798,1771513672989,-0.26201,5.32283,7.84218,0,0,0
Daniyal,7799,1771513672996,-0.26201,5.32283,7.84218,0,0,0
Daniyal,7800,1771513672999,-0.26201,5.32283,7.84218,0,0,0
Daniyal,7801,1771513673002,-0.26201,5.32283,7.84218,0,0,0
Daniyal,7802,1771513673006,-0.26201,5.32283,7.84218,0,0,0
Daniyal,7803,1771513673013,-0.26201,5.32283,7.84218,0,0,0
Daniyal,7804,1771513673020,-0.26201,5.32283,7.84218,0,0,0
Daniyal,7805,1771513673023,-0.26201,5.32283,7.84218,0,0,0
Daniyal,7806,1771513673026,-0.26201,5.32283,7.84218,0,0,0
Daniyal,7807,1771513673030,-0.26201,5.32283,7.84218,0,0,0
Daniyal,7808,1771513673033,-0.26201,5.32283,7.84218,0,0,0
Daniyal,7809,1771513673037,-0.26201,5.32283,7.84218,0,0,0
Daniyal,7810,1771513673040,-0.26201,5.32283,7.84218,0,0,0
Daniyal,7811,1771513673045,-0.26201,5.32283,7.84218,0,0,0
Daniyal,7812,1771513673051,-0.26201,5.32283,7.84218,0,0,0
Daniyal,7813,1771513673055,-0.26201,5.32283,7.84218,0,0,0
Daniyal,7814,1771513673058,-0.26201,5.32283,7.84218,0,0,0
Daniyal,7815,1771513673062,-0.26201,5.32283,7.84218,0,0,0
Daniyal,7816,1771513673066,-0.26201,5.32283,7.84218,0,0,0
Daniyal,7817,1771513673069,-0.26201,5.32283,7.84218,0,0,0
Daniyal,7818,1771513673073,-0.26201,5.32283,7.84218,0,0,0
Daniyal,7819,1771513673077,-0.26201,5.32283,7.84218,0,0,0
Daniyal,7820,1771513673083,-0.26201,5.32283,7.84218,0,0,0
Daniyal,7821,1771513673090,-0.26201,5.32283,7.84218,0,0,0
Daniyal,7822,1771513673094,-0.26201,5.32283,7.84218,0,0,0
Daniyal,7823,1771513673097,-0.26201,5.32283,7.84218,0,0,0
Daniyal,7824,1771513673100,-0.26201,5.32283,7.84218,0,0,0
Daniyal,7825,1771513673104,-0.26201,5.32283,7.84218,0,0,0
Daniyal,7826,1771513673107,-0.26201,5.32283,7.84218,0,0,0
Daniyal,7827,1771513673112,-0.26201,5.32283,7.84218,0,0,0
Daniyal,7828,1771513673115,-0.26201,5.32283,7.84218,0,0,0
Daniyal,7829,1771513673119,-0.26201,5.32283,7.84218,0,0,0
Daniyal,7830,1771513673126,-0.26201,5.32283,7.84218,0,0,0
Daniyal,7831,1771513673130,-0.26201,5.32283,7.84218,0,0,0
Daniyal,7832,1771513673133,-0.26201,5.32283,7.84218,0,0,0
Daniyal,7833,1771513673136,-0.26201,5.32283,7.84218,0,0,0
Daniyal,7834,1771513673139,-0.26201,5.32283,7.84218,0,0,0
Daniyal,7835,1771513673143,-0.26201,5.32283,7.84218,0,0,0
Daniyal,7836,1771513673148,-0.26201,5.32283,7.84218,0,0,0
Daniyal,7837,1771513673156,-0.26201,5.32283,7.84218,0,0,0
Daniyal,7838,1771513673159,-0.26201,5.32283,7.84218,0,0,0
Daniyal,7839,1771513673163,-0.26201,5.32283,7.84218,0,0,0
Daniyal,7840,1771513673166,-0.26201,5.32283,7.84218,0,0,0
Daniyal,7841,1771513673170,-0.26201,5.32283,7.84218,0,0,0
Daniyal,7842,1771513673173,-0.26201,5.32283,7.84218,0,0,0
Daniyal,7843,1771513673178,-0.26201,5.32283,7.84218,0,0,0
Daniyal,7844,1771513673182,-0.26201,5.32283,7.84218,0,0,0
Daniyal,7845,1771513673186,-0.26201,5.32283,7.84218,0,0,0
Daniyal,7846,1771513673193,-0.26201,5.32283,7.84218,0,0,0
Daniyal,7847,1771513673197,-0.26201,5.32283,7.84218,0,0,0
Daniyal,7848,1771513673200,-0.26201,5.32283,7.84218,0,0,0
Daniyal,7849,1771513673203,-0.26201,5.32283,7.84218,0,0,0
Daniyal,7850,1771513673207,-0.26201,5.32283,7.84218,0,0,0
Daniyal,7851,1771513673210,-0.26201,5.32283,7.84218,0,0,0
Daniyal,7852,1771513673214,-0.26201,5.32283,7.84218,0,0,0
Daniyal,7853,1771513673219,-0.26201,5.32283,7.84218,0,0,0
Daniyal,7854,1771513673223,-0.26201,5.32283,7.84218,0,0,0
Daniyal,7855,1771513673230,-0.26201,5.32283,7.84218,0,0,0
Daniyal,7856,1771513673234,-0.26201,5.32283,7.84218,0,0,0
Daniyal,7857,1771513673238,-0.26201,5.32283,7.84218,0,0,0
Daniyal,7858,1771513673242,-0.26201,5.32283,7.84218,0,0,0
Daniyal,7859,1771513673246,-0.26201,5.32283,7.84218,0,0,0
Daniyal,7860,1771513673250,-0.26201,5.32283,7.84218,0,0,0
Daniyal,7861,1771513673254,-0.26201,5.32283,7.84218,0,0,0
Daniyal,7862,1771513673259,-0.26201,5.32283,7.84218,0,0,0
Daniyal,7863,1771513673264,-0.26201,5.32283,7.84218,0,0,0
Daniyal,7864,1771513673268,-0.26201,5.32283,7.84218,0,0,0
Daniyal,7865,1771513673276,-0.26201,5.32283,7.84218,0,0,0
Daniyal,7866,1771513673280,-0.26201,5.32283,7.84218,0,0,0
Daniyal,7867,1771513673283,-0.26201,5.32283,7.84218,0,0,0
Daniyal,7868,1771513673286,-0.26201,5.32283,7.84218,0,0,0
Daniyal,7869,1771513673290,-0.26201,5.32283,7.84218,0,0,0
Daniyal,7870,1771513673296,-0.26201,5.32283,7.84218,0,0,0
Daniyal,7871,1771513673305,-0.26201,5.32283,7.84218,0,0,0
Daniyal,7872,1771513673310,-0.26201,5.32283,7.84218,0,0,0
Daniyal,7873,1771513673314,-0.26201,5.32283,7.84218,0,0,0
Daniyal,7874,1771513673322,-0.26201,5.32283,7.84218,0,0,0
Daniyal,7875,1771513673328,-0.26201,5.32283,7.84218,0,0,0
Daniyal,7876,1771513673334,-0.26201,5.32283,7.84218,0,0,0
Daniyal,7877,1771513673338,-0.26201,5.32283,7.84218,0,0,0
Daniyal,7878,1771513673341,-0.26201,5.32283,7.84218,0,0,0
Daniyal,7879,1771513673345,-0.26201,5.32283,7.84218,0,0,0
Daniyal,7880,1771513673348,-0.26201,5.32283,7.84218,0,0,0
Daniyal,7881,1771513673351,-0.26201,5.32283,7.84218,0,0,0
Daniyal,7882,1771513673355,-0.26201,5.32283,7.84218,0,0,0
Daniyal,7883,1771513673359,-0.26201,5.32283,7.84218,0,0,0
Daniyal,7884,1771513673365,-0.26201,5.32283,7.84218,0,0,0
Daniyal,7885,1771513673369,-0.26201,5.32283,7.84218,0,0,0
Daniyal,7886,1771513673372,-0.26201,5.32283,7.84218,0,0,0
Daniyal,7887,1771513673375,-0.26201,5.32283,7.84218,0,0,0
Daniyal,7888,1771513673378,-0.26201,5.32283,7.84218,0,0,0
Daniyal,7889,1771513673382,-0.26201,5.32283,7.84218,0,0,0
Daniyal,7890,1771513673386,-0.26201,5.32283,7.84218,0,0,0
Daniyal,7891,1771513673388,-0.26201,5.32283,7.84218,0,0,0
Daniyal,7892,1771513673396,-0.26201,5.32283,7.84218,0,0,0
Daniyal,7893,1771513673400,-0.26201,5.32283,7.84218,0,0,0
Daniyal,7894,1771513673404,-0.26201,5.32283,7.84218,0,0,0
Daniyal,7895,1771513673407,-0.26201,5.32283,7.84218,0,0,0
Daniyal,7896,1771513673410,-0.26201,5.32283,7.84218,0,0,0
Daniyal,7897,1771513673413,-0.26201,5.32283,7.84218,0,0,0
Daniyal,7898,1771513673418,-0.26201,5.32283,7.84218,0,0,0
Daniyal,7899,1771513673423,-0.26201,5.32283,7.84218,0,0,0
Daniyal,7900,1771513673426,-0.26201,5.32283,7.84218,0,0,0
Daniyal,7901,1771513673429,-0.26201,5.32283,7.84218,0,0,0
Daniyal,7902,1771513673432,-0.26201,5.32283,7.84218,0,0,0
Daniyal,7903,1771513673436,-0.26201,5.32283,7.84218,0,0,0
Daniyal,7904,1771513673439,-0.26201,5.32283,7.84218,0,0,0
Daniyal,7905,1771513673443,-0.26201,5.32283,7.84218,0,0,0
Daniyal,7906,1771513673447,-0.26201,5.32283,7.84218,0,0,0
Daniyal,7907,1771513673454,-0.26201,5.32283,7.84218,0,0,0
Daniyal,7908,1771513673457,-0.26201,5.32283,7.84218,0,0,0
Daniyal,7909,1771513673460,-0.26201,5.32283,7.84218,0,0,0
Daniyal,7910,1771513673463,-0.26201,5.32283,7.84218,0,0,0
Daniyal,7911,1771513673467,-0.26201,5.32283,7.84218,0,0,0
Daniyal,7912,1771513673470,-0.26201,5.32283,7.84218,0,0,0
Daniyal,7913,1771513673474,-0.26201,5.32283,7.84218,0,0,0
Daniyal,7914,1771513673479,-0.26201,5.32283,7.84218,0,0,0
Daniyal,7915,1771513673485,-0.26201,5.32283,7.84218,0,0,0
Daniyal,7916,1771513673489,-0.26201,5.32283,7.84218,0,0,0
Daniyal,7917,1771513673492,-0.26201,5.32283,7.84218,0,0,0
Daniyal,7918,1771513673496,-0.26201,5.32283,7.84218,0,0,0
Daniyal,7919,1771513673499,-0.26201,5.32283,7.84218,0,0,0
Daniyal,7920,1771513673503,-0.26201,5.32283,7.84218,0,0,0
Daniyal,7921,1771513673508,-0.26201,5.32283,7.84218,0,0,0
Daniyal,7922,1771513673512,-0.26201,5.32283,7.84218,0,0,0
Daniyal,7923,1771513673518,-0.26201,5.32283,7.84218,0,0,0
Daniyal,7924,1771513673521,-0.26201,5.32283,7.84218,0,0,0
Daniyal,7925,1771513673525,-0.26201,5.32283,7.84218,0,0,0
Daniyal,7926,1771513673528,-0.26201,5.32283,7.84218,0,0,0
Daniyal,7927,1771513673531,-0.26201,5.32283,7.84218,0,0,0
Daniyal,7928,1771513673534,-0.26201,5.32283,7.84218,0,0,0
Daniyal,7929,1771513673538,-0.26201,5.32283,7.84218,0,0,0
Daniyal,7930,1771513673542,-0.26201,5.32283,7.84218,0,0,0
Daniyal,7931,1771513673549,-0.26201,5.32283,7.84218,0,0,0
Daniyal,7932,1771513673552,-0.26201,5.32283,7.84218,0,0,0
Daniyal,7933,1771513673556,-0.26201,5.32283,7.84218,0,0,0
Daniyal,7934,1771513673559,-0.26201,5.32283,7.84218,0,0,0
Daniyal,7935,1771513673562,-0.26201,5.32283,7.84218,0,0,0
Daniyal,7936,1771513673565,-0.26201,5.32283,7.84218,0,0,0
Daniyal,7937,1771513673568,-0.26201,5.32283,7.84218,0,0,0
Daniyal,7938,1771513673572,-0.26201,5.32283,7.84218,0,0,0
Daniyal,7939,1771513673575,-0.26201,5.32283,7.84218,0,0,0
Daniyal,7940,1771513673583,-0.26201,5.32283,7.84218,0,0,0
Daniyal,7941,1771513673586,-0.26201,5.32283,7.84218,0,0,0
Daniyal,7942,1771513673590,-0.26201,5.32283,7.84218,0,0,0
Daniyal,7943,1771513673594,-0.26201,5.32283,7.84218,0,0,0
Daniyal,7944,1771513673597,-0.26201,5.32283,7.84218,0,0,0
Daniyal,7945,1771513673600,-0.26201,5.32283,7.84218,0,0,0
Daniyal,7946,1771513673606,-0.26201,5.32283,7.84218,0,0,0
Daniyal,7947,1771513673612,-0.26201,5.32283,7.84218,0,0,0
Daniyal,7948,1771513673615,-0.26201,5.32283,7.84218,0,0,0
Daniyal,7949,1771513673618,-0.26201,5.32283,7.84218,0,0,0
Daniyal,7950,1771513673622,-0.26201,5.32283,7.84218,0,0,0
Daniyal,7951,1771513673625,-0.26201,5.32283,7.84218,0,0,0
Daniyal,7952,1771513673629,-0.26201,5.32283,7.84218,0,0,0
Daniyal,7953,1771513673633,-0.26201,5.32283,7.84218,0,0,0
Daniyal,7954,1771513673637,-0.26201,5.32283,7.84218,0,0,0
Daniyal,7955,1771513673642,-0.26201,5.32283,7.84218,0,0,0
Daniyal,7956,1771513673649,-0.26201,5.32283,7.84218,0,0,0
Daniyal,7957,1771513673652,-0.26201,5.32283,7.84218,0,0,0
Daniyal,7958,1771513673661,-0.26201,5.32283,7.84218,0,0,0
Daniyal,7959,1771513673665,-0.26201,5.32283,7.84218,0,0,0
Daniyal,7960,1771513673669,-0.26201,5.32283,7.84218,0,0,0
Daniyal,7961,1771513673672,-0.26201,5.32283,7.84218,0,0,0
Daniyal,7962,1771513673676,-0.26201,5.32283,7.84218,0,0,0
Daniyal,7963,1771513673680,-0.26201,5.32283,7.84218,0,0,0
Daniyal,7964,1771513673687,-0.26201,5.32283,7.84218,0,0,0
Daniyal,7965,1771513673690,-0.26201,5.32283,7.84218,0,0,0
Daniyal,7966,1771513673694,-0.26201,5.32283,7.84218,0,0,0
Daniyal,7967,1771513673698,-0.26201,5.32283,7.84218,0,0,0
Daniyal,7968,1771513673702,-0.26201,5.32283,7.84218,0,0,0
Daniyal,7969,1771513673706,-0.26201,5.32283,7.84218,0,0,0
Daniyal,7970,1771513673710,-0.26201,5.32283,7.84218,0,0,0
Daniyal,7971,1771513673717,-0.26201,5.32283,7.84218,0,0,0
Daniyal,7972,1771513673720,-0.26201,5.32283,7.84218,0,0,0
Daniyal,7973,1771513673728,-0.26201,5.32283,7.84218,0,0,0
Daniyal,7974,1771513673732,-0.26201,5.32283,7.84218,0,0,0
Daniyal,7975,1771513673735,-0.26201,5.32283,7.84218,0,0,0
Daniyal,7976,1771513673738,-0.26201,5.32283,7.84218,0,0,0
Daniyal,7977,1771513673742,-0.26201,5.32283,7.84218,0,0,0
Daniyal,7978,1771513673746,-0.26201,5.32283,7.84218,0,0,0
Daniyal,7979,1771513673750,-0.26201,5.32283,7.84218,0,0,0
Daniyal,7980,1771513673756,-0.26201,5.32283,7.84218,0,0,0
Daniyal,7981,1771513673764,-0.26201,5.32283,7.84218,0,0,0
Daniyal,7982,1771513673768,-0.26201,5.32283,7.84218,0,0,0
Daniyal,7983,1771513673772,-0.26201,5.32283,7.84218,0,0,0
Daniyal,7984,1771513673777,-0.26201,5.32283,7.84218,0,0,0
Daniyal,7985,1771513673781,-0.26201,5.32283,7.84218,0,0,0
Daniyal,7986,1771513673785,-0.26201,5.32283,7.84218,0,0,0
Daniyal,7987,1771513673790,-0.26201,5.32283,7.84218,0,0,0
Daniyal,7988,1771513673794,-0.26201,5.32283,7.84218,0,0,0
Daniyal,7989,1771513673800,-0.26201,5.32283,7.84218,0,0,0
Daniyal,7990,1771513673804,-0.26201,5.32283,7.84218,0,0,0
Daniyal,7991,1771513673807,-0.26201,5.32283,7.84218,0,0,0
Daniyal,7992,1771513673810,-0.26201,5.32283,7.84218,0,0,0
Daniyal,7993,1771513673814,-0.26201,5.32283,7.84218,0,0,0
Daniyal,7994,1771513673817,-0.26201,5.32283,7.84218,0,0,0
Daniyal,7995,1771513673821,-0.26201,5.32283,7.84218,0,0,0
Daniyal,7996,1771513673826,-0.26201,5.32283,7.84218,0,0,0
Daniyal,7997,1771513673833,-0.26201,5.32283,7.84218,0,0,0
Daniyal,7998,1771513673837,-0.26201,5.32283,7.84218,0,0,0
Daniyal,7999,1771513673840,-0.26201,5.32283,7.84218,0,0,0
Daniyal,8000,1771513673844,-0.26201,5.32283,7.84218,0,0,0
Daniyal,8001,1771513673847,-0.26201,5.32283,7.84218,0,0,0
Daniyal,8002,1771513673850,-0.26201,5.32283,7.84218,0,0,0
Daniyal,8003,1771513673854,-0.26201,5.32283,7.84218,0,0,0
Daniyal,8004,1771513673858,-0.26201,5.32283,7.84218,0,0,0
Daniyal,8005,1771513673862,-0.26201,5.32283,7.84218,0,0,0
Daniyal,8006,1771513673866,-0.26201,5.32283,7.84218,0,0,0
Daniyal,8007,1771513673873,-0.26201,5.32283,7.84218,0,0,0
Daniyal,8008,1771513673877,-0.26201,5.32283,7.84218,0,0,0
Daniyal,8009,1771513673880,-0.26201,5.32283,7.84218,0,0,0
Daniyal,8010,1771513673884,-0.26201,5.32283,7.84218,0,0,0
Daniyal,8011,1771513673889,-0.26201,5.32283,7.84218,0,0,0
Daniyal,8012,1771513673892,-0.26201,5.32283,7.84218,0,0,0
Daniyal,8013,1771513673898,-0.26201,5.32283,7.84218,0,0,0
Daniyal,8014,1771513673907,-0.26201,5.32283,7.84218,0,0,0
Daniyal,8015,1771513673911,-0.26201,5.32283,7.84218,0,0,0
Daniyal,8016,1771513673914,-0.26201,5.32283,7.84218,0,0,0
Daniyal,8017,1771513673918,-0.26201,5.32283,7.84218,0,0,0
Daniyal,8018,1771513673922,-0.26201,5.32283,7.84218,0,0,0
Daniyal,8019,1771513673926,-0.26201,5.32283,7.84218,0,0,0
Daniyal,8020,1771513673931,-0.26201,5.32283,7.84218,0,0,0
Daniyal,8021,1771513673935,-0.26201,5.32283,7.84218,0,0,0
Daniyal,8022,1771513673940,-0.26201,5.32283,7.84218,0,0,0
Daniyal,8023,1771513673945,-0.26201,5.32283,7.84218,0,0,0
Daniyal,8024,1771513673952,-0.26201,5.32283,7.84218,0,0,0
Daniyal,8025,1771513673955,-0.26201,5.32283,7.84218,0,0,0
Daniyal,8026,1771513673958,-0.26201,5.32283,7.84218,0,0,0
Daniyal,8027,1771513673962,-0.26201,5.32283,7.84218,0,0,0
Daniyal,8028,1771513673965,-0.26201,5.32283,7.84218,0,0,0
Daniyal,8029,1771513673971,-0.26201,5.32283,7.84218,0,0,0
Daniyal,8030,1771513673978,-0.26201,5.32283,7.84218,0,0,0
Daniyal,8031,1771513673981,-0.26201,5.32283,7.84218,0,0,0
Daniyal,8032,1771513673985,-0.26201,5.32283,7.84218,0,0,0
Daniyal,8033,1771513673989,-0.26201,5.32283,7.84218,0,0,0
Daniyal,8034,1771513673994,-0.26201,5.32283,7.84218,0,0,0
Daniyal,8035,1771513673999,-0.26201,5.32283,7.84218,0,0,0
Daniyal,8036,1771513674003,-0.26201,5.32283,7.84218,0,0,0
Daniyal,8037,1771513674010,-0.26201,5.32283,7.84218,0,0,0
Daniyal,8038,1771513674014,-0.26201,5.32283,7.84218,0,0,0
Daniyal,8039,1771513674017,-0.26201,5.32283,7.84218,0,0,0
Daniyal,8040,1771513674021,-0.26201,5.32283,7.84218,0,0,0
Daniyal,8041,1771513674024,-0.26201,5.32283,7.84218,0,0,0
Daniyal,8042,1771513674028,-0.26201,5.32283,7.84218,0,0,0
Daniyal,8043,1771513674034,-0.26201,5.32283,7.84218,0,0,0
Daniyal,8044,1771513674042,-0.26201,5.32283,7.84218,0,0,0
Daniyal,8045,1771513674046,-0.26201,5.32283,7.84218,0,0,0
Daniyal,8046,1771513674051,-0.26201,5.32283,7.84218,0,0,0
Daniyal,8047,1771513674055,-0.26201,5.32283,7.84218,0,0,0
Daniyal,8048,1771513674058,-0.26201,5.32283,7.84218,0,0,0
Daniyal,8049,1771513674062,-0.26201,5.32283,7.84218,0,0,0
Daniyal,8050,1771513674066,-0.26201,5.32283,7.84218,0,0,0
Daniyal,8051,1771513674070,-0.26201,5.32283,7.84218,0,0,0
Daniyal,8052,1771513674074,-0.26201,5.32283,7.84218,0,0,0
Daniyal,8053,1771513674081,-0.26201,5.32283,7.84218,0,0,0
Daniyal,8054,1771513674085,-0.26201,5.32283,7.84218,0,0,0
Daniyal,8055,1771513674088,-0.26201,5.32283,7.84218,0,0,0
Daniyal,8056,1771513674092,-0.26201,5.32283,7.84218,0,0,0
Daniyal,8057,1771513674095,-0.26201,5.32283,7.84218,0,0,0
Daniyal,8058,1771513674099,-0.26201,5.32283,7.84218,0,0,0
Daniyal,8059,1771513674105,-0.26201,5.32283,7.84218,0,0,0
Daniyal,8060,1771513674114,-0.26201,5.32283,7.84218,0,0,0
Daniyal,8061,1771513678126,-0.26201,5.32283,7.84218,0,0,0
Daniyal,8062,1771513678130,-0.26201,5.32283,7.84218,0,0,0
Daniyal,8063,1771513678134,-0.26201,5.32283,7.84218,0,0,0
Daniyal,8064,1771513678137,-0.26201,5.32283,7.84218,0,0,0
Daniyal,8065,1771513678141,-0.26201,5.32283,7.84218,0,0,0
Daniyal,8066,1771513678145,-0.26201,5.32283,7.84218,0,0,0
Daniyal,8067,1771513678150,-0.26201,5.32283,7.84218,0,0,0
Daniyal,8068,1771513678155,-0.26201,5.32283,7.84218,0,0,0
Daniyal,8069,1771513678163,-0.26201,5.32283,7.84218,0,0,0
Daniyal,8070,1771513678167,-0.26201,5.32283,7.84218,0,0,0
Daniyal,8071,1771513678171,-0.26201,5.32283,7.84218,0,0,0
Daniyal,8072,1771513678174,-0.26201,5.32283,7.84218,0,0,0
Daniyal,8073,1771513678182,-0.26201,5.32283,7.84218,0,0,0
Daniyal,8074,1771513678185,-0.26201,5.32283,7.84218,0,0,0
Daniyal,8075,1771513678189,-0.26201,5.32283,7.84218,0,0,0
Daniyal,8076,1771513678193,-0.26201,5.32283,7.84218,0,0,0
Daniyal,8077,1771513678199,-0.26201,5.32283,7.84218,0,0,0
Daniyal,8078,1771513678202,-0.26201,5.32283,7.84218,0,0,0
Daniyal,8079,1771513678205,-0.26201,5.32283,7.84218,0,0,0
Daniyal,8080,1771513678209,-0.26201,5.32283,7.84218,0,0,0
Daniyal,8081,1771513678213,-0.26201,5.32283,7.84218,0,0,0
Daniyal,8082,1771513678217,-0.26201,5.32283,7.84218,0,0,0
Daniyal,8083,1771513678226,-0.26201,5.32283,7.84218,0,0,0
Daniyal,8084,1771513678230,-0.26201,5.32283,7.84218,0,0,0
Daniyal,8085,1771513678233,-0.26201,5.32283,7.84218,0,0,0
Daniyal,8086,1771513678237,-0.26201,5.32283,7.84218,0,0,0
Daniyal,8087,1771513678240,-0.26201,5.32283,7.84218,0,0,0
Daniyal,8088,1771513678244,-0.26201,5.32283,7.84218,0,0,0
Daniyal,8089,1771513678249,-0.26201,5.32283,7.84218,0,0,0
Daniyal,8090,1771513678257,-0.26201,5.32283,7.84218,0,0,0
Daniyal,8091,1771513678261,-0.26201,5.32283,7.84218,0,0,0
Daniyal,8092,1771513678265,-0.26201,5.32283,7.84218,0,0,0
Daniyal,8093,1771513678268,-0.26201,5.32283,7.84218,0,0,0
Daniyal,8094,1771513678272,-0.26201,5.32283,7.84218,0,0,0
Daniyal,8095,1771513678277,-0.26201,5.32283,7.84218,0,0,0
Daniyal,8096,1771513678286,-0.26201,5.32283,7.84218,0,0,0
Daniyal,8097,1771513678295,-0.26201,5.32283,7.84218,0,0,0
Daniyal,8098,1771513678297,-0.26201,5.32283,7.84218,0,0,0
Daniyal,8099,1771513678301,-0.26201,5.32283,7.84218,0,0,0
Daniyal,8100,1771513678305,-0.26201,5.32283,7.84218,0,0,0
Daniyal,8101,1771513678309,-0.26201,5.32283,7.84218,0,0,0
Daniyal,8102,1771513678313,-0.26201,5.32283,7.84218,0,0,0
Daniyal,8103,1771513678321,-0.26201,5.32283,7.84218,0,0,0
Daniyal,8104,1771513678330,-0.26201,5.32283,7.84218,0,0,0
Daniyal,8105,1771513678334,-0.26201,5.32283,7.84218,0,0,0
Daniyal,8106,1771513678337,-0.26201,5.32283,7.84218,0,0,0
Daniyal,8107,1771513678341,-0.26201,5.32283,7.84218,0,0,0
Daniyal,8108,1771513678346,-0.26201,5.32283,7.84218,0,0,0
Daniyal,8109,1771513678349,-0.26201,5.32283,7.84218,0,0,0
Daniyal,8110,1771513678353,-0.26201,5.32283,7.84218,0,0,0
Daniyal,8111,1771513678359,-0.26201,5.32283,7.84218,0,0,0
Daniyal,8112,1771513678363,-0.26201,5.32283,7.84218,0,0,0
Daniyal,8113,1771513678366,-0.26201,5.32283,7.84218,0,0,0
Daniyal,8114,1771513678370,-0.26201,5.32283,7.84218,0,0,0
Daniyal,8115,1771513678373,-0.26201,5.32283,7.84218,0,0,0
Daniyal,8116,1771513678376,-0.26201,5.32283,7.84218,0,0,0
Daniyal,8117,1771513678381,-0.26201,5.32283,7.84218,0,0,0
Daniyal,8118,1771513678387,-0.26201,5.32283,7.84218,0,0,0
Daniyal,8119,1771513678391,-0.26201,5.32283,7.84218,0,0,0
Daniyal,8120,1771513678395,-0.26201,5.32283,7.84218,0,0,0
Daniyal,8121,1771513678398,-0.26201,5.32283,7.84218,0,0,0
Daniyal,8122,1771513678401,-0.26201,5.32283,7.84218,0,0,0
Daniyal,8123,1771513678405,-0.26201,5.32283,7.84218,0,0,0
Daniyal,8124,1771513678408,-0.26201,5.32283,7.84218,0,0,0
Daniyal,8125,1771513678411,-0.26201,5.32283,7.84218,0,0,0
Daniyal,8126,1771513678415,-0.26201,5.32283,7.84218,0,0,0
Daniyal,8127,1771513678422,-0.26201,5.32283,7.84218,0,0,0
Daniyal,8128,1771513678425,-0.26201,5.32283,7.84218,0,0,0
Daniyal,8129,1771513678429,-0.26201,5.32283,7.84218,0,0,0
Daniyal,8130,1771513678432,-0.26201,5.32283,7.84218,0,0,0
Daniyal,8131,1771513678435,-0.26201,5.32283,7.84218,0,0,0
Daniyal,8132,1771513678438,-0.26201,5.32283,7.84218,0,0,0
Daniyal,8133,1771513678441,-0.26201,5.32283,7.84218,0,0,0
Daniyal,8134,1771513678447,-0.26201,5.32283,7.84218,0,0,0
Daniyal,8135,1771513678454,-0.26201,5.32283,7.84218,0,0,0
Daniyal,8136,1771513678457,-0.26201,5.32283,7.84218,0,0,0
Daniyal,8137,1771513678461,-0.26201,5.32283,7.84218,0,0,0
Daniyal,8138,1771513678465,-0.26201,5.32283,7.84218,0,0,0
Daniyal,8139,1771513678469,-0.26201,5.32283,7.84218,0,0,0
Daniyal,8140,1771513678473,-0.26201,5.32283,7.84218,0,0,0
Daniyal,8141,1771513678480,-0.26201,5.32283,7.84218,0,0,0
Daniyal,8142,1771513678483,-0.26201,5.32283,7.84218,0,0,0
Daniyal,8143,1771513678488,-0.26201,5.32283,7.84218,0,0,0
Daniyal,8144,1771513678491,-0.26201,5.32283,7.84218,0,0,0
Daniyal,8145,1771513678495,-0.26201,5.32283,7.84218,0,0,0
Daniyal,8146,1771513678498,-0.26201,5.32283,7.84218,0,0,0
Daniyal,8147,1771513678503,-0.26201,5.32283,7.84218,0,0,0
Daniyal,8148,1771513678510,-0.26201,5.32283,7.84218,0,0,0
Daniyal,8149,1771513678514,-0.26201,5.32283,7.84218,0,0,0
Daniyal,8150,1771513678518,-0.26201,5.32283,7.84218,0,0,0
Daniyal,8151,1771513678523,-0.26201,5.32283,7.84218,0,0,0
Daniyal,8152,1771513678527,-0.26201,5.32283,7.84218,0,0,0
Daniyal,8153,1771513678531,-0.26201,5.32283,7.84218,0,0,0
Daniyal,8154,1771513678535,-0.26201,5.32283,7.84218,0,0,0
Daniyal,8155,1771513678539,-0.26201,5.32283,7.84218,0,0,0
Daniyal,8156,1771513678543,-0.26201,5.32283,7.84218,0,0,0
Daniyal,8157,1771513678554,-0.26201,5.32283,7.84218,0,0,0
Daniyal,8158,1771513678557,-0.26201,5.32283,7.84218,0,0,0
Daniyal,8159,1771513678560,-0.26201,5.32283,7.84218,0,0,0
Daniyal,8160,1771513678563,-0.26201,5.32283,7.84218,0,0,0
Daniyal,8161,1771513678567,-0.26201,5.32283,7.84218,0,0,0
Daniyal,8162,1771513678572,-0.26201,5.32283,7.84218,0,0,0
Daniyal,8163,1771513678577,-0.26201,5.32283,7.84218,0,0,0
Daniyal,8164,1771513678580,-0.26201,5.32283,7.84218,0,0,0
Daniyal,8165,1771513678584,-0.26201,5.32283,7.84218,0,0,0
Daniyal,8166,1771513678588,-0.26201,5.32283,7.84218,0,0,0
Daniyal,8167,1771513678593,-0.26201,5.32283,7.84218,0,0,0
Daniyal,8168,1771513678597,-0.26201,5.32283,7.84218,0,0,0
Daniyal,8169,1771513678604,-0.26201,5.32283,7.84218,0,0,0
Daniyal,8170,1771513678608,-0.26201,5.32283,7.84218,0,0,0
Daniyal,8171,1771513678611,-0.26201,5.32283,7.84218,0,0,0
Daniyal,8172,1771513678614,-0.26201,5.32283,7.84218,0,0,0
Daniyal,8173,1771513678618,-0.26201,5.32283,7.84218,0,0,0
Daniyal,8174,1771513678622,-0.26201,5.32283,7.84218,0,0,0
Daniyal,8175,1771513678629,-0.26201,5.32283,7.84218,0,0,0
Daniyal,8176,1771513678636,-0.26201,5.32283,7.84218,0,0,0
Daniyal,8177,1771513678639,-0.26201,5.32283,7.84218,0,0,0
Daniyal,8178,1771513678643,-0.26201,5.32283,7.84218,0,0,0
Daniyal,8179,1771513678647,-0.26201,5.32283,7.84218,0,0,0
Daniyal,8180,1771513678651,-0.26201,5.32283,7.84218,0,0,0
Daniyal,8181,1771513678656,-0.26201,5.32283,7.84218,0,0,0
Daniyal,8182,1771513678663,-0.26201,5.32283,7.84218,0,0,0
Daniyal,8183,1771513678667,-0.26201,5.32283,7.84218,0,0,0
Daniyal,8184,1771513678674,-0.26201,5.32283,7.84218,0,0,0
Daniyal,8185,1771513678677,-0.26201,5.32283,7.84218,0,0,0
Daniyal,8186,1771513678681,-0.26201,5.32283,7.84218,0,0,0
Daniyal,8187,1771513678684,-0.26201,5.32283,7.84218,0,0,0
Daniyal,8188,1771513678689,-0.26201,5.32283,7.84218,0,0,0
Daniyal,8189,1771513678692,-0.26201,5.32283,7.84218,0,0,0
Daniyal,8190,1771513678696,-0.26201,5.32283,7.84218,0,0,0
Daniyal,8191,1771513678701,-0.26201,5.32283,7.84218,0,0,0
Daniyal,8192,1771513678709,-0.26201,5.32283,7.84218,0,0,0
Daniyal,8193,1771513678712,-0.26201,5.32283,7.84218,0,0,0
Daniyal,8194,1771513678716,-0.26201,5.32283,7.84218,0,0,0
Daniyal,8195,1771513678720,-0.26201,5.32283,7.84218,0,0,0
Daniyal,8196,1771513678724,-0.26201,5.32283,7.84218,0,0,0
Daniyal,8197,1771513678728,-0.26201,5.32283,7.84218,0,0,0
Daniyal,8198,1771513678733,-0.26201,5.32283,7.84218,0,0,0
Daniyal,8199,1771513678737,-0.26201,5.32283,7.84218,0,0,0
Daniyal,8200,1771513678741,-0.26201,5.32283,7.84218,0,0,0
Daniyal,8201,1771513678748,-0.26201,5.32283,7.84218,0,0,0
Daniyal,8202,1771513678752,-0.26201,5.32283,7.84218,0,0,0
Daniyal,8203,1771513678756,-0.26201,5.32283,7.84218,0,0,0
Daniyal,8204,1771513678759,-0.26201,5.32283,7.84218,0,0,0
Daniyal,8205,1771513678763,-0.26201,5.32283,7.84218,0,0,0
Daniyal,8206,1771513678766,-0.26201,5.32283,7.84218,0,0,0
Daniyal,8207,1771513678771,-0.26201,5.32283,7.84218,0,0,0
Daniyal,8208,1771513678780,-0.26201,5.32283,7.84218,0,0,0
Daniyal,8209,1771513678782,-0.26201,5.32283,7.84218,0,0,0
Daniyal,8210,1771513678787,-0.26201,5.32283,7.84218,0,0,0
Daniyal,8211,1771513678791,-0.26201,5.32283,7.84218,0,0,0
Daniyal,8212,1771513678795,-0.26201,5.32283,7.84218,0,0,0
Daniyal,8213,1771513678799,-0.26201,5.32283,7.84218,0,0,0
Daniyal,8214,1771513678803,-0.26201,5.32283,7.84218,0,0,0
Daniyal,8215,1771513678806,-0.26201,5.32283,7.84218,0,0,0
Daniyal,8216,1771513678811,-0.26201,5.32283,7.84218,0,0,0
Daniyal,8217,1771513678817,-0.26201,5.32283,7.84218,0,0,0
Daniyal,8218,1771513678822,-0.26201,5.32283,7.84218,0,0,0
Daniyal,8219,1771513678825,-0.26201,5.32283,7.84218,0,0,0
Daniyal,8220,1771513678829,-0.26201,5.32283,7.84218,0,0,0
Daniyal,8221,1771513678833,-0.26201,5.32283,7.84218,0,0,0
Daniyal,8222,1771513678837,-0.26201,5.32283,7.84218,0,0,0
Daniyal,8223,1771513678839,-0.26201,5.32283,7.84218,0,0,0
Daniyal,8224,1771513678843,-0.26201,5.32283,7.84218,0,0,0
Daniyal,8225,1771513678849,-0.26201,5.32283,7.84218,0,0,0
Daniyal,8226,1771513678853,-0.26201,5.32283,7.84218,0,0,0
Daniyal,8227,1771513678856,-0.26201,5.32283,7.84218,0,0,0
Daniyal,8228,1771513678860,-0.26201,5.32283,7.84218,0,0,0
Daniyal,8229,1771513678863,-0.26201,5.32283,7.84218,0,0,0
Daniyal,8230,1771513678867,-0.26201,5.32283,7.84218,0,0,0
Daniyal,8231,1771513678871,-0.26201,5.32283,7.84218,0,0,0
Daniyal,8232,1771513678875,-0.26201,5.32283,7.84218,0,0,0
Daniyal,8233,1771513678882,-0.26201,5.32283,7.84218,0,0,0
Daniyal,8234,1771513678886,-0.26201,5.32283,7.84218,0,0,0
Daniyal,8235,1771513678890,-0.26201,5.32283,7.84218,0,0,0
Daniyal,8236,1771513678894,-0.26201,5.32283,7.84218,0,0,0
Daniyal,8237,1771513678896,-0.26201,5.32283,7.84218,0,0,0
Daniyal,8238,1771513678899,-0.26201,5.32283,7.84218,0,0,0
Daniyal,8239,1771513678903,-0.26201,5.32283,7.84218,0,0,0
Daniyal,8240,1771513678906,-0.26201,5.32283,7.84218,0,0,0
Daniyal,8241,1771513678912,-0.26201,5.32283,7.84218,0,0,0
Daniyal,8242,1771513678915,-0.26201,5.32283,7.84218,0,0,0
Daniyal,8243,1771513678919,-0.26201,5.32283,7.84218,0,0,0
Daniyal,8244,1771513678923,-0.26201,5.32283,7.84218,0,0,0
Daniyal,8245,1771513678927,-0.26201,5.32283,7.84218,0,0,0
Daniyal,8246,1771513678930,-0.26201,5.32283,7.84218,0,0,0
Daniyal,8247,1771513678938,-0.26201,5.32283,7.84218,0,0,0
Daniyal,8248,1771513678942,-0.26201,5.32283,7.84218,0,0,0
Daniyal,8249,1771513678945,-0.26201,5.32283,7.84218,0,0,0
Daniyal,8250,1771513678949,-0.26201,5.32283,7.84218,0,0,0
Daniyal,8251,1771513678953,-0.26201,5.32283,7.84218,0,0,0
Daniyal,8252,1771513678957,-0.26201,5.32283,7.84218,0,0,0
Daniyal,8253,1771513678962,-0.26201,5.32283,7.84218,0,0,0
Daniyal,8254,1771513678969,-0.26201,5.32283,7.84218,0,0,0
Daniyal,8255,1771513678972,-0.26201,5.32283,7.84218,0,0,0
Daniyal,8256,1771513678976,-0.26201,5.32283,7.84218,0,0,0
Daniyal,8257,1771513678980,-0.26201,5.32283,7.84218,0,0,0
Daniyal,8258,1771513678984,-0.26201,5.32283,7.84218,0,0,0
Daniyal,8259,1771513678988,-0.26201,5.32283,7.84218,0,0,0
Daniyal,8260,1771513678992,-0.26201,5.32283,7.84218,0,0,0
Daniyal,8261,1771513678996,-0.26201,5.32283,7.84218,0,0,0
Daniyal,8262,1771513679001,-0.26201,5.32283,7.84218,0,0,0
Daniyal,8263,1771513679009,-0.26201,5.32283,7.84218,0,0,0
Daniyal,8264,1771513679013,-0.26201,5.32283,7.84218,0,0,0
Daniyal,8265,1771513679016,-0.26201,5.32283,7.84218,0,0,0
Daniyal,8266,1771513679019,-0.26201,5.32283,7.84218,0,0,0
Daniyal,8267,1771513679023,-0.26201,5.32283,7.84218,0,0,0
Daniyal,8268,1771513679026,-0.26201,5.32283,7.84218,0,0,0
Daniyal,8269,1771513679031,-0.26201,5.32283,7.84218,0,0,0
Daniyal,8270,1771513679038,-0.26201,5.32283,7.84218,0,0,0
Daniyal,8271,1771513679042,-0.26201,5.32283,7.84218,0,0,0
Daniyal,8272,1771513679045,-0.26201,5.32283,7.84218,0,0,0
Daniyal,8273,1771513679049,-0.26201,5.32283,7.84218,0,0,0
Daniyal,8274,1771513679053,-0.26201,5.32283,7.84218,0,0,0
Daniyal,8275,1771513679057,-0.26201,5.32283,7.84218,0,0,0
Daniyal,8276,1771513679062,-0.26201,5.32283,7.84218,0,0,0
Daniyal,8277,1771513679066,-0.26201,5.32283,7.84218,0,0,0
Daniyal,8278,1771513679070,-0.26201,5.32283,7.84218,0,0,0
Daniyal,8279,1771513679077,-0.26201,5.32283,7.84218,0,0,0
Daniyal,8280,1771513679081,-0.26201,5.32283,7.84218,0,0,0
Daniyal,8281,1771513679084,-0.26201,5.32283,7.84218,0,0,0
Daniyal,8282,1771513679088,-0.26201,5.32283,7.84218,0,0,0
Daniyal,8283,1771513679092,-0.26201,5.32283,7.84218,0,0,0
Daniyal,8284,1771513679095,-0.26201,5.32283,7.84218,0,0,0
Daniyal,8285,1771513679100,-0.26201,5.32283,7.84218,0,0,0
Daniyal,8286,1771513679107,-0.26201,5.32283,7.84218,0,0,0
Daniyal,8287,1771513679111,-0.26201,5.32283,7.84218,0,0,0
Daniyal,8288,1771513679115,-0.26201,5.32283,7.84218,0,0,0
Daniyal,8289,1771513679118,-0.26201,5.32283,7.84218,0,0,0
Daniyal,8290,1771513679121,-0.26201,5.32283,7.84218,0,0,0
Daniyal,8291,1771513679125,-0.26201,5.32283,7.84218,0,0,0
Daniyal,8292,1771513679129,-0.26201,5.32283,7.84218,0,0,0
Daniyal,8293,1771513679138,-0.26201,5.32283,7.84218,0,0,0
Daniyal,8294,1771513679141,-0.26201,5.32283,7.84218,0,0,0
Daniyal,8295,1771513679145,-0.26201,5.32283,7.84218,0,0,0
Daniyal,8296,1771513679148,-0.26201,5.32283,7.84218,0,0,0
Daniyal,8297,1771513679152,-0.26201,5.32283,7.84218,0,0,0
Daniyal,8298,1771513679156,-0.26201,5.32283,7.84218,0,0,0
Daniyal,8299,1771513679160,-0.26201,5.32283,7.84218,0,0,0
Daniyal,8300,1771513679164,-0.26201,5.32283,7.84218,0,0,0
Daniyal,8301,1771513679169,-0.26201,5.32283,7.84218,0,0,0
Daniyal,8302,1771513679177,-0.26201,5.32283,7.84218,0,0,0
Daniyal,8303,1771513679181,-0.26201,5.32283,7.84218,0,0,0
Daniyal,8304,1771513679185,-0.26201,5.32283,7.84218,0,0,0
Daniyal,8305,1771513679188,-0.26201,5.32283,7.84218,0,0,0
Daniyal,8306,1771513679192,-0.26201,5.32283,7.84218,0,0,0
Daniyal,8307,1771513679197,-0.26201,5.32283,7.84218,0,0,0
Daniyal,8308,1771513679201,-0.26201,5.32283,7.84218,0,0,0
Daniyal,8309,1771513679208,-0.26201,5.32283,7.84218,0,0,0
Daniyal,8310,1771513679212,-0.26201,5.32283,7.84218,0,0,0
Daniyal,8311,1771513679216,-0.26201,5.32283,7.84218,0,0,0
Daniyal,8312,1771513679219,-0.26201,5.32283,7.84218,0,0,0
Daniyal,8313,1771513679224,-0.26201,5.32283,7.84218,0,0,0
Daniyal,8314,1771513679228,-0.26201,5.32283,7.84218,0,0,0
Daniyal,8315,1771513679232,-0.26201,5.32283,7.84218,0,0,0
Daniyal,8316,1771513679239,-0.26201,5.32283,7.84218,0,0,0
Daniyal,8317,1771513679246,-0.26201,5.32283,7.84218,0,0,0
Daniyal,8318,1771513679250,-0.26201,5.32283,7.84218,0,0,0
Daniyal,8319,1771513679254,-0.26201,5.32283,7.84218,0,0,0
Daniyal,8320,1771513679257,-0.26201,5.32283,7.84218,0,0,0
Daniyal,8321,1771513679261,-0.26201,5.32283,7.84218,0,0,0
Daniyal,8322,1771513679265,-0.26201,5.32283,7.84218,0,0,0
Daniyal,8323,1771513679269,-0.26201,5.32283,7.84218,0,0,0
Daniyal,8324,1771513679272,-0.26201,5.32283,7.84218,0,0,0
Daniyal,8325,1771513679276,-0.26201,5.32283,7.84218,0,0,0
Daniyal,8326,1771513679283,-0.26201,5.32283,7.84218,0,0,0
Daniyal,8327,1771513679287,-0.26201,5.32283,7.84218,0,0,0
Daniyal,8328,1771513679291,-0.26201,5.32283,7.84218,0,0,0
Daniyal,8329,1771513679294,-0.26201,5.32283,7.84218,0,0,0
Daniyal,8330,1771513679297,-0.26201,5.32283,7.84218,0,0,0
Daniyal,8331,1771513679301,-0.26201,5.32283,7.84218,0,0,0
Daniyal,8332,1771513679306,-0.26201,5.32283,7.84218,0,0,0
Daniyal,8333,1771513679312,-0.26201,5.32283,7.84218,0,0,0
Daniyal,8334,1771513679315,-0.26201,5.32283,7.84218,0,0,0
Daniyal,8335,1771513679319,-0.26201,5.32283,7.84218,0,0,0
Daniyal,8336,1771513679322,-0.26201,5.32283,7.84218,0,0,0
Daniyal,8337,1771513679326,-0.26201,5.32283,7.84218,0,0,0
Daniyal,8338,1771513679330,-0.26201,5.32283,7.84218,0,0,0
Daniyal,8339,1771513679334,-0.26201,5.32283,7.84218,0,0,0
Daniyal,8340,1771513679338,-0.26201,5.32283,7.84218,0,0,0
Daniyal,8341,1771513679342,-0.26201,5.32283,7.84218,0,0,0
Daniyal,8342,1771513679349,-0.26201,5.32283,7.84218,0,0,0
Daniyal,8343,1771513679353,-0.26201,5.32283,7.84218,0,0,0
Daniyal,8344,1771513679356,-0.26201,5.32283,7.84218,0,0,0
Daniyal,8345,1771513679359,-0.26201,5.32283,7.84218,0,0,0
Daniyal,8346,1771513679363,-0.26201,5.32283,7.84218,0,0,0
Daniyal,8347,1771513679366,-0.26201,5.32283,7.84218,0,0,0
Daniyal,8348,1771513679371,-0.26201,5.32283,7.84218,0,0,0
Daniyal,8349,1771513679375,-0.26201,5.32283,7.84218,0,0,0
Daniyal,8350,1771513679383,-0.26201,5.32283,7.84218,0,0,0
Daniyal,8351,1771513679387,-0.26201,5.32283,7.84218,0,0,0
Daniyal,8352,1771513679391,-0.26201,5.32283,7.84218,0,0,0
Daniyal,8353,1771513679395,-0.26201,5.32283,7.84218,0,0,0
Daniyal,8354,1771513679399,-0.26201,5.32283,7.84218,0,0,0
Daniyal,8355,1771513679403,-0.26201,5.32283,7.84218,0,0,0
Daniyal,8356,1771513679408,-0.26201,5.32283,7.84218,0,0,0
Daniyal,8357,1771513679412,-0.26201,5.32283,7.84218,0,0,0
Daniyal,8358,1771513679418,-0.26201,5.32283,7.84218,0,0,0
Daniyal,8359,1771513679421,-0.26201,5.32283,7.84218,0,0,0
Daniyal,8360,1771513679425,-0.26201,5.32283,7.84218,0,0,0
Daniyal,8361,1771513679428,-0.26201,5.32283,7.84218,0,0,0
Daniyal,8362,1771513679432,-0.26201,5.32283,7.84218,0,0,0
Daniyal,8363,1771513679435,-0.26201,5.32283,7.84218,0,0,0
Daniyal,8364,1771513679439,-0.26201,5.32283,7.84218,0,0,0
Daniyal,8365,1771513679445,-0.26201,5.32283,7.84218,0,0,0
Daniyal,8366,1771513679453,-0.26201,5.32283,7.84218,0,0,0
Daniyal,8367,1771513679457,-0.26201,5.32283,7.84218,0,0,0
Daniyal,8368,1771513679461,-0.26201,5.32283,7.84218,0,0,0
Daniyal,8369,1771513679465,-0.26201,5.32283,7.84218,0,0,0
Daniyal,8370,1771513679469,-0.26201,5.32283,7.84218,0,0,0
Daniyal,8371,1771513679473,-0.26201,5.32283,7.84218,0,0,0
Daniyal,8372,1771513679477,-0.26201,5.32283,7.84218,0,0,0
Daniyal,8373,1771513679482,-0.26201,5.32283,7.84218,0,0,0
Daniyal,8374,1771513679486,-0.26201,5.32283,7.84218,0,0,0
Daniyal,8375,1771513679489,-0.26201,5.32283,7.84218,0,0,0
Daniyal,8376,1771513679496,-0.26201,5.32283,7.84218,0,0,0
Daniyal,8377,1771513679500,-0.26201,5.32283,7.84218,0,0,0
Daniyal,8378,1771513679503,-0.26201,5.32283,7.84218,0,0,0
Daniyal,8379,1771513679507,-0.26201,5.32283,7.84218,0,0,0
Daniyal,8380,1771513679511,-0.26201,5.32283,7.84218,0,0,0
Daniyal,8381,1771513679514,-0.26201,5.32283,7.84218,0,0,0
Daniyal,8382,1771513679518,-0.26201,5.32283,7.84218,0,0,0
Daniyal,8383,1771513679522,-0.26201,5.32283,7.84218,0,0,0
Daniyal,8384,1771513679526,-0.26201,5.32283,7.84218,0,0,0
Daniyal,8385,1771513679534,-0.26201,5.32283,7.84218,0,0,0
Daniyal,8386,1771513679537,-0.26201,5.32283,7.84218,0,0,0
Daniyal,8387,1771513679541,-0.26201,5.32283,7.84218,0,0,0
Daniyal,8388,1771513679544,-0.26201,5.32283,7.84218,0,0,0
Daniyal,8389,1771513679548,-0.26201,5.32283,7.84218,0,0,0
Daniyal,8390,1771513679551,-0.26201,5.32283,7.84218,0,0,0
Daniyal,8391,1771513679556,-0.26201,5.32283,7.84218,0,0,0
Daniyal,8392,1771513679560,-0.26201,5.32283,7.84218,0,0,0
Daniyal,8393,1771513679564,-0.26201,5.32283,7.84218,0,0,0
Daniyal,8394,1771513679568,-0.26201,5.32283,7.84218,0,0,0
Daniyal,8395,1771513679573,-0.26201,5.32283,7.84218,0,0,0
Daniyal,8396,1771513679581,-0.26201,5.32283,7.84218,0,0,0
Daniyal,8397,1771513679584,-0.26201,5.32283,7.84218,0,0,0
Daniyal,8398,1771513679588,-0.26201,5.32283,7.84218,0,0,0
Daniyal,8399,1771513679592,-0.26201,5.32283,7.84218,0,0,0
Daniyal,8400,1771513679594,-0.26201,5.32283,7.84218,0,0,0
Daniyal,8401,1771513679598,-0.26201,5.32283,7.84218,0,0,0
Daniyal,8402,1771513679602,-0.26201,5.32283,7.84218,0,0,0
Daniyal,8403,1771513679610,-0.26201,5.32283,7.84218,0,0,0
Daniyal,8404,1771513679614,-0.26201,5.32283,7.84218,0,0,0
Daniyal,8405,1771513679618,-0.26201,5.32283,7.84218,0,0,0
Daniyal,8406,1771513679621,-0.26201,5.32283,7.84218,0,0,0
Daniyal,8407,1771513679625,-0.26201,5.32283,7.84218,0,0,0
Daniyal,8408,1771513679629,-0.26201,5.32283,7.84218,0,0,0
Daniyal,8409,1771513679633,-0.26201,5.32283,7.84218,0,0,0
Daniyal,8410,1771513679641,-0.26201,5.32283,7.84218,0,0,0
Daniyal,8411,1771513679644,-0.26201,5.32283,7.84218,0,0,0
Daniyal,8412,1771513679647,-0.26201,5.32283,7.84218,0,0,0
Daniyal,8413,1771513679651,-0.26201,5.32283,7.84218,0,0,0
Daniyal,8414,1771513679655,-0.26201,5.32283,7.84218,0,0,0
Daniyal,8415,1771513679658,-0.26201,5.32283,7.84218,0,0,0
Daniyal,8416,1771513679664,-0.26201,5.32283,7.84218,0,0,0
Daniyal,8417,1771513679672,-0.26201,5.32283,7.84218,0,0,0
Daniyal,8418,1771513679676,-0.26201,5.32283,7.84218,0,0,0
Daniyal,8419,1771513679679,-0.26201,5.32283,7.84218,0,0,0
Daniyal,8420,1771513679683,-0.26201,5.32283,7.84218,0,0,0
Daniyal,8421,1771513679686,-0.26201,5.32283,7.84218,0,0,0
Daniyal,8422,1771513679690,-0.26201,5.32283,7.84218,0,0,0
Daniyal,8423,1771513679692,-0.26201,5.32283,7.84218,0,0,0
Daniyal,8424,1771513679696,-0.26201,5.32283,7.84218,0,0,0
Daniyal,8425,1771513679704,-0.26201,5.32283,7.84218,0,0,0
Daniyal,8426,1771513679708,-0.26201,5.32283,7.84218,0,0,0
Daniyal,8427,1771513679711,-0.26201,5.32283,7.84218,0,0,0
Daniyal,8428,1771513679715,-0.26201,5.32283,7.84218,0,0,0
Daniyal,8429,1771513679719,-0.26201,5.32283,7.84218,0,0,0
Daniyal,8430,1771513679723,-0.26201,5.32283,7.84218,0,0,0
Daniyal,8431,1771513679729,-0.26201,5.32283,7.84218,0,0,0
Daniyal,8432,1771513679736,-0.26201,5.32283,7.84218,0,0,0
Daniyal,8433,1771513679739,-0.26201,5.32283,7.84218,0,0,0
Daniyal,8434,1771513679743,-0.26201,5.32283,7.84218,0,0,0
Daniyal,8435,1771513679745,-0.26201,5.32283,7.84218,0,0,0
Daniyal,8436,1771513679749,-0.26201,5.32283,7.84218,0,0,0
Daniyal,8437,1771513679756,-0.26201,5.32283,7.84218,0,0,0
Daniyal,8438,1771513679763,-0.26201,5.32283,7.84218,0,0,0
Daniyal,8439,1771513679769,-0.26201,5.32283,7.84218,0,0,0
Daniyal,8440,1771513679773,-0.26201,5.32283,7.84218,0,0,0
Daniyal,8441,1771513679777,-0.26201,5.32283,7.84218,0,0,0
Daniyal,8442,1771513679781,-0.26201,5.32283,7.84218,0,0,0
Daniyal,8443,1771513679784,-0.26201,5.32283,7.84218,0,0,0
Daniyal,8444,1771513679788,-0.26201,5.32283,7.84218,0,0,0
Daniyal,8445,1771513679792,-0.26201,5.32283,7.84218,0,0,0
Daniyal,8446,1771513679799,-0.26201,5.32283,7.84218,0,0,0
Daniyal,8447,1771513679802,-0.26201,5.32283,7.84218,0,0,0
Daniyal,8448,1771513679805,-0.26201,5.32283,7.84218,0,0,0
Daniyal,8449,1771513679809,-0.26201,5.32283,7.84218,0,0,0
Daniyal,8450,1771513679812,-0.26201,5.32283,7.84218,0,0,0
Daniyal,8451,1771513679816,-0.26201,5.32283,7.84218,0,0,0
Daniyal,8452,1771513679820,-0.26201,5.32283,7.84218,0,0,0
Daniyal,8453,1771513679825,-0.26201,5.32283,7.84218,0,0,0
Daniyal,8454,1771513679829,-0.26201,5.32283,7.84218,0,0,0
Daniyal,8455,1771513679838,-0.26201,5.32283,7.84218,0,0,0
Daniyal,8456,1771513679841,-0.26201,5.32283,7.84218,0,0,0
Daniyal,8457,1771513679845,-0.26201,5.32283,7.84218,0,0,0
Daniyal,8458,1771513679847,-0.26201,5.32283,7.84218,0,0,0
Daniyal,8459,1771513679851,-0.26201,5.32283,7.84218,0,0,0
Daniyal,8460,1771513679854,-0.26201,5.32283,7.84218,0,0,0
Daniyal,8461,1771513679857,-0.26201,5.32283,7.84218,0,0,0
Daniyal,8462,1771513679862,-0.26201,5.32283,7.84218,0,0,0
Daniyal,8463,1771513679870,-0.26201,5.32283,7.84218,0,0,0
Daniyal,8464,1771513679873,-0.26201,5.32283,7.84218,0,0,0
Daniyal,8465,1771513679877,-0.26201,5.32283,7.84218,0,0,0
Daniyal,8466,1771513679881,-0.26201,5.32283,7.84218,0,0,0
Daniyal,8467,1771513679885,-0.26201,5.32283,7.84218,0,0,0
Daniyal,8468,1771513679890,-0.26201,5.32283,7.84218,0,0,0
Daniyal,8469,1771513679895,-0.26201,5.32283,7.84218,0,0,0
Daniyal,8470,1771513679899,-0.26201,5.32283,7.84218,0,0,0
Daniyal,8471,1771513679906,-0.26201,5.32283,7.84218,0,0,0
Daniyal,8472,1771513679910,-0.26201,5.32283,7.84218,0,0,0
Daniyal,8473,1771513679913,-0.26201,5.32283,7.84218,0,0,0
Daniyal,8474,1771513679917,-0.26201,5.32283,7.84218,0,0,0
Daniyal,8475,1771513679920,-0.26201,5.32283,7.84218,0,0,0
Daniyal,8476,1771513679924,-0.26201,5.32283,7.84218,0,0,0
Daniyal,8477,1771513679928,-0.26201,5.32283,7.84218,0,0,0
Daniyal,8478,1771513679932,-0.26201,5.32283,7.84218,0,0,0
Daniyal,8479,1771513679936,-0.26201,5.32283,7.84218,0,0,0
Daniyal,8480,1771513679943,-0.26201,5.32283,7.84218,0,0,0
Daniyal,8481,1771513679947,-0.26201,5.32283,7.84218,0,0,0
Daniyal,8482,1771513679951,-0.26201,5.32283,7.84218,0,0,0
Daniyal,8483,1771513679955,-0.26201,5.32283,7.84218,0,0,0
Daniyal,8484,1771513679958,-0.26201,5.32283,7.84218,0,0,0
Daniyal,8485,1771513679962,-0.26201,5.32283,7.84218,0,0,0
Daniyal,8486,1771513679967,-0.26201,5.32283,7.84218,0,0,0
Daniyal,8487,1771513679971,-0.26201,5.32283,7.84218,0,0,0
Daniyal,8488,1771513679978,-0.26201,5.32283,7.84218,0,0,0
Daniyal,8489,1771513679982,-0.26201,5.32283,7.84218,0,0,0
Daniyal,8490,1771513679985,-0.26201,5.32283,7.84218,0,0,0
Daniyal,8491,1771513679989,-0.26201,5.32283,7.84218,0,0,0
Daniyal,8492,1771513679992,-0.26201,5.32283,7.84218,0,0,0
Daniyal,8493,1771513679997,-0.26201,5.32283,7.84218,0,0,0
Daniyal,8494,1771513680001,-0.26201,5.32283,7.84218,0,0,0
Daniyal,8495,1771513680006,-0.26201,5.32283,7.84218,0,0,0
Daniyal,8496,1771513680014,-0.26201,5.32283,7.84218,0,0,0
Daniyal,8497,1771513680017,-0.26201,5.32283,7.84218,0,0,0
Daniyal,8498,1771513680021,-0.26201,5.32283,7.84218,0,0,0
Daniyal,8499,1771513680025,-0.26201,5.32283,7.84218,0,0,0
Daniyal,8500,1771513680030,-0.26201,5.32283,7.84218,0,0,0
Daniyal,8501,1771513680034,-0.26201,5.32283,7.84218,0,0,0
Daniyal,8502,1771513680039,-0.26201,5.32283,7.84218,0,0,0
Daniyal,8503,1771513680043,-0.26201,5.32283,7.84218,0,0,0
Daniyal,8504,1771513680047,-0.26201,5.32283,7.84218,0,0,0
Daniyal,8505,1771513680057,-0.26201,5.32283,7.84218,0,0,0
Daniyal,8506,1771513680062,-0.26201,5.32283,7.84218,0,0,0
Daniyal,8507,1771513680066,-0.26201,5.32283,7.84218,0,0,0
Daniyal,8508,1771513680069,-0.26201,5.32283,7.84218,0,0,0
Daniyal,8509,1771513680073,-0.26201,5.32283,7.84218,0,0,0
Daniyal,8510,1771513680076,-0.26201,5.32283,7.84218,0,0,0
Daniyal,8511,1771513680082,-0.26201,5.32283,7.84218,0,0,0
Daniyal,8512,1771513680090,-0.26201,5.32283,7.84218,0,0,0
Daniyal,8513,1771513680095,-0.26201,5.32283,7.84218,0,0,0
Daniyal,8514,1771513680101,-0.26201,5.32283,7.84218,0,0,0
Daniyal,8515,1771513680105,-0.26201,5.32283,7.84218,0,0,0
Daniyal,8516,1771513680110,-0.26201,5.32283,7.84218,0,0,0
Daniyal,8517,1771513680115,-0.26201,5.32283,7.84218,0,0,0
Daniyal,8518,1771513680124,-0.26201,5.32283,7.84218,0,0,0
Daniyal,8519,1771513680128,-0.26201,5.32283,7.84218,0,0,0
Daniyal,8520,1771513680132,-0.26201,5.32283,7.84218,0,0,0
Daniyal,8521,1771513680136,-0.26201,5.32283,7.84218,0,0,0
Daniyal,8522,1771513680140,-0.26201,5.32283,7.84218,0,0,0
Daniyal,8523,1771513680144,-0.26201,5.32283,7.84218,0,0,0
Daniyal,8524,1771513680148,-0.26201,5.32283,7.84218,0,0,0
Daniyal,8525,1771513680153,-0.26201,5.32283,7.84218,0,0,0
Daniyal,8526,1771513680157,-0.26201,5.32283,7.84218,0,0,0
Daniyal,8527,1771513686573,-0.26201,5.32283,7.84218,0,0,0
Daniyal,8528,1771513686578,-0.26201,5.32283,7.84218,0,0,0
Daniyal,8529,1771513686582,-0.26201,5.32283,7.84218,0,0,0
Daniyal,8530,1771513686586,-0.26201,5.32283,7.84218,0,0,0
Daniyal,8531,1771513686590,-0.26201,5.32283,7.84218,0,0,0
Daniyal,8532,1771513686594,-0.26201,5.32283,7.84218,0,0,0
Daniyal,8533,1771513686598,-0.26201,5.32283,7.84218,0,0,0
Daniyal,8534,1771513686601,-0.26201,5.32283,7.84218,0,0,0
Daniyal,8535,1771513686607,-0.26201,5.32283,7.84218,0,0,0
Daniyal,8536,1771513686610,-0.26201,5.32283,7.84218,0,0,0
Daniyal,8537,1771513686617,-0.26201,5.32283,7.84218,0,0,0
Daniyal,8538,1771513686620,-0.26201,5.32283,7.84218,0,0,0
Daniyal,8539,1771513686624,-0.26201,5.32283,7.84218,0,0,0
Daniyal,8540,1771513686628,-0.26201,5.32283,7.84218,0,0,0
Daniyal,8541,1771513686632,-0.26201,5.32283,7.84218,0,0,0
Daniyal,8542,1771513686639,-0.26201,5.32283,7.84218,0,0,0
Daniyal,8543,1771513686649,-0.26201,5.32283,7.84218,0,0,0
Daniyal,8544,1771513686655,-0.26201,5.32283,7.84218,0,0,0
Daniyal,8545,1771513686661,-0.26201,5.32283,7.84218,0,0,0
Daniyal,8546,1771513686666,-0.26201,5.32283,7.84218,0,0,0
Daniyal,8547,1771513686672,-0.26201,5.32283,7.84218,0,0,0
Daniyal,8548,1771513686677,-0.26201,5.32283,7.84218,0,0,0
Daniyal,8549,1771513686684,-0.26201,5.32283,7.84218,0,0,0
Daniyal,8550,1771513686689,-0.26201,5.32283,7.84218,0,0,0
Daniyal,8551,1771513686695,-0.26201,5.32283,7.84218,0,0,0
Daniyal,8552,1771513686704,-0.26201,5.32283,7.84218,0,0,0
Daniyal,8553,1771513686709,-0.26201,5.32283,7.84218,0,0,0
Daniyal,8554,1771513686713,-0.26201,5.32283,7.84218,0,0,0
Daniyal,8555,1771513686717,-0.26201,5.32283,7.84218,0,0,0
Daniyal,8556,1771513686721,-0.26201,5.32283,7.84218,0,0,0
Daniyal,8557,1771513686726,-0.26201,5.32283,7.84218,0,0,0
Daniyal,8558,1771513686730,-0.26201,5.32283,7.84218,0,0,0
Daniyal,8559,1771513686737,-0.26201,5.32283,7.84218,0,0,0
Daniyal,8560,1771513686743,-0.26201,5.32283,7.84218,0,0,0
Daniyal,8561,1771513686753,-0.26201,5.32283,7.84218,0,0,0
Daniyal,8562,1771513686759,-0.26201,5.32283,7.84218,0,0,0
Daniyal,8563,1771513686765,-0.26201,5.32283,7.84218,0,0,0
Daniyal,8564,1771513686770,-0.26201,5.32283,7.84218,0,0,0
Daniyal,8565,1771513686776,-0.26201,5.32283,7.84218,0,0,0
Daniyal,8566,1771513686780,-0.26201,5.32283,7.84218,0,0,0
Daniyal,8567,1771513686785,-0.26201,5.32283,7.84218,0,0,0
Daniyal,8568,1771513686792,-0.26201,5.32283,7.84218,0,0,0
Daniyal,8569,1771513686794,-0.26201,5.32283,7.84218,0,0,0
Daniyal,8570,1771513686800,-0.26201,5.32283,7.84218,0,0,0
Daniyal,8571,1771513686808,-0.26201,5.32283,7.84218,0,0,0
Daniyal,8572,1771513686818,-0.26201,5.32283,7.84218,0,0,0
Daniyal,8573,1771513686821,-0.26201,5.32283,7.84218,0,0,0
Daniyal,8574,1771513686824,-0.26201,5.32283,7.84218,0,0,0
Daniyal,8575,1771513686828,-0.26201,5.32283,7.84218,0,0,0
Daniyal,8576,1771513686832,-0.26201,5.32283,7.84218,0,0,0
Daniyal,8577,1771513686836,-0.26201,5.32283,7.84218,0,0,0
Daniyal,8578,1771513686843,-0.26201,5.32283,7.84218,0,0,0
Daniyal,8579,1771513686847,-0.26201,5.32283,7.84218,0,0,0
Daniyal,8580,1771513686849,-0.26201,5.32283,7.84218,0,0,0
Daniyal,8581,1771513686853,-0.26201,5.32283,7.84218,0,0,0
Daniyal,8582,1771513686856,-0.26201,5.32283,7.84218,0,0,0
Daniyal,8583,1771513686860,-0.26201,5.32283,7.84218,0,0,0
Daniyal,8584,1771513686864,-0.26201,5.32283,7.84218,0,0,0
Daniyal,8585,1771513686870,-0.26201,5.32283,7.84218,0,0,0
Daniyal,8586,1771513686873,-0.26201,5.32283,7.84218,0,0,0
Daniyal,8587,1771513686881,-0.26201,5.32283,7.84218,0,0,0
Daniyal,8588,1771513686884,-0.26201,5.32283,7.84218,0,0,0
Daniyal,8589,1771513686888,-0.26201,5.32283,7.84218,0,0,0
Daniyal,8590,1771513686891,-0.26201,5.32283,7.84218,0,0,0
Daniyal,8591,1771513686895,-0.26201,5.32283,7.84218,0,0,0
Daniyal,8592,1771513686898,-0.26201,5.32283,7.84218,0,0,0
Daniyal,8593,1771513686902,-0.26201,5.32283,7.84218,0,0,0
Daniyal,8594,1771513686908,-0.26201,5.32283,7.84218,0,0,0
Daniyal,8595,1771513686919,-0.26201,5.32283,7.84218,0,0,0
Daniyal,8596,1771513686924,-0.26201,5.32283,7.84218,0,0,0
Daniyal,8597,1771513686929,-0.26201,5.32283,7.84218,0,0,0
Daniyal,8598,1771513686933,-0.26201,5.32283,7.84218,0,0,0
Daniyal,8599,1771513686938,-0.26201,5.32283,7.84218,0,0,0
Daniyal,8600,1771513686944,-0.26201,5.32283,7.84218,0,0,0
Daniyal,8601,1771513686949,-0.26201,5.32283,7.84218,0,0,0
Daniyal,8602,1771513686956,-0.26201,5.32283,7.84218,0,0,0
Daniyal,8603,1771513686969,-0.26201,5.32283,7.84218,0,0,0
Daniyal,8604,1771513686973,-0.26201,5.32283,7.84218,0,0,0
Daniyal,8605,1771513686977,-0.26201,5.32283,7.84218,0,0,0
Daniyal,8606,1771513686981,-0.26201,5.32283,7.84218,0,0,0
Daniyal,8607,1771513686985,-0.26201,5.32283,7.84218,0,0,0
Daniyal,8608,1771513686988,-0.26201,5.32283,7.84218,0,0,0
Daniyal,8609,1771513686994,-0.26201,5.32283,7.84218,0,0,0
Daniyal,8610,1771513687001,-0.26201,5.32283,7.84218,0,0,0
Daniyal,8611,1771513687012,-0.26201,5.32283,7.84218,0,0,0
Daniyal,8612,1771513687016,-0.26201,5.32283,7.84218,0,0,0
Daniyal,8613,1771513687022,-0.26201,5.32283,7.84218,0,0,0
Daniyal,8614,1771513687028,-0.26201,5.32283,7.84218,0,0,0
Daniyal,8615,1771513687032,-0.26201,5.32283,7.84218,0,0,0
Daniyal,8616,1771513687036,-0.26201,5.32283,7.84218,0,0,0
Daniyal,8617,1771513687040,-0.26201,5.32283,7.84218,0,0,0
Daniyal,8618,1771513687046,-0.26201,5.32283,7.84218,0,0,0
Daniyal,8619,1771513687053,-0.26201,5.32283,7.84218,0,0,0
Daniyal,8620,1771513687062,-0.26201,5.32283,7.84218,0,0,0
Daniyal,8621,1771513687068,-0.26201,5.32283,7.84218,0,0,0
Daniyal,8622,1771513687072,-0.26201,5.32283,7.84218,0,0,0
Daniyal,8623,1771513687077,-0.26201,5.32283,7.84218,0,0,0
Daniyal,8624,1771513687082,-0.26201,5.32283,7.84218,0,0,0
Daniyal,8625,1771513687094,-0.26201,5.32283,7.84218,0,0,0
Daniyal,8626,1771513687101,-0.26201,5.32283,7.84218,0,0,0
Daniyal,8627,1771513687110,-0.26201,5.32283,7.84218,0,0,0
Daniyal,8628,1771513687116,-0.26201,5.32283,7.84218,0,0,0
Daniyal,8629,1771513687122,-0.26201,5.32283,7.84218,0,0,0
Daniyal,8630,1771513687127,-0.26201,5.32283,7.84218,0,0,0
Daniyal,8631,1771513687134,-0.26201,5.32283,7.84218,0,0,0
Daniyal,8632,1771513687136,-0.26201,5.32283,7.84218,0,0,0
Daniyal,8633,1771513687140,-0.26201,5.32283,7.84218,0,0,0
Daniyal,8634,1771513687143,-0.26201,5.32283,7.84218,0,0,0
Daniyal,8635,1771513687147,-0.26201,5.32283,7.84218,0,0,0
Daniyal,8636,1771513687151,-0.26201,5.32283,7.84218,0,0,0
Daniyal,8637,1771513687154,-0.26201,5.32283,7.84218,0,0,0
Daniyal,8638,1771513687159,-0.26201,5.32283,7.84218,0,0,0
Daniyal,8639,1771513687163,-0.26201,5.32283,7.84218,0,0,0
Daniyal,8640,1771513687171,-0.26201,5.32283,7.84218,0,0,0
Daniyal,8641,1771513687175,-0.26201,5.32283,7.84218,0,0,0
Daniyal,8642,1771513687179,-0.26201,5.32283,7.84218,0,0,0
Daniyal,8643,1771513687184,-0.26201,5.32283,7.84218,0,0,0
Daniyal,8644,1771513687188,-0.26201,5.32283,7.84218,0,0,0
Daniyal,8645,1771513687194,-0.26201,5.32283,7.84218,0,0,0
Daniyal,8646,1771513687202,-0.26201,5.32283,7.84218,0,0,0
Daniyal,8647,1771513687206,-0.26201,5.32283,7.84218,0,0,0
Daniyal,8648,1771513687209,-0.26201,5.32283,7.84218,0,0,0
Daniyal,8649,1771513687213,-0.26201,5.32283,7.84218,0,0,0
Daniyal,8650,1771513687217,-0.26201,5.32283,7.84218,0,0,0
Daniyal,8651,1771513687222,-0.26201,5.32283,7.84218,0,0,0
Daniyal,8652,1771513687230,-0.26201,5.32283,7.84218,0,0,0
Daniyal,8653,1771513687242,-0.26201,5.32283,7.84218,0,0,0
Daniyal,8654,1771513687248,-0.26201,5.32283,7.84218,0,0,0
Daniyal,8655,1771513687252,-0.26201,5.32283,7.84218,0,0,0
Daniyal,8656,1771513687257,-0.26201,5.32283,7.84218,0,0,0
Daniyal,8657,1771513687261,-0.26201,5.32283,7.84218,0,0,0
Daniyal,8658,1771513687268,-0.26201,5.32283,7.84218,0,0,0
Daniyal,8659,1771513687276,-0.26201,5.32283,7.84218,0,0,0
Daniyal,8660,1771513687280,-0.26201,5.32283,7.84218,0,0,0
Daniyal,8661,1771513687284,-0.26201,5.32283,7.84218,0,0,0
Daniyal,8662,1771513687289,-0.26201,5.32283,7.84218,0,0,0
Daniyal,8663,1771513687293,-0.26201,5.32283,7.84218,0,0,0
Daniyal,8664,1771513687303,-0.26201,5.32283,7.84218,0,0,0
Daniyal,8665,1771513687311,-0.26201,5.32283,7.84218,0,0,0
Daniyal,8666,1771513687316,-0.26201,5.32283,7.84218,0,0,0
Daniyal,8667,1771513687320,-0.26201,5.32283,7.84218,0,0,0
Daniyal,8668,1771513687324,-0.26201,5.32283,7.84218,0,0,0
Daniyal,8669,1771513687329,-0.26201,5.32283,7.84218,0,0,0
Daniyal,8670,1771513687338,-0.26201,5.32283,7.84218,0,0,0
Daniyal,8671,1771513687342,-0.26201,5.32283,7.84218,0,0,0
Daniyal,8672,1771513687345,-0.26201,5.32283,7.84218,0,0,0
Daniyal,8673,1771513687349,-0.26201,5.32283,7.84218,0,0,0
Daniyal,8674,1771513687353,-0.26201,5.32283,7.84218,0,0,0
Daniyal,8675,1771513687357,-0.26201,5.32283,7.84218,0,0,0
Daniyal,8676,1771513687361,-0.26201,5.32283,7.84218,0,0,0
Daniyal,8677,1771513687365,-0.26201,5.32283,7.84218,0,0,0
Daniyal,8678,1771513687369,-0.26201,5.32283,7.84218,0,0,0
Daniyal,8679,1771513687379,-0.26201,5.32283,7.84218,0,0,0
Daniyal,8680,1771513687384,-0.26201,5.32283,7.84218,0,0,0
Daniyal,8681,1771513687400,-0.26201,5.32283,7.84218,0,0,0
Daniyal,8682,1771513687404,-0.26201,5.32283,7.84218,0,0,0
Daniyal,8683,1771513687412,-0.26201,5.32283,7.84218,0,0,0
Daniyal,8684,1771513687423,-0.26201,5.32283,7.84218,0,0,0
Daniyal,8685,1771513687427,-0.26201,5.32283,7.84218,0,0,0
Daniyal,8686,1771513687430,-0.26201,5.32283,7.84218,0,0,0
Daniyal,8687,1771513687433,-0.26201,5.32283,7.84218,0,0,0
Daniyal,8688,1771513687436,-0.26201,5.32283,7.84218,0,0,0
Daniyal,8689,1771513687440,-0.26201,5.32283,7.84218,0,0,0
Daniyal,8690,1771513687444,-0.26201,5.32283,7.84218,0,0,0
Daniyal,8691,1771513687448,-0.26201,5.32283,7.84218,0,0,0
Daniyal,8692,1771513687454,-0.26201,5.32283,7.84218,0,0,0
Daniyal,8693,1771513687457,-0.26201,5.32283,7.84218,0,0,0
Daniyal,8694,1771513687460,-0.26201,5.32283,7.84218,0,0,0
Daniyal,8695,1771513687464,-0.26201,5.32283,7.84218,0,0,0
Daniyal,8696,1771513687467,-0.26201,5.32283,7.84218,0,0,0
Daniyal,8697,1771513687472,-0.26201,5.32283,7.84218,0,0,0
Daniyal,8698,1771513687476,-0.26201,5.32283,7.84218,0,0,0
Daniyal,8699,1771513687482,-0.26201,5.32283,7.84218,0,0,0
Daniyal,8700,1771513687486,-0.26201,5.32283,7.84218,0,0,0
Daniyal,8701,1771513687490,-0.26201,5.32283,7.84218,0,0,0
Daniyal,8702,1771513687494,-0.26201,5.32283,7.84218,0,0,0
Daniyal,8703,1771513687497,-0.26201,5.32283,7.84218,0,0,0
Daniyal,8704,1771513687501,-0.26201,5.32283,7.84218,0,0,0
Daniyal,8705,1771513687505,-0.26201,5.32283,7.84218,0,0,0
Daniyal,8706,1771513687509,-0.26201,5.32283,7.84218,0,0,0
Daniyal,8707,1771513687516,-0.26201,5.32283,7.84218,0,0,0
Daniyal,8708,1771513687520,-0.26201,5.32283,7.84218,0,0,0
Daniyal,8709,1771513687523,-0.26201,5.32283,7.84218,0,0,0
Daniyal,8710,1771513687527,-0.26201,5.32283,7.84218,0,0,0
Daniyal,8711,1771513687531,-0.26201,5.32283,7.84218,0,0,0
Daniyal,8712,1771513687534,-0.26201,5.32283,7.84218,0,0,0
Daniyal,8713,1771513687541,-0.26201,5.32283,7.84218,0,0,0
Daniyal,8714,1771513687552,-0.26201,5.32283,7.84218,0,0,0
Daniyal,8715,1771513687557,-0.26201,5.32283,7.84218,0,0,0
Daniyal,8716,1771513687560,-0.26201,5.32283,7.84218,0,0,0
Daniyal,8717,1771513687564,-0.26201,5.32283,7.84218,0,0,0
Daniyal,8718,1771513687567,-0.26201,5.32283,7.84218,0,0,0
Daniyal,8719,1771513687571,-0.26201,5.32283,7.84218,0,0,0
Daniyal,8720,1771513687574,-0.26201,5.32283,7.84218,0,0,0
Daniyal,8721,1771513687581,-0.26201,5.32283,7.84218,0,0,0
Daniyal,8722,1771513687586,-0.26201,5.32283,7.84218,0,0,0
Daniyal,8723,1771513687589,-0.26201,5.32283,7.84218,0,0,0
Daniyal,8724,1771513687593,-0.26201,5.32283,7.84218,0,0,0
Daniyal,8725,1771513687598,-0.26201,5.32283,7.84218,0,0,0
Daniyal,8726,1771513687608,-0.26201,5.32283,7.84218,0,0,0
Daniyal,8727,1771513687612,-0.26201,5.32283,7.84218,0,0,0
Daniyal,8728,1771513687615,-0.26201,5.32283,7.84218,0,0,0
Daniyal,8729,1771513687618,-0.26201,5.32283,7.84218,0,0,0
Daniyal,8730,1771513687621,-0.26201,5.32283,7.84218,0,0,0
Daniyal,8731,1771513687625,-0.26201,5.32283,7.84218,0,0,0
Daniyal,8732,1771513687628,-0.26201,5.32283,7.84218,0,0,0
Daniyal,8733,1771513687634,-0.26201,5.32283,7.84218,0,0,0
Daniyal,8734,1771513687640,-0.26201,5.32283,7.84218,0,0,0
Daniyal,8735,1771513687644,-0.26201,5.32283,7.84218,0,0,0
Daniyal,8736,1771513687648,-0.26201,5.32283,7.84218,0,0,0
Daniyal,8737,1771513687652,-0.26201,5.32283,7.84218,0,0,0
Daniyal,8738,1771513687657,-0.26201,5.32283,7.84218,0,0,0
Daniyal,8739,1771513687661,-0.26201,5.32283,7.84218,0,0,0
Daniyal,8740,1771513687665,-0.26201,5.32283,7.84218,0,0,0
Daniyal,8741,1771513687672,-0.26201,5.32283,7.84218,0,0,0
Daniyal,8742,1771513687676,-0.26201,5.32283,7.84218,0,0,0
Daniyal,8743,1771513687680,-0.26201,5.32283,7.84218,0,0,0
Daniyal,8744,1771513687684,-0.26201,5.32283,7.84218,0,0,0
Daniyal,8745,1771513687686,-0.26201,5.32283,7.84218,0,0,0
Daniyal,8746,1771513687690,-0.26201,5.32283,7.84218,0,0,0
Daniyal,8747,1771513687694,-0.26201,5.32283,7.84218,0,0,0
Daniyal,8748,1771513687700,-0.26201,5.32283,7.84218,0,0,0
Daniyal,8749,1771513687709,-0.26201,5.32283,7.84218,0,0,0
Daniyal,8750,1771513687713,-0.26201,5.32283,7.84218,0,0,0
Daniyal,8751,1771513687717,-0.26201,5.32283,7.84218,0,0,0
Daniyal,8752,1771513687721,-0.26201,5.32283,7.84218,0,0,0
Daniyal,8753,1771513687725,-0.26201,5.32283,7.84218,0,0,0
Daniyal,8754,1771513687729,-0.26201,5.32283,7.84218,0,0,0
Daniyal,8755,1771513687733,-0.26201,5.32283,7.84218,0,0,0
Daniyal,8756,1771513687739,-0.26201,5.32283,7.84218,0,0,0
Daniyal,8757,1771513687743,-0.26201,5.32283,7.84218,0,0,0
Daniyal,8758,1771513687747,-0.26201,5.32283,7.84218,0,0,0
Daniyal,8759,1771513687754,-0.26201,5.32283,7.84218,0,0,0
Daniyal,8760,1771513687758,-0.26201,5.32283,7.84218,0,0,0
Daniyal,8761,1771513687761,-0.26201,5.32283,7.84218,0,0,0
Daniyal,8762,1771513687765,-0.26201,5.32283,7.84218,0,0,0
Daniyal,8763,1771513687769,-0.26201,5.32283,7.84218,0,0,0
Daniyal,8764,1771513687773,-0.26201,5.32283,7.84218,0,0,0
Daniyal,8765,1771513687783,-0.26201,5.32283,7.84218,0,0,0
Daniyal,8766,1771513687791,-0.26201,5.32283,7.84218,0,0,0
Daniyal,8767,1771513687794,-0.26201,5.32283,7.84218,0,0,0
Daniyal,8768,1771513687797,-0.26201,5.32283,7.84218,0,0,0
Daniyal,8769,1771513687800,-0.26201,5.32283,7.84218,0,0,0
Daniyal,8770,1771513687804,-0.26201,5.32283,7.84218,0,0,0
Daniyal,8771,1771513687806,-0.26201,5.32283,7.84218,0,0,0
Daniyal,8772,1771513687810,-0.26201,5.32283,7.84218,0,0,0
Daniyal,8773,1771513687814,-0.26201,5.32283,7.84218,0,0,0
Daniyal,8774,1771513687818,-0.26201,5.32283,7.84218,0,0,0
Daniyal,8775,1771513687822,-0.26201,5.32283,7.84218,0,0,0
Daniyal,8776,1771513687829,-0.26201,5.32283,7.84218,0,0,0
Daniyal,8777,1771513687832,-0.26201,5.32283,7.84218,0,0,0
Daniyal,8778,1771513687836,-0.26201,5.32283,7.84218,0,0,0
Daniyal,8779,1771513687838,-0.26201,5.32283,7.84218,0,0,0
Daniyal,8780,1771513687842,-0.26201,5.32283,7.84218,0,0,0
Daniyal,8781,1771513687845,-0.26201,5.32283,7.84218,0,0,0
Daniyal,8782,1771513687850,-0.26201,5.32283,7.84218,0,0,0
Daniyal,8783,1771513687858,-0.26201,5.32283,7.84218,0,0,0
Daniyal,8784,1771513687861,-0.26201,5.32283,7.84218,0,0,0
Daniyal,8785,1771513687865,-0.26201,5.32283,7.84218,0,0,0
Daniyal,8786,1771513687870,-0.26201,5.32283,7.84218,0,0,0
Daniyal,8787,1771513687874,-0.26201,5.32283,7.84218,0,0,0
Daniyal,8788,1771513687880,-0.26201,5.32283,7.84218,0,0,0
Daniyal,8789,1771513687885,-0.26201,5.32283,7.84218,0,0,0
Daniyal,8790,1771513687889,-0.26201,5.32283,7.84218,0,0,0
Daniyal,8791,1771513687896,-0.26201,5.32283,7.84218,0,0,0
Daniyal,8792,1771513687900,-0.26201,5.32283,7.84218,0,0,0
Daniyal,8793,1771513687903,-0.26201,5.32283,7.84218,0,0,0
Daniyal,8794,1771513687907,-0.26201,5.32283,7.84218,0,0,0
Daniyal,8795,1771513687911,-0.26201,5.32283,7.84218,0,0,0
Daniyal,8796,1771513687915,-0.26201,5.32283,7.84218,0,0,0
Daniyal,8797,1771513687921,-0.26201,5.32283,7.84218,0,0,0
Daniyal,8798,1771513687934,-0.26201,5.32283,7.84218,0,0,0
Daniyal,8799,1771513687939,-0.26201,5.32283,7.84218,0,0,0
Daniyal,8800,1771513687943,-0.26201,5.32283,7.84218,0,0,0
Daniyal,8801,1771513687946,-0.26201,5.32283,7.84218,0,0,0
Daniyal,8802,1771513687950,-0.26201,5.32283,7.84218,0,0,0
Daniyal,8803,1771513687953,-0.26201,5.32283,7.84218,0,0,0
Daniyal,8804,1771513687958,-0.26201,5.32283,7.84218,0,0,0
Daniyal,8805,1771513687962,-0.26201,5.32283,7.84218,0,0,0
Daniyal,8806,1771513687969,-0.26201,5.32283,7.84218,0,0,0
Daniyal,8807,1771513687972,-0.26201,5.32283,7.84218,0,0,0
Daniyal,8808,1771513687975,-0.26201,5.32283,7.84218,0,0,0
Daniyal,8809,1771513687978,-0.26201,5.32283,7.84218,0,0,0
Daniyal,8810,1771513687982,-0.26201,5.32283,7.84218,0,0,0
Daniyal,8811,1771513687986,-0.26201,5.32283,7.84218,0,0,0
Daniyal,8812,1771513687991,-0.26201,5.32283,7.84218,0,0,0
Daniyal,8813,1771513687998,-0.26201,5.32283,7.84218,0,0,0
Daniyal,8814,1771513688000,-0.26201,5.32283,7.84218,0,0,0
Daniyal,8815,1771513688004,-0.26201,5.32283,7.84218,0,0,0
Daniyal,8816,1771513688008,-0.26201,5.32283,7.84218,0,0,0
Daniyal,8817,1771513688013,-0.26201,5.32283,7.84218,0,0,0
Daniyal,8818,1771513688017,-0.26201,5.32283,7.84218,0,0,0
Daniyal,8819,1771513688024,-0.26201,5.32283,7.84218,0,0,0
Daniyal,8820,1771513688027,-0.26201,5.32283,7.84218,0,0,0
Daniyal,8821,1771513688031,-0.26201,5.32283,7.84218,0,0,0
Daniyal,8822,1771513688035,-0.26201,5.32283,7.84218,0,0,0
Daniyal,8823,1771513688039,-0.26201,5.32283,7.84218,0,0,0
Daniyal,8824,1771513688044,-0.26201,5.32283,7.84218,0,0,0
Daniyal,8825,1771513688049,-0.26201,5.32283,7.84218,0,0,0
Daniyal,8826,1771513688057,-0.26201,5.32283,7.84218,0,0,0
Daniyal,8827,1771513688061,-0.26201,5.32283,7.84218,0,0,0
Daniyal,8828,1771513688064,-0.26201,5.32283,7.84218,0,0,0
Daniyal,8829,1771513688067,-0.26201,5.32283,7.84218,0,0,0
Daniyal,8830,1771513688071,-0.26201,5.32283,7.84218,0,0,0
Daniyal,8831,1771513688074,-0.26201,5.32283,7.84218,0,0,0
Daniyal,8832,1771513688079,-0.26201,5.32283,7.84218,0,0,0
Daniyal,8833,1771513688084,-0.26201,5.32283,7.84218,0,0,0
Daniyal,8834,1771513688092,-0.26201,5.32283,7.84218,0,0,0
Daniyal,8835,1771513688096,-0.26201,5.32283,7.84218,0,0,0
Daniyal,8836,1771513688100,-0.26201,5.32283,7.84218,0,0,0
Daniyal,8837,1771513688104,-0.26201,5.32283,7.84218,0,0,0
Daniyal,8838,1771513688108,-0.26201,5.32283,7.84218,0,0,0
Daniyal,8839,1771513688111,-0.26201,5.32283,7.84218,0,0,0
Daniyal,8840,1771513688115,-0.26201,5.32283,7.84218,0,0,0
Daniyal,8841,1771513688120,-0.26201,5.32283,7.84218,0,0,0
Daniyal,8842,1771513688128,-0.26201,5.32283,7.84218,0,0,0
Daniyal,8843,1771513688132,-0.26201,5.32283,7.84218,0,0,0
Daniyal,8844,1771513688136,-0.26201,5.32283,7.84218,0,0,0
Daniyal,8845,1771513688140,-0.26201,5.32283,7.84218,0,0,0
Daniyal,8846,1771513688145,-0.26201,5.32283,7.84218,0,0,0
Daniyal,8847,1771513688149,-0.26201,5.32283,7.84218,0,0,0
Daniyal,8848,1771513688153,-0.26201,5.32283,7.84218,0,0,0
Daniyal,8849,1771513688162,-0.26201,5.32283,7.84218,0,0,0
Daniyal,8850,1771513688166,-0.26201,5.32283,7.84218,0,0,0
Daniyal,8851,1771513688169,-0.26201,5.32283,7.84218,0,0,0
Daniyal,8852,1771513688172,-0.26201,5.32283,7.84218,0,0,0
Daniyal,8853,1771513688176,-0.26201,5.32283,7.84218,0,0,0
Daniyal,8854,1771513688180,-0.26201,5.32283,7.84218,0,0,0
Daniyal,8855,1771513688185,-0.26201,5.32283,7.84218,0,0,0
Daniyal,8856,1771513688192,-0.26201,5.32283,7.84218,0,0,0
Daniyal,8857,1771513688196,-0.26201,5.32283,7.84218,0,0,0
Daniyal,8858,1771513688200,-0.26201,5.32283,7.84218,0,0,0
Daniyal,8859,1771513688204,-0.26201,5.32283,7.84218,0,0,0
Daniyal,8860,1771513688208,-0.26201,5.32283,7.84218,0,0,0
Daniyal,8861,1771513688213,-0.26201,5.32283,7.84218,0,0,0
Daniyal,8862,1771513688218,-0.26201,5.32283,7.84218,0,0,0
Daniyal,8863,1771513688223,-0.26201,5.32283,7.84218,0,0,0
Daniyal,8864,1771513688229,-0.26201,5.32283,7.84218,0,0,0
Daniyal,8865,1771513688233,-0.26201,5.32283,7.84218,0,0,0
Daniyal,8866,1771513688236,-0.26201,5.32283,7.84218,0,0,0
Daniyal,8867,1771513688240,-0.26201,5.32283,7.84218,0,0,0
Daniyal,8868,1771513688243,-0.26201,5.32283,7.84218,0,0,0
Daniyal,8869,1771513688247,-0.26201,5.32283,7.84218,0,0,0
Daniyal,8870,1771513688251,-0.26201,5.32283,7.84218,0,0,0
Daniyal,8871,1771513688256,-0.26201,5.32283,7.84218,0,0,0
Daniyal,8872,1771513688264,-0.26201,5.32283,7.84218,0,0,0
Daniyal,8873,1771513688269,-0.26201,5.32283,7.84218,0,0,0
Daniyal,8874,1771513688273,-0.26201,5.32283,7.84218,0,0,0
Daniyal,8875,1771513688277,-0.26201,5.32283,7.84218,0,0,0
Daniyal,8876,1771513688281,-0.26201,5.32283,7.84218,0,0,0
Daniyal,8877,1771513688285,-0.26201,5.32283,7.84218,0,0,0
Daniyal,8878,1771513688290,-0.26201,5.32283,7.84218,0,0,0
Daniyal,8879,1771513688294,-0.26201,5.32283,7.84218,0,0,0
Daniyal,8880,1771513688301,-0.26201,5.32283,7.84218,0,0,0
Daniyal,8881,1771513688305,-0.26201,5.32283,7.84218,0,0,0
Daniyal,8882,1771513688308,-0.26201,5.32283,7.84218,0,0,0
Daniyal,8883,1771513688312,-0.26201,5.32283,7.84218,0,0,0
Daniyal,8884,1771513688316,-0.26201,5.32283,7.84218,0,0,0
Daniyal,8885,1771513688319,-0.26201,5.32283,7.84218,0,0,0
Daniyal,8886,1771513688324,-0.26201,5.32283,7.84218,0,0,0
Daniyal,8887,1771513688330,-0.26201,5.32283,7.84218,0,0,0
Daniyal,8888,1771513688334,-0.26201,5.32283,7.84218,0,0,0
Daniyal,8889,1771513688340,-0.26201,5.32283,7.84218,0,0,0
Daniyal,8890,1771513688344,-0.26201,5.32283,7.84218,0,0,0
Daniyal,8891,1771513688347,-0.26201,5.32283,7.84218,0,0,0
Daniyal,8892,1771513688351,-0.26201,5.32283,7.84218,0,0,0
Daniyal,8893,1771513688355,-0.26201,5.32283,7.84218,0,0,0
Daniyal,8894,1771513688360,-0.26201,5.32283,7.84218,0,0,0
Daniyal,8895,1771513688363,-0.26201,5.32283,7.84218,0,0,0
Daniyal,8896,1771513688367,-0.26201,5.32283,7.84218,0,0,0
Daniyal,8897,1771513688374,-0.26201,5.32283,7.84218,0,0,0
Daniyal,8898,1771513688378,-0.26201,5.32283,7.84218,0,0,0
Daniyal,8899,1771513688382,-0.26201,5.32283,7.84218,0,0,0
Daniyal,8900,1771513688386,-0.26201,5.32283,7.84218,0,0,0
Daniyal,8901,1771513688389,-0.26201,5.32283,7.84218,0,0,0
Daniyal,8902,1771513688393,-0.26201,5.32283,7.84218,0,0,0
Daniyal,8903,1771513688399,-0.26201,5.32283,7.84218,0,0,0
Daniyal,8904,1771513688406,-0.26201,5.32283,7.84218,0,0,0
Daniyal,8905,1771513688409,-0.26201,5.32283,7.84218,0,0,0
Daniyal,8906,1771513688413,-0.26201,5.32283,7.84218,0,0,0
Daniyal,8907,1771513688416,-0.26201,5.32283,7.84218,0,0,0
Daniyal,8908,1771513688420,-0.26201,5.32283,7.84218,0,0,0
Daniyal,8909,1771513688425,-0.26201,5.32283,7.84218,0,0,0
Daniyal,8910,1771513688430,-0.26201,5.32283,7.84218,0,0,0
Daniyal,8911,1771513688435,-0.26201,5.32283,7.84218,0,0,0
Daniyal,8912,1771513688443,-0.26201,5.32283,7.84218,0,0,0
Daniyal,8913,1771513688447,-0.26201,5.32283,7.84218,0,0,0
Daniyal,8914,1771513688450,-0.26201,5.32283,7.84218,0,0,0
Daniyal,8915,1771513688452,-0.26201,5.32283,7.84218,0,0,0
Daniyal,8916,1771513688456,-0.26201,5.32283,7.84218,0,0,0
Daniyal,8917,1771513688461,-0.26201,5.32283,7.84218,0,0,0
Daniyal,8918,1771513688468,-0.26201,5.32283,7.84218,0,0,0
Daniyal,8919,1771513688472,-0.26201,5.32283,7.84218,0,0,0
Daniyal,8920,1771513688476,-0.26201,5.32283,7.84218,0,0,0
Daniyal,8921,1771513688480,-0.26201,5.32283,7.84218,0,0,0
Daniyal,8922,1771513688486,-0.26201,5.32283,7.84218,0,0,0
Daniyal,8923,1771513688490,-0.26201,5.32283,7.84218,0,0,0
Daniyal,8924,1771513688497,-0.26201,5.32283,7.84218,0,0,0
Daniyal,8925,1771513688501,-0.26201,5.32283,7.84218,0,0,0
Daniyal,8926,1771513688504,-0.26201,5.32283,7.84218,0,0,0
Daniyal,8927,1771513688508,-0.26201,5.32283,7.84218,0,0,0
Daniyal,8928,1771513688512,-0.26201,5.32283,7.84218,0,0,0
Daniyal,8929,1771513688516,-0.26201,5.32283,7.84218,0,0,0
Daniyal,8930,1771513688521,-0.26201,5.32283,7.84218,0,0,0
Daniyal,8931,1771513688525,-0.26201,5.32283,7.84218,0,0,0
Daniyal,8932,1771513688534,-0.26201,5.32283,7.84218,0,0,0
Daniyal,8933,1771513688538,-0.26201,5.32283,7.84218,0,0,0
Daniyal,8934,1771513688542,-0.26201,5.32283,7.84218,0,0,0
Daniyal,8935,1771513688547,-0.26201,5.32283,7.84218,0,0,0
Daniyal,8936,1771513688551,-0.26201,5.32283,7.84218,0,0,0
Daniyal,8937,1771513688559,-0.26201,5.32283,7.84218,0,0,0
Daniyal,8938,1771513688563,-0.26201,5.32283,7.84218,0,0,0
Daniyal,8939,1771513688566,-0.26201,5.32283,7.84218,0,0,0
Daniyal,8940,1771513688569,-0.26201,5.32283,7.84218,0,0,0
Daniyal,8941,1771513688573,-0.26201,5.32283,7.84218,0,0,0
Daniyal,8942,1771513688576,-0.26201,5.32283,7.84218,0,0,0
Daniyal,8943,1771513688582,-0.26201,5.32283,7.84218,0,0,0
Daniyal,8944,1771513688589,-0.26201,5.32283,7.84218,0,0,0
Daniyal,8945,1771513688593,-0.26201,5.32283,7.84218,0,0,0
Daniyal,8946,1771513688597,-0.26201,5.32283,7.84218,0,0,0
Daniyal,8947,1771513688601,-0.26201,5.32283,7.84218,0,0,0
Daniyal,8948,1771513688605,-0.26201,5.32283,7.84218,0,0,0
Daniyal,8949,1771513688609,-0.26201,5.32283,7.84218,0,0,0
Daniyal,8950,1771513688613,-0.26201,5.32283,7.84218,0,0,0
Daniyal,8951,1771513688620,-0.26201,5.32283,7.84218,0,0,0
Daniyal,8952,1771513688624,-0.26201,5.32283,7.84218,0,0,0
Daniyal,8953,1771513688627,-0.26201,5.32283,7.84218,0,0,0
Daniyal,8954,1771513688631,-0.26201,5.32283,7.84218,0,0,0
Daniyal,8955,1771513688634,-0.26201,5.32283,7.84218,0,0,0
Daniyal,8956,1771513688638,-0.26201,5.32283,7.84218,0,0,0
Daniyal,8957,1771513688642,-0.26201,5.32283,7.84218,0,0,0
Daniyal,8958,1771513688648,-0.26201,5.32283,7.84218,0,0,0
Daniyal,8959,1771513688656,-0.26201,5.32283,7.84218,0,0,0
Daniyal,8960,1771513688660,-0.26201,5.32283,7.84218,0,0,0
Daniyal,8961,1771513688664,-0.26201,5.32283,7.84218,0,0,0
Daniyal,8962,1771513688668,-0.26201,5.32283,7.84218,0,0,0
Daniyal,8963,1771513688672,-0.26201,5.32283,7.84218,0,0,0
Daniyal,8964,1771513688675,-0.26201,5.32283,7.84218,0,0,0
Daniyal,8965,1771513688680,-0.26201,5.32283,7.84218,0,0,0
Daniyal,8966,1771513688684,-0.26201,5.32283,7.84218,0,0,0
Daniyal,8967,1771513688688,-0.26201,5.32283,7.84218,0,0,0
Daniyal,8968,1771513688696,-0.26201,5.32283,7.84218,0,0,0
Daniyal,8969,1771513688700,-0.26201,5.32283,7.84218,0,0,0
Daniyal,8970,1771513688704,-0.26201,5.32283,7.84218,0,0,0
Daniyal,8971,1771513688708,-0.26201,5.32283,7.84218,0,0,0
Daniyal,8972,1771513688712,-0.26201,5.32283,7.84218,0,0,0
Daniyal,8973,1771513688716,-0.26201,5.32283,7.84218,0,0,0
Daniyal,8974,1771513688720,-0.26201,5.32283,7.84218,0,0,0
Daniyal,8975,1771513688726,-0.26201,5.32283,7.84218,0,0,0
Daniyal,8976,1771513688734,-0.26201,5.32283,7.84218,0,0,0
Daniyal,8977,1771513688739,-0.26201,5.32283,7.84218,0,0,0
Daniyal,8978,1771513688743,-0.26201,5.32283,7.84218,0,0,0
Daniyal,8979,1771513688745,-0.26201,5.32283,7.84218,0,0,0
Daniyal,8980,1771513688749,-0.26201,5.32283,7.84218,0,0,0
Daniyal,8981,1771513688753,-0.26201,5.32283,7.84218,0,0,0
Daniyal,8982,1771513688758,-0.26201,5.32283,7.84218,0,0,0
Daniyal,8983,1771513688764,-0.26201,5.32283,7.84218,0,0,0
Daniyal,8984,1771513688770,-0.26201,5.32283,7.84218,0,0,0
Daniyal,8985,1771513688776,-0.26201,5.32283,7.84218,0,0,0
Daniyal,8986,1771513688779,-0.26201,5.32283,7.84218,0,0,0
Daniyal,8987,1771513688783,-0.26201,5.32283,7.84218,0,0,0
Daniyal,8988,1771513688787,-0.26201,5.32283,7.84218,0,0,0
Daniyal,8989,1771513688791,-0.26201,5.32283,7.84218,0,0,0
Daniyal,8990,1771513688797,-0.26201,5.32283,7.84218,0,0,0
Daniyal,8991,1771513688806,-0.26201,5.32283,7.84218,0,0,0
Daniyal,8992,1771513688811,-0.26201,5.32283,7.84218,0,0,0
Daniyal,8993,1771513688815,-0.26201,5.32283,7.84218,0,0,0
Daniyal,8994,1771513688820,-0.26201,5.32283,7.84218,0,0,0
Daniyal,8995,1771513688825,-0.26201,5.32283,7.84218,0,0,0
Daniyal,8996,1771513688830,-0.26201,5.32283,7.84218,0,0,0
Daniyal,8997,1771513688835,-0.26201,5.32283,7.84218,0,0,0
Daniyal,8998,1771513688842,-0.26201,5.32283,7.84218,0,0,0
Daniyal,8999,1771513688846,-0.26201,5.32283,7.84218,0,0,0
Daniyal,9000,1771513688850,-0.26201,5.32283,7.84218,0,0,0
Daniyal,9001,1771513688853,-0.26201,5.32283,7.84218,0,0,0
Daniyal,9002,1771513688857,-0.26201,5.32283,7.84218,0,0,0
Daniyal,9003,1771513688861,-0.26201,5.32283,7.84218,0,0,0
Daniyal,9004,1771513688864,-0.26201,5.32283,7.84218,0,0,0
Daniyal,9005,1771513688870,-0.26201,5.32283,7.84218,0,0,0
Daniyal,9006,1771513688879,-0.26201,5.32283,7.84218,0,0,0
Daniyal,9007,1771513688884,-0.26201,5.32283,7.84218,0,0,0
Daniyal,9008,1771513688888,-0.26201,5.32283,7.84218,0,0,0
Daniyal,9009,1771513688893,-0.26201,5.32283,7.84218,0,0,0
Daniyal,9010,1771513688896,-0.26201,5.32283,7.84218,0,0,0
Daniyal,9011,1771513688901,-0.26201,5.32283,7.84218,0,0,0
Daniyal,9012,1771513688905,-0.26201,5.32283,7.84218,0,0,0
Daniyal,9013,1771513688909,-0.26201,5.32283,7.84218,0,0,0
Daniyal,9014,1771513688917,-0.26201,5.32283,7.84218,0,0,0
Daniyal,9015,1771513688921,-0.26201,5.32283,7.84218,0,0,0
Daniyal,9016,1771513688925,-0.26201,5.32283,7.84218,0,0,0
Daniyal,9017,1771513688929,-0.26201,5.32283,7.84218,0,0,0
Daniyal,9018,1771513688933,-0.26201,5.32283,7.84218,0,0,0
Daniyal,9019,1771513688937,-0.26201,5.32283,7.84218,0,0,0
Daniyal,9020,1771513688941,-0.26201,5.32283,7.84218,0,0,0
Daniyal,9021,1771513688947,-0.26201,5.32283,7.84218,0,0,0
Daniyal,9022,1771513688956,-0.26201,5.32283,7.84218,0,0,0
Daniyal,9023,1771513688960,-0.26201,5.32283,7.84218,0,0,0
Daniyal,9024,1771513688964,-0.26201,5.32283,7.84218,0,0,0
Daniyal,9025,1771513688968,-0.26201,5.32283,7.84218,0,0,0
Daniyal,9026,1771513688972,-0.26201,5.32283,7.84218,0,0,0
Daniyal,9027,1771513688976,-0.26201,5.32283,7.84218,0,0,0
Daniyal,9028,1771513688981,-0.26201,5.32283,7.84218,0,0,0
Daniyal,9029,1771513688986,-0.26201,5.32283,7.84218,0,0,0
Daniyal,9030,1771513688991,-0.26201,5.32283,7.84218,0,0,0
Daniyal,9031,1771513688998,-0.26201,5.32283,7.84218,0,0,0
Daniyal,9032,1771513689002,-0.26201,5.32283,7.84218,0,0,0
Daniyal,9033,1771513689005,-0.26201,5.32283,7.84218,0,0,0
Daniyal,9034,1771513689009,-0.26201,5.32283,7.84218,0,0,0
Daniyal,9035,1771513689014,-0.26201,5.32283,7.84218,0,0,0
Daniyal,9036,1771513689021,-0.26201,5.32283,7.84218,0,0,0
Daniyal,9037,1771513689025,-0.26201,5.32283,7.84218,0,0,0
Daniyal,9038,1771513689029,-0.26201,5.32283,7.84218,0,0,0
Daniyal,9039,1771513689034,-0.26201,5.32283,7.84218,0,0,0
Daniyal,9040,1771513689039,-0.26201,5.32283,7.84218,0,0,0
Daniyal,9041,1771513689043,-0.26201,5.32283,7.84218,0,0,0
Daniyal,9042,1771513689050,-0.26201,5.32283,7.84218,0,0,0
Daniyal,9043,1771513689053,-0.26201,5.32283,7.84218,0,0,0
Daniyal,9044,1771513689057,-0.26201,5.32283,7.84218,0,0,0
Daniyal,9045,1771513689061,-0.26201,5.32283,7.84218,0,0,0
Daniyal,9046,1771513689065,-0.26201,5.32283,7.84218,0,0,0
Daniyal,9047,1771513689068,-0.26201,5.32283,7.84218,0,0,0
Daniyal,9048,1771513689074,-0.26201,5.32283,7.84218,0,0,0
Daniyal,9049,1771513689081,-0.26201,5.32283,7.84218,0,0,0
Daniyal,9050,1771513689085,-0.26201,5.32283,7.84218,0,0,0
Daniyal,9051,1771513689089,-0.26201,5.32283,7.84218,0,0,0
Daniyal,9052,1771513689094,-0.26201,5.32283,7.84218,0,0,0
Daniyal,9053,1771513689098,-0.26201,5.32283,7.84218,0,0,0
Daniyal,9054,1771513689102,-0.26201,5.32283,7.84218,0,0,0
Daniyal,9055,1771513689106,-0.26201,5.32283,7.84218,0,0,0
Daniyal,9056,1771513689110,-0.26201,5.32283,7.84218,0,0,0
Daniyal,9057,1771513689117,-0.26201,5.32283,7.84218,0,0,0
Daniyal,9058,1771513689121,-0.26201,5.32283,7.84218,0,0,0
Daniyal,9059,1771513689125,-0.26201,5.32283,7.84218,0,0,0
Daniyal,9060,1771513689128,-0.26201,5.32283,7.84218,0,0,0
Daniyal,9061,1771513689131,-0.26201,5.32283,7.84218,0,0,0
Daniyal,9062,1771513689135,-0.26201,5.32283,7.84218,0,0,0
Daniyal,9063,1771513689141,-0.26201,5.32283,7.84218,0,0,0
Daniyal,9064,1771513689150,-0.26201,5.32283,7.84218,0,0,0
Daniyal,9065,1771513689154,-0.26201,5.32283,7.84218,0,0,0
Daniyal,9066,1771513689158,-0.26201,5.32283,7.84218,0,0,0
Daniyal,9067,1771513689162,-0.26201,5.32283,7.84218,0,0,0
Daniyal,9068,1771513689167,-0.26201,5.32283,7.84218,0,0,0
Daniyal,9069,1771513689171,-0.26201,5.32283,7.84218,0,0,0
Daniyal,9070,1771513689176,-0.26201,5.32283,7.84218,0,0,0
Daniyal,9071,1771513689183,-0.26201,5.32283,7.84218,0,0,0
Daniyal,9072,1771513689186,-0.26201,5.32283,7.84218,0,0,0
Daniyal,9073,1771513689190,-0.26201,5.32283,7.84218,0,0,0
Daniyal,9074,1771513689193,-0.26201,5.32283,7.84218,0,0,0
Daniyal,9075,1771513689197,-0.26201,5.32283,7.84218,0,0,0
Daniyal,9076,1771513689201,-0.26201,5.32283,7.84218,0,0,0
Daniyal,9077,1771513689205,-0.26201,5.32283,7.84218,0,0,0
Daniyal,9078,1771513689211,-0.26201,5.32283,7.84218,0,0,0
Daniyal,9079,1771513689220,-0.26201,5.32283,7.84218,0,0,0
Daniyal,9080,1771513689224,-0.26201,5.32283,7.84218,0,0,0
Daniyal,9081,1771513689228,-0.26201,5.32283,7.84218,0,0,0
Daniyal,9082,1771513689232,-0.26201,5.32283,7.84218,0,0,0
Daniyal,9083,1771513689236,-0.26201,5.32283,7.84218,0,0,0
Daniyal,9084,1771513689241,-0.26201,5.32283,7.84218,0,0,0
Daniyal,9085,1771513689246,-0.26201,5.32283,7.84218,0,0,0
Daniyal,9086,1771513689250,-0.26201,5.32283,7.84218,0,0,0
Daniyal,9087,1771513689260,-0.26201,5.32283,7.84218,0,0,0
Daniyal,9088,1771513689264,-0.26201,5.32283,7.84218,0,0,0
Daniyal,9089,1771513689268,-0.26201,5.32283,7.84218,0,0,0
Daniyal,9090,1771513689272,-0.26201,5.32283,7.84218,0,0,0
Daniyal,9091,1771513689275,-0.26201,5.32283,7.84218,0,0,0
Daniyal,9092,1771513689279,-0.26201,5.32283,7.84218,0,0,0
Daniyal,9093,1771513689283,-0.26201,5.32283,7.84218,0,0,0
Daniyal,9094,1771513689289,-0.26201,5.32283,7.84218,0,0,0
Daniyal,9095,1771513689297,-0.26201,5.32283,7.84218,0,0,0
Daniyal,9096,1771513689301,-0.26201,5.32283,7.84218,0,0,0
Daniyal,9097,1771513689305,-0.26201,5.32283,7.84218,0,0,0
Daniyal,9098,1771513689309,-0.26201,5.32283,7.84218,0,0,0
Daniyal,9099,1771513689313,-0.26201,5.32283,7.84218,0,0,0
Daniyal,9100,1771513689318,-0.26201,5.32283,7.84218,0,0,0
Daniyal,9101,1771513689323,-0.26201,5.32283,7.84218,0,0,0
Daniyal,9102,1771513689327,-0.26201,5.32283,7.84218,0,0,0
Daniyal,9103,1771513689334,-0.26201,5.32283,7.84218,0,0,0
Daniyal,9104,1771513689337,-0.26201,5.32283,7.84218,0,0,0
Daniyal,9105,1771513689340,-0.26201,5.32283,7.84218,0,0,0
Daniyal,9106,1771513689344,-0.26201,5.32283,7.84218,0,0,0
Daniyal,9107,1771513689347,-0.26201,5.32283,7.84218,0,0,0
Daniyal,9108,1771513689351,-0.26201,5.32283,7.84218,0,0,0
Daniyal,9109,1771513689357,-0.26201,5.32283,7.84218,0,0,0
Daniyal,9110,1771513689365,-0.26201,5.32283,7.84218,0,0,0
Daniyal,9111,1771513689369,-0.26201,5.32283,7.84218,0,0,0
Daniyal,9112,1771513689373,-0.26201,5.32283,7.84218,0,0,0
Daniyal,9113,1771513689377,-0.26201,5.32283,7.84218,0,0,0
Daniyal,9114,1771513689381,-0.26201,5.32283,7.84218,0,0,0
Daniyal,9115,1771513689385,-0.26201,5.32283,7.84218,0,0,0
Daniyal,9116,1771513689389,-0.26201,5.32283,7.84218,0,0,0
Daniyal,9117,1771513689396,-0.26201,5.32283,7.84218,0,0,0
Daniyal,9118,1771513689400,-0.26201,5.32283,7.84218,0,0,0
Daniyal,9119,1771513689403,-0.26201,5.32283,7.84218,0,0,0
Daniyal,9120,1771513689407,-0.26201,5.32283,7.84218,0,0,0
Daniyal,9121,1771513689410,-0.26201,5.32283,7.84218,0,0,0
Daniyal,9122,1771513689414,-0.26201,5.32283,7.84218,0,0,0
Daniyal,9123,1771513689418,-0.26201,5.32283,7.84218,0,0,0
Daniyal,9124,1771513689424,-0.26201,5.32283,7.84218,0,0,0
Daniyal,9125,1771513689432,-0.26201,5.32283,7.84218,0,0,0
Daniyal,9126,1771513689435,-0.26201,5.32283,7.84218,0,0,0
Daniyal,9127,1771513689439,-0.26201,5.32283,7.84218,0,0,0
Daniyal,9128,1771513689442,-0.26201,5.32283,7.84218,0,0,0
Daniyal,9129,1771513689446,-0.26201,5.32283,7.84218,0,0,0
Daniyal,9130,1771513689450,-0.26201,5.32283,7.84218,0,0,0
Daniyal,9131,1771513689454,-0.26201,5.32283,7.84218,0,0,0
Daniyal,9132,1771513689458,-0.26201,5.32283,7.84218,0,0,0
Daniyal,9133,1771513689462,-0.26201,5.32283,7.84218,0,0,0
Daniyal,9134,1771513689470,-0.26201,5.32283,7.84218,0,0,0
Daniyal,9135,1771513689474,-0.26201,5.32283,7.84218,0,0,0
Daniyal,9136,1771513689477,-0.26201,5.32283,7.84218,0,0,0
Daniyal,9137,1771513689481,-0.26201,5.32283,7.84218,0,0,0
Daniyal,9138,1771513689485,-0.26201,5.32283,7.84218,0,0,0
Daniyal,9139,1771513689489,-0.26201,5.32283,7.84218,0,0,0
Daniyal,9140,1771513689494,-0.26201,5.32283,7.84218,0,0,0
Daniyal,9141,1771513689502,-0.26201,5.32283,7.84218,0,0,0
Daniyal,9142,1771513689506,-0.26201,5.32283,7.84218,0,0,0
Daniyal,9143,1771513689510,-0.26201,5.32283,7.84218,0,0,0
Daniyal,9144,1771513689513,-0.26201,5.32283,7.84218,0,0,0
Daniyal,9145,1771513689517,-0.26201,5.32283,7.84218,0,0,0
Daniyal,9146,1771513689521,-0.26201,5.32283,7.84218,0,0,0
Daniyal,9147,1771513689525,-0.26201,5.32283,7.84218,0,0,0
Daniyal,9148,1771513689533,-0.26201,5.32283,7.84218,0,0,0
Daniyal,9149,1771513689537,-0.26201,5.32283,7.84218,0,0,0
Daniyal,9150,1771513689541,-0.26201,5.32283,7.84218,0,0,0
Daniyal,9151,1771513689545,-0.26201,5.32283,7.84218,0,0,0
Daniyal,9152,1771513689548,-0.26201,5.32283,7.84218,0,0,0
Daniyal,9153,1771513689552,-0.26201,5.32283,7.84218,0,0,0
Daniyal,9154,1771513689554,-0.26201,5.32283,7.84218,0,0,0
Daniyal,9155,1771513689560,-0.26201,5.32283,7.84218,0,0,0
Daniyal,9156,1771513689567,-0.26201,5.32283,7.84218,0,0,0
Daniyal,9157,1771513689571,-0.26201,5.32283,7.84218,0,0,0
Daniyal,9158,1771513689574,-0.26201,5.32283,7.84218,0,0,0
Daniyal,9159,1771513689578,-0.26201,5.32283,7.84218,0,0,0
Daniyal,9160,1771513689581,-0.26201,5.32283,7.84218,0,0,0
Daniyal,9161,1771513689586,-0.26201,5.32283,7.84218,0,0,0
Daniyal,9162,1771513689591,-0.26201,5.32283,7.84218,0,0,0
Daniyal,9163,1771513689596,-0.26201,5.32283,7.84218,0,0,0
Daniyal,9164,1771513689602,-0.26201,5.32283,7.84218,0,0,0
Daniyal,9165,1771513689606,-0.26201,5.32283,7.84218,0,0,0
Daniyal,9166,1771513689610,-0.26201,5.32283,7.84218,0,0,0
Daniyal,9167,1771513689613,-0.26201,5.32283,7.84218,0,0,0
Daniyal,9168,1771513689617,-0.26201,5.32283,7.84218,0,0,0
Daniyal,9169,1771513689620,-0.26201,5.32283,7.84218,0,0,0
Daniyal,9170,1771513689626,-0.26201,5.32283,7.84218,0,0,0
Daniyal,9171,1771513689633,-0.26201,5.32283,7.84218,0,0,0
Daniyal,9172,1771513689637,-0.26201,5.32283,7.84218,0,0,0
Daniyal,9173,1771513689641,-0.26201,5.32283,7.84218,0,0,0
Daniyal,9174,1771513689645,-0.26201,5.32283,7.84218,0,0,0
Daniyal,9175,1771513689650,-0.26201,5.32283,7.84218,0,0,0
Daniyal,9176,1771513689654,-0.26201,5.32283,7.84218,0,0,0
Daniyal,9177,1771513689658,-0.26201,5.32283,7.84218,0,0,0
Daniyal,9178,1771513689666,-0.26201,5.32283,7.84218,0,0,0
Daniyal,9179,1771513689670,-0.26201,5.32283,7.84218,0,0,0
Daniyal,9180,1771513689673,-0.26201,5.32283,7.84218,0,0,0
Daniyal,9181,1771513689677,-0.26201,5.32283,7.84218,0,0,0
Daniyal,9182,1771513689681,-0.26201,5.32283,7.84218,0,0,0
Daniyal,9183,1771513689685,-0.26201,5.32283,7.84218,0,0,0
Daniyal,9184,1771513689688,-0.26201,5.32283,7.84218,0,0,0
Daniyal,9185,1771513689692,-0.26201,5.32283,7.84218,0,0,0
Daniyal,9186,1771513689698,-0.26201,5.32283,7.84218,0,0,0
Daniyal,9187,1771513689702,-0.26201,5.32283,7.84218,0,0,0
Daniyal,9188,1771513689706,-0.26201,5.32283,7.84218,0,0,0
Daniyal,9189,1771513689709,-0.26201,5.32283,7.84218,0,0,0
Daniyal,9190,1771513689713,-0.26201,5.32283,7.84218,0,0,0
Daniyal,9191,1771513689715,-0.26201,5.32283,7.84218,0,0,0
Daniyal,9192,1771513689719,-0.26201,5.32283,7.84218,0,0,0
Daniyal,9193,1771513689727,-0.26201,5.32283,7.84218,0,0,0
Daniyal,9194,1771513689730,-0.26201,5.32283,7.84218,0,0,0
Daniyal,9195,1771513689734,-0.26201,5.32283,7.84218,0,0,0
Daniyal,9196,1771513689737,-0.26201,5.32283,7.84218,0,0,0
Daniyal,9197,1771513689741,-0.26201,5.32283,7.84218,0,0,0
Daniyal,9198,1771513689745,-0.26201,5.32283,7.84218,0,0,0
Daniyal,9199,1771513689751,-0.26201,5.32283,7.84218,0,0,0
Daniyal,9200,1771513689758,-0.26201,5.32283,7.84218,0,0,0
Daniyal,9201,1771513689762,-0.26201,5.32283,7.84218,0,0,0
Daniyal,9202,1771513689765,-0.26201,5.32283,7.84218,0,0,0
Daniyal,9203,1771513689769,-0.26201,5.32283,7.84218,0,0,0
Daniyal,9204,1771513689773,-0.26201,5.32283,7.84218,0,0,0
Daniyal,9205,1771513689777,-0.26201,5.32283,7.84218,0,0,0
Daniyal,9206,1771513689781,-0.26201,5.32283,7.84218,0,0,0
Daniyal,9207,1771513689785,-0.26201,5.32283,7.84218,0,0,0
Daniyal,9208,1771513689792,-0.26201,5.32283,7.84218,0,0,0
Daniyal,9209,1771513689796,-0.26201,5.32283,7.84218,0,0,0
Daniyal,9210,1771513689800,-0.26201,5.32283,7.84218,0,0,0
Daniyal,9211,1771513689804,-0.26201,5.32283,7.84218,0,0,0
Daniyal,9212,1771513689808,-0.26201,5.32283,7.84218,0,0,0
Daniyal,9213,1771513689814,-0.26201,5.32283,7.84218,0,0,0
Daniyal,9214,1771513689822,-0.26201,5.32283,7.84218,0,0,0
Daniyal,9215,1771513689826,-0.26201,5.32283,7.84218,0,0,0
Daniyal,9216,1771513689829,-0.26201,5.32283,7.84218,0,0,0
Daniyal,9217,1771513689833,-0.26201,5.32283,7.84218,0,0,0
Daniyal,9218,1771513689837,-0.26201,5.32283,7.84218,0,0,0
Daniyal,9219,1771513689841,-0.26201,5.32283,7.84218,0,0,0
Daniyal,9220,1771513689846,-0.26201,5.32283,7.84218,0,0,0
Daniyal,9221,1771513689850,-0.26201,5.32283,7.84218,0,0,0
Daniyal,9222,1771513689858,-0.26201,5.32283,7.84218,0,0,0
Daniyal,9223,1771513689861,-0.26201,5.32283,7.84218,0,0,0
Daniyal,9224,1771513689864,-0.26201,5.32283,7.84218,0,0,0
Daniyal,9225,1771513689868,-0.26201,5.32283,7.84218,0,0,0
Daniyal,9226,1771513689872,-0.26201,5.32283,7.84218,0,0,0
Daniyal,9227,1771513689876,-0.26201,5.32283,7.84218,0,0,0
Daniyal,9228,1771513689879,-0.26201,5.32283,7.84218,0,0,0
Daniyal,9229,1771513689885,-0.26201,5.32283,7.84218,0,0,0
Daniyal,9230,1771513689889,-0.26201,5.32283,7.84218,0,0,0
Daniyal,9231,1771513689896,-0.26201,5.32283,7.84218,0,0,0
Daniyal,9232,1771513689900,-0.26201,5.32283,7.84218,0,0,0
Daniyal,9233,1771513689904,-0.26201,5.32283,7.84218,0,0,0
Daniyal,9234,1771513689909,-0.26201,5.32283,7.84218,0,0,0
Daniyal,9235,1771513689914,-0.26201,5.32283,7.84218,0,0,0
Daniyal,9236,1771513689918,-0.26201,5.32283,7.84218,0,0,0
Daniyal,9237,1771513689922,-0.26201,5.32283,7.84218,0,0,0
Daniyal,9238,1771513689930,-0.26201,5.32283,7.84218,0,0,0
Daniyal,9239,1771513689933,-0.26201,5.32283,7.84218,0,0,0
Daniyal,9240,1771513689936,-0.26201,5.32283,7.84218,0,0,0
Daniyal,9241,1771513689940,-0.26201,5.32283,7.84218,0,0,0
Daniyal,9242,1771513689944,-0.26201,5.32283,7.84218,0,0,0
Daniyal,9243,1771513689948,-0.26201,5.32283,7.84218,0,0,0
Daniyal,9244,1771513689952,-0.26201,5.32283,7.84218,0,0,0
Daniyal,9245,1771513689957,-0.26201,5.32283,7.84218,0,0,0
Daniyal,9246,1771513689962,-0.26201,5.32283,7.84218,0,0,0
Daniyal,9247,1771513689972,-0.26201,5.32283,7.84218,0,0,0
Daniyal,9248,1771513689976,-0.26201,5.32283,7.84218,0,0,0
Daniyal,9249,1771513689980,-0.26201,5.32283,7.84218,0,0,0
Daniyal,9250,1771513689984,-0.26201,5.32283,7.84218,0,0,0
Daniyal,9251,1771513689988,-0.26201,5.32283,7.84218,0,0,0
Daniyal,9252,1771513689992,-0.26201,5.32283,7.84218,0,0,0
Daniyal,9253,1771513689997,-0.26201,5.32283,7.84218,0,0,0
Daniyal,9254,1771513690004,-0.26201,5.32283,7.84218,0,0,0
Daniyal,9255,1771513690007,-0.26201,5.32283,7.84218,0,0,0
Daniyal,9256,1771513690011,-0.26201,5.32283,7.84218,0,0,0
Daniyal,9257,1771513690014,-0.26201,5.32283,7.84218,0,0,0
Daniyal,9258,1771513690018,-0.26201,5.32283,7.84218,0,0,0
Daniyal,9259,1771513690022,-0.26201,5.32283,7.84218,0,0,0
Daniyal,9260,1771513690029,-0.26201,5.32283,7.84218,0,0,0
Daniyal,9261,1771513690037,-0.26201,5.32283,7.84218,0,0,0
Daniyal,9262,1771513690041,-0.26201,5.32283,7.84218,0,0,0
Daniyal,9263,1771513690045,-0.26201,5.32283,7.84218,0,0,0
Daniyal,9264,1771513690048,-0.26201,5.32283,7.84218,0,0,0
Daniyal,9265,1771513690052,-0.26201,5.32283,7.84218,0,0,0
Daniyal,9266,1771513690056,-0.26201,5.32283,7.84218,0,0,0
Daniyal,9267,1771513690060,-0.26201,5.32283,7.84218,0,0,0
Daniyal,9268,1771513690063,-0.26201,5.32283,7.84218,0,0,0
Daniyal,9269,1771513690068,-0.26201,5.32283,7.84218,0,0,0
Daniyal,9270,1771513690075,-0.26201,5.32283,7.84218,0,0,0
Daniyal,9271,1771513690079,-0.26201,5.32283,7.84218,0,0,0
Daniyal,9272,1771513690083,-0.26201,5.32283,7.84218,0,0,0
Daniyal,9273,1771513690087,-0.26201,5.32283,7.84218,0,0,0
Daniyal,9274,1771513690090,-0.26201,5.32283,7.84218,0,0,0
Daniyal,9275,1771513690094,-0.26201,5.32283,7.84218,0,0,0
Daniyal,9276,1771513690098,-0.26201,5.32283,7.84218,0,0,0
Daniyal,9277,1771513690103,-0.26201,5.32283,7.84218,0,0,0
Daniyal,9278,1771513690111,-0.26201,5.32283,7.84218,0,0,0
Daniyal,9279,1771513690115,-0.26201,5.32283,7.84218,0,0,0
Daniyal,9280,1771513690119,-0.26201,5.32283,7.84218,0,0,0
Daniyal,9281,1771513690123,-0.26201,5.32283,7.84218,0,0,0
Daniyal,9282,1771513690127,-0.26201,5.32283,7.84218,0,0,0
Daniyal,9283,1771513690132,-0.26201,5.32283,7.84218,0,0,0
Daniyal,9284,1771513690140,-0.26201,5.32283,7.84218,0,0,0
Daniyal,9285,1771513690144,-0.26201,5.32283,7.84218,0,0,0
Daniyal,9286,1771513690148,-0.26201,5.32283,7.84218,0,0,0
Daniyal,9287,1771513690155,-0.26201,5.32283,7.84218,0,0,0
Daniyal,9288,1771513690159,-0.26201,5.32283,7.84218,0,0,0
Daniyal,9289,1771513690162,-0.26201,5.32283,7.84218,0,0,0
Daniyal,9290,1771513690166,-0.26201,5.32283,7.84218,0,0,0
Daniyal,9291,1771513690170,-0.26201,5.32283,7.84218,0,0,0
Daniyal,9292,1771513690174,-0.26201,5.32283,7.84218,0,0,0
Daniyal,9293,1771513690177,-0.26201,5.32283,7.84218,0,0,0
Daniyal,9294,1771513690183,-0.26201,5.32283,7.84218,0,0,0
Daniyal,9295,1771513690192,-0.26201,5.32283,7.84218,0,0,0
Daniyal,9296,1771513690196,-0.26201,5.32283,7.84218,0,0,0
Daniyal,9297,1771513690199,-0.26201,5.32283,7.84218,0,0,0
Daniyal,9298,1771513690203,-0.26201,5.32283,7.84218,0,0,0
Daniyal,9299,1771513690207,-0.26201,5.32283,7.84218,0,0,0
Daniyal,9300,1771513690210,-0.26201,5.32283,7.84218,0,0,0
Daniyal,9301,1771513690214,-0.26201,5.32283,7.84218,0,0,0
Daniyal,9302,1771513690220,-0.26201,5.32283,7.84218,0,0,0
Daniyal,9303,1771513690224,-0.26201,5.32283,7.84218,0,0,0
Daniyal,9304,1771513690232,-0.26201,5.32283,7.84218,0,0,0
Daniyal,9305,1771513690236,-0.26201,5.32283,7.84218,0,0,0
Daniyal,9306,1771513690240,-0.26201,5.32283,7.84218,0,0,0
Daniyal,9307,1771513690244,-0.26201,5.32283,7.84218,0,0,0
Daniyal,9308,1771513690248,-0.26201,5.32283,7.84218,0,0,0
Daniyal,9309,1771513690252,-0.26201,5.32283,7.84218,0,0,0
Daniyal,9310,1771513690256,-0.26201,5.32283,7.84218,0,0,0
Daniyal,9311,1771513690261,-0.26201,5.32283,7.84218,0,0,0
Daniyal,9312,1771513690269,-0.26201,5.32283,7.84218,0,0,0
Daniyal,9313,1771513690273,-0.26201,5.32283,7.84218,0,0,0
Daniyal,9314,1771513690277,-0.26201,5.32283,7.84218,0,0,0
Daniyal,9315,1771513690282,-0.26201,5.32283,7.84218,0,0,0
Daniyal,9316,1771513690286,-0.26201,5.32283,7.84218,0,0,0
Daniyal,9317,1771513690291,-0.26201,5.32283,7.84218,0,0,0
Daniyal,9318,1771513690297,-0.26201,5.32283,7.84218,0,0,0
Daniyal,9319,1771513690302,-0.26201,5.32283,7.84218,0,0,0
Daniyal,9320,1771513690310,-0.26201,5.32283,7.84218,0,0,0
Daniyal,9321,1771513690314,-0.26201,5.32283,7.84218,0,0,0
Daniyal,9322,1771513690318,-0.26201,5.32283,7.84218,0,0,0
Daniyal,9323,1771513690321,-0.26201,5.32283,7.84218,0,0,0
Daniyal,9324,1771513690325,-0.26201,5.32283,7.84218,0,0,0
Daniyal,9325,1771513690329,-0.26201,5.32283,7.84218,0,0,0
Daniyal,9326,1771513690333,-0.26201,5.32283,7.84218,0,0,0
Daniyal,9327,1771513690339,-0.26201,5.32283,7.84218,0,0,0
Daniyal,9328,1771513690348,-0.26201,5.32283,7.84218,0,0,0
Daniyal,9329,1771513690353,-0.26201,5.32283,7.84218,0,0,0
Daniyal,9330,1771513690357,-0.26201,5.32283,7.84218,0,0,0
Daniyal,9331,1771513690362,-0.26201,5.32283,7.84218,0,0,0
Daniyal,9332,1771513690365,-0.26201,5.32283,7.84218,0,0,0
Daniyal,9333,1771513690369,-0.26201,5.32283,7.84218,0,0,0
Daniyal,9334,1771513690372,-0.26201,5.32283,7.84218,0,0,0
Daniyal,9335,1771513690376,-0.26201,5.32283,7.84218,0,0,0
Daniyal,9336,1771513690381,-0.26201,5.32283,7.84218,0,0,0
Daniyal,9337,1771513690388,-0.26201,5.32283,7.84218,0,0,0
Daniyal,9338,1771513690392,-0.26201,5.32283,7.84218,0,0,0
Daniyal,9339,1771513690396,-0.26201,5.32283,7.84218,0,0,0
Daniyal,9340,1771513690400,-0.26201,5.32283,7.84218,0,0,0
Daniyal,9341,1771513690404,-0.26201,5.32283,7.84218,0,0,0
Daniyal,9342,1771513690408,-0.26201,5.32283,7.84218,0,0,0
Daniyal,9343,1771513690414,-0.26201,5.32283,7.84218,0,0,0
Daniyal,9344,1771513690421,-0.26201,5.32283,7.84218,0,0,0
Daniyal,9345,1771513690425,-0.26201,5.32283,7.84218,0,0,0
Daniyal,9346,1771513690428,-0.26201,5.32283,7.84218,0,0,0
Daniyal,9347,1771513690432,-0.26201,5.32283,7.84218,0,0,0
Daniyal,9348,1771513690436,-0.26201,5.32283,7.84218,0,0,0
Daniyal,9349,1771513690441,-0.26201,5.32283,7.84218,0,0,0
Daniyal,9350,1771513690445,-0.26201,5.32283,7.84218,0,0,0
Daniyal,9351,1771513690450,-0.26201,5.32283,7.84218,0,0,0
Daniyal,9352,1771513690453,-0.26201,5.32283,7.84218,0,0,0
Daniyal,9353,1771513690461,-0.26201,5.32283,7.84218,0,0,0
Daniyal,9354,1771513690465,-0.26201,5.32283,7.84218,0,0,0
Daniyal,9355,1771513690467,-0.26201,5.32283,7.84218,0,0,0
Daniyal,9356,1771513690471,-0.26201,5.32283,7.84218,0,0,0
Daniyal,9357,1771513690475,-0.26201,5.32283,7.84218,0,0,0
Daniyal,9358,1771513690480,-0.26201,5.32283,7.84218,0,0,0
Daniyal,9359,1771513690486,-0.26201,5.32283,7.84218,0,0,0
Daniyal,9360,1771513690489,-0.26201,5.32283,7.84218,0,0,0
Daniyal,9361,1771513690493,-0.26201,5.32283,7.84218,0,0,0
Daniyal,9362,1771513690496,-0.26201,5.32283,7.84218,0,0,0
Daniyal,9363,1771513690500,-0.26201,5.32283,7.84218,0,0,0
Daniyal,9364,1771513690504,-0.26201,5.32283,7.84218,0,0,0
Daniyal,9365,1771513690509,-0.26201,5.32283,7.84218,0,0,0
Daniyal,9366,1771513690513,-0.26201,5.32283,7.84218,0,0,0
Daniyal,9367,1771513690517,-0.26201,5.32283,7.84218,0,0,0
Daniyal,9368,1771513690526,-0.26201,5.32283,7.84218,0,0,0
Daniyal,9369,1771513690530,-0.26201,5.32283,7.84218,0,0,0
Daniyal,9370,1771513690533,-0.26201,5.32283,7.84218,0,0,0
Daniyal,9371,1771513690536,-0.26201,5.32283,7.84218,0,0,0
Daniyal,9372,1771513690540,-0.26201,5.32283,7.84218,0,0,0
Daniyal,9373,1771513690545,-0.26201,5.32283,7.84218,0,0,0
Daniyal,9374,1771513690554,-0.26201,5.32283,7.84218,0,0,0
Daniyal,9375,1771513690558,-0.26201,5.32283,7.84218,0,0,0
Daniyal,9376,1771513690562,-0.26201,5.32283,7.84218,0,0,0
Daniyal,9377,1771513690566,-0.26201,5.32283,7.84218,0,0,0
Daniyal,9378,1771513690571,-0.26201,5.32283,7.84218,0,0,0
Daniyal,9379,1771513690577,-0.26201,5.32283,7.84218,0,0,0
Daniyal,9380,1771513690581,-0.26201,5.32283,7.84218,0,0,0
Daniyal,9381,1771513690589,-0.26201,5.32283,7.84218,0,0,0
Daniyal,9382,1771513690593,-0.26201,5.32283,7.84218,0,0,0
Daniyal,9383,1771513690597,-0.26201,5.32283,7.84218,0,0,0
Daniyal,9384,1771513690601,-0.26201,5.32283,7.84218,0,0,0
Daniyal,9385,1771513690605,-0.26201,5.32283,7.84218,0,0,0
Daniyal,9386,1771513690609,-0.26201,5.32283,7.84218,0,0,0
Daniyal,9387,1771513690615,-0.26201,5.32283,7.84218,0,0,0
Daniyal,9388,1771513690623,-0.26201,5.32283,7.84218,0,0,0
Daniyal,9389,1771513690628,-0.26201,5.32283,7.84218,0,0,0
Daniyal,9390,1771513690632,-0.26201,5.32283,7.84218,0,0,0
Daniyal,9391,1771513690637,-0.26201,5.32283,7.84218,0,0,0
Daniyal,9392,1771513690642,-0.26201,5.32283,7.84218,0,0,0
Daniyal,9393,1771513690653,-0.26201,5.32283,7.84218,0,0,0
Daniyal,9394,1771513690656,-0.26201,5.32283,7.84218,0,0,0
Daniyal,9395,1771513690660,-0.26201,5.32283,7.84218,0,0,0
Daniyal,9396,1771513690663,-0.26201,5.32283,7.84218,0,0,0
Daniyal,9397,1771513690667,-0.26201,5.32283,7.84218,0,0,0
Daniyal,9398,1771513690672,-0.26201,5.32283,7.84218,0,0,0
Daniyal,9399,1771513690676,-0.26201,5.32283,7.84218,0,0,0
Daniyal,9400,1771513690683,-0.26201,5.32283,7.84218,0,0,0
Daniyal,9401,1771513690686,-0.26201,5.32283,7.84218,0,0,0
Daniyal,9402,1771513690691,-0.26201,5.32283,7.84218,0,0,0
Daniyal,9403,1771513690695,-0.26201,5.32283,7.84218,0,0,0
Daniyal,9404,1771513690700,-0.26201,5.32283,7.84218,0,0,0
Daniyal,9405,1771513690706,-0.26201,5.32283,7.84218,0,0,0
Daniyal,9406,1771513690709,-0.26201,5.32283,7.84218,0,0,0
Daniyal,9407,1771513690713,-0.26201,5.32283,7.84218,0,0,0
Daniyal,9408,1771513690716,-0.26201,5.32283,7.84218,0,0,0
Daniyal,9409,1771513690720,-0.26201,5.32283,7.84218,0,0,0
Daniyal,9410,1771513690724,-0.26201,5.32283,7.84218,0,0,0
Daniyal,9411,1771513690728,-0.26201,5.32283,7.84218,0,0,0
Daniyal,9412,1771513690737,-0.26201,5.32283,7.84218,0,0,0
Daniyal,9413,1771513690741,-0.26201,5.32283,7.84218,0,0,0
Daniyal,9414,1771513690745,-0.26201,5.32283,7.84218,0,0,0
Daniyal,9415,1771513690748,-0.26201,5.32283,7.84218,0,0,0
Daniyal,9416,1771513690753,-0.26201,5.32283,7.84218,0,0,0
Daniyal,9417,1771513690755,-0.26201,5.32283,7.84218,0,0,0
Daniyal,9418,1771513690759,-0.26201,5.32283,7.84218,0,0,0
Daniyal,9419,1771513690767,-0.26201,5.32283,7.84218,0,0,0
Daniyal,9420,1771513690771,-0.26201,5.32283,7.84218,0,0,0
Daniyal,9421,1771513690773,-0.26201,5.32283,7.84218,0,0,0
Daniyal,9422,1771513690777,-0.26201,5.32283,7.84218,0,0,0
Daniyal,9423,1771513690780,-0.26201,5.32283,7.84218,0,0,0
Daniyal,9424,1771513690784,-0.26201,5.32283,7.84218,0,0,0
Daniyal,9425,1771513690789,-0.26201,5.32283,7.84218,0,0,0
Daniyal,9426,1771513690793,-0.26201,5.32283,7.84218,0,0,0
Daniyal,9427,1771513690800,-0.26201,5.32283,7.84218,0,0,0
Daniyal,9428,1771513690804,-0.26201,5.32283,7.84218,0,0,0
Daniyal,9429,1771513690808,-0.26201,5.32283,7.84218,0,0,0
Daniyal,9430,1771513690812,-0.26201,5.32283,7.84218,0,0,0
Daniyal,9431,1771513690817,-0.26201,5.32283,7.84218,0,0,0
Daniyal,9432,1771513690821,-0.26201,5.32283,7.84218,0,0,0
Daniyal,9433,1771513690828,-0.26201,5.32283,7.84218,0,0,0
Daniyal,9434,1771513690832,-0.26201,5.32283,7.84218,0,0,0
Daniyal,9435,1771513690836,-0.26201,5.32283,7.84218,0,0,0
Daniyal,9436,1771513690840,-0.26201,5.32283,7.84218,0,0,0
Daniyal,9437,1771513690844,-0.26201,5.32283,7.84218,0,0,0
Daniyal,9438,1771513690848,-0.26201,5.32283,7.84218,0,0,0
Daniyal,9439,1771513690854,-0.26201,5.32283,7.84218,0,0,0
Daniyal,9440,1771513690862,-0.26201,5.32283,7.84218,0,0,0
Daniyal,9441,1771513690865,-0.26201,5.32283,7.84218,0,0,0
Daniyal,9442,1771513690869,-0.26201,5.32283,7.84218,0,0,0
Daniyal,9443,1771513690873,-0.26201,5.32283,7.84218,0,0,0
Daniyal,9444,1771513690877,-0.26201,5.32283,7.84218,0,0,0
Daniyal,9445,1771513690881,-0.26201,5.32283,7.84218,0,0,0
Daniyal,9446,1771513690886,-0.26201,5.32283,7.84218,0,0,0
Daniyal,9447,1771513690894,-0.26201,5.32283,7.84218,0,0,0
Daniyal,9448,1771513690898,-0.26201,5.32283,7.84218,0,0,0
Daniyal,9449,1771513690902,-0.26201,5.32283,7.84218,0,0,0
Daniyal,9450,1771513690905,-0.26201,5.32283,7.84218,0,0,0
Daniyal,9451,1771513690909,-0.26201,5.32283,7.84218,0,0,0
Daniyal,9452,1771513690912,-0.26201,5.32283,7.84218,0,0,0
Daniyal,9453,1771513690916,-0.26201,5.32283,7.84218,0,0,0
Daniyal,9454,1771513690922,-0.26201,5.32283,7.84218,0,0,0
Daniyal,9455,1771513690930,-0.26201,5.32283,7.84218,0,0,0
Daniyal,9456,1771513690934,-0.26201,5.32283,7.84218,0,0,0
Daniyal,9457,1771513690937,-0.26201,5.32283,7.84218,0,0,0
Daniyal,9458,1771513690941,-0.26201,5.32283,7.84218,0,0,0
Daniyal,9459,1771513690945,-0.26201,5.32283,7.84218,0,0,0
Daniyal,9460,1771513690949,-0.26201,5.32283,7.84218,0,0,0
Daniyal,9461,1771513690955,-0.26201,5.32283,7.84218,0,0,0
Daniyal,9462,1771513690959,-0.26201,5.32283,7.84218,0,0,0
Daniyal,9463,1771513690965,-0.26201,5.32283,7.84218,0,0,0
Daniyal,9464,1771513690969,-0.26201,5.32283,7.84218,0,0,0
Daniyal,9465,1771513690972,-0.26201,5.32283,7.84218,0,0,0
Daniyal,9466,1771513690976,-0.26201,5.32283,7.84218,0,0,0
Daniyal,9467,1771513690979,-0.26201,5.32283,7.84218,0,0,0
Daniyal,9468,1771513690983,-0.26201,5.32283,7.84218,0,0,0
Daniyal,9469,1771513690987,-0.26201,5.32283,7.84218,0,0,0
Daniyal,9470,1771513690993,-0.26201,5.32283,7.84218,0,0,0
Daniyal,9471,1771513691001,-0.26201,5.32283,7.84218,0,0,0
Daniyal,9472,1771513691006,-0.26201,5.32283,7.84218,0,0,0
Daniyal,9473,1771513691010,-0.26201,5.32283,7.84218,0,0,0
Daniyal,9474,1771513691013,-0.26201,5.32283,7.84218,0,0,0
Daniyal,9475,1771513691017,-0.26201,5.32283,7.84218,0,0,0
Daniyal,9476,1771513691021,-0.26201,5.32283,7.84218,0,0,0
Daniyal,9477,1771513691026,-0.26201,5.32283,7.84218,0,0,0
Daniyal,9478,1771513691030,-0.26201,5.32283,7.84218,0,0,0
Daniyal,9479,1771513691037,-0.26201,5.32283,7.84218,0,0,0
Daniyal,9480,1771513691041,-0.26201,5.32283,7.84218,0,0,0
Daniyal,9481,1771513691045,-0.26201,5.32283,7.84218,0,0,0
Daniyal,9482,1771513691048,-0.26201,5.32283,7.84218,0,0,0
Daniyal,9483,1771513691052,-0.26201,5.32283,7.84218,0,0,0
Daniyal,9484,1771513691056,-0.26201,5.32283,7.84218,0,0,0
Daniyal,9485,1771513691060,-0.26201,5.32283,7.84218,0,0,0
Daniyal,9486,1771513691065,-0.26201,5.32283,7.84218,0,0,0
Daniyal,9487,1771513691072,-0.26201,5.32283,7.84218,0,0,0
Daniyal,9488,1771513691076,-0.26201,5.32283,7.84218,0,0,0
Daniyal,9489,1771513691078,-0.26201,5.32283,7.84218,0,0,0
Daniyal,9490,1771513691082,-0.26201,5.32283,7.84218,0,0,0
Daniyal,9491,1771513691086,-0.26201,5.32283,7.84218,0,0,0
Daniyal,9492,1771513691089,-0.26201,5.32283,7.84218,0,0,0
Daniyal,9493,1771513691095,-0.26201,5.32283,7.84218,0,0,0
Daniyal,9494,1771513691099,-0.26201,5.32283,7.84218,0,0,0
Daniyal,9495,1771513691106,-0.26201,5.32283,7.84218,0,0,0
Daniyal,9496,1771513691108,-0.26201,5.32283,7.84218,0,0,0
Daniyal,9497,1771513691112,-0.26201,5.32283,7.84218,0,0,0
Daniyal,9498,1771513691116,-0.26201,5.32283,7.84218,0,0,0
Daniyal,9499,1771513691120,-0.26201,5.32283,7.84218,0,0,0
Daniyal,9500,1771513691124,-0.26201,5.32283,7.84218,0,0,0
Daniyal,9501,1771513691128,-0.26201,5.32283,7.84218,0,0,0
Daniyal,9502,1771513691132,-0.26201,5.32283,7.84218,0,0,0
Daniyal,9503,1771513691139,-0.26201,5.32283,7.84218,0,0,0
Daniyal,9504,1771513691143,-0.26201,5.32283,7.84218,0,0,0
Daniyal,9505,1771513691147,-0.26201,5.32283,7.84218,0,0,0
Daniyal,9506,1771513691150,-0.26201,5.32283,7.84218,0,0,0
Daniyal,9507,1771513691154,-0.26201,5.32283,7.84218,0,0,0
Daniyal,9508,1771513691158,-0.26201,5.32283,7.84218,0,0,0
Daniyal,9509,1771513691165,-0.26201,5.32283,7.84218,0,0,0
Daniyal,9510,1771513691170,-0.26201,5.32283,7.84218,0,0,0
Daniyal,9511,1771513691178,-0.26201,5.32283,7.84218,0,0,0
Daniyal,9512,1771513691181,-0.26201,5.32283,7.84218,0,0,0
Daniyal,9513,1771513691185,-0.26201,5.32283,7.84218,0,0,0
Daniyal,9514,1771513691188,-0.26201,5.32283,7.84218,0,0,0
Daniyal,9515,1771513691192,-0.26201,5.32283,7.84218,0,0,0
Daniyal,9516,1771513691196,-0.26201,5.32283,7.84218,0,0,0
Daniyal,9517,1771513691200,-0.26201,5.32283,7.84218,0,0,0
Daniyal,9518,1771513691206,-0.26201,5.32283,7.84218,0,0,0
Daniyal,9519,1771513691214,-0.26201,5.32283,7.84218,0,0,0
Daniyal,9520,1771513691218,-0.26201,5.32283,7.84218,0,0,0
Daniyal,9521,1771513691222,-0.26201,5.32283,7.84218,0,0,0
Daniyal,9522,1771513691226,-0.26201,5.32283,7.84218,0,0,0
Daniyal,9523,1771513691230,-0.26201,5.32283,7.84218,0,0,0
Daniyal,9524,1771513691234,-0.26201,5.32283,7.84218,0,0,0
Daniyal,9525,1771513691238,-0.26201,5.32283,7.84218,0,0,0
Daniyal,9526,1771513691242,-0.26201,5.32283,7.84218,0,0,0
Daniyal,9527,1771513691250,-0.26201,5.32283,7.84218,0,0,0
Daniyal,9528,1771513691254,-0.26201,5.32283,7.84218,0,0,0
Daniyal,9529,1771513691257,-0.26201,5.32283,7.84218,0,0,0
Daniyal,9530,1771513691261,-0.26201,5.32283,7.84218,0,0,0
Daniyal,9531,1771513691264,-0.26201,5.32283,7.84218,0,0,0
Daniyal,9532,1771513691268,-0.26201,5.32283,7.84218,0,0,0
Daniyal,9533,1771513691274,-0.26201,5.32283,7.84218,0,0,0
Daniyal,9534,1771513691282,-0.26201,5.32283,7.84218,0,0,0
Daniyal,9535,1771513691286,-0.26201,5.32283,7.84218,0,0,0
Daniyal,9536,1771513691290,-0.26201,5.32283,7.84218,0,0,0
Daniyal,9537,1771513691293,-0.26201,5.32283,7.84218,0,0,0
Daniyal,9538,1771513691297,-0.26201,5.32283,7.84218,0,0,0
Daniyal,9539,1771513691301,-0.26201,5.32283,7.84218,0,0,0
Daniyal,9540,1771513691306,-0.26201,5.32283,7.84218,0,0,0
Daniyal,9541,1771513691309,-0.26201,5.32283,7.84218,0,0,0
Daniyal,9542,1771513691317,-0.26201,5.32283,7.84218,0,0,0
Daniyal,9543,1771513691320,-0.26201,5.32283,7.84218,0,0,0
Daniyal,9544,1771513691324,-0.26201,5.32283,7.84218,0,0,0
Daniyal,9545,1771513691328,-0.26201,5.32283,7.84218,0,0,0
Daniyal,9546,1771513691333,-0.26201,5.32283,7.84218,0,0,0
Daniyal,9547,1771513691336,-0.26201,5.32283,7.84218,0,0,0
Daniyal,9548,1771513691341,-0.26201,5.32283,7.84218,0,0,0
Daniyal,9549,1771513691346,-0.26201,5.32283,7.84218,0,0,0
Daniyal,9550,1771513691351,-0.26201,5.32283,7.84218,0,0,0
Daniyal,9551,1771513691359,-0.26201,5.32283,7.84218,0,0,0
Daniyal,9552,1771513691364,-0.26201,5.32283,7.84218,0,0,0
Daniyal,9553,1771513691368,-0.26201,5.32283,7.84218,0,0,0
Daniyal,9554,1771513691372,-0.26201,5.32283,7.84218,0,0,0
Daniyal,9555,1771513691376,-0.26201,5.32283,7.84218,0,0,0
Daniyal,9556,1771513691381,-0.26201,5.32283,7.84218,0,0,0
Daniyal,9557,1771513691386,-0.26201,5.32283,7.84218,0,0,0
Daniyal,9558,1771513691390,-0.26201,5.32283,7.84218,0,0,0
Daniyal,9559,1771513691398,-0.26201,5.32283,7.84218,0,0,0
Daniyal,9560,1771513691401,-0.26201,5.32283,7.84218,0,0,0
Daniyal,9561,1771513691405,-0.26201,5.32283,7.84218,0,0,0
Daniyal,9562,1771513691409,-0.26201,5.32283,7.84218,0,0,0
Daniyal,9563,1771513691414,-0.26201,5.32283,7.84218,0,0,0
Daniyal,9564,1771513691422,-0.26201,5.32283,7.84218,0,0,0
Daniyal,9565,1771513691425,-0.26201,5.32283,7.84218,0,0,0
Daniyal,9566,1771513691429,-0.26201,5.32283,7.84218,0,0,0
Daniyal,9567,1771513691433,-0.26201,5.32283,7.84218,0,0,0
Daniyal,9568,1771513691437,-0.26201,5.32283,7.84218,0,0,0
Daniyal,9569,1771513691442,-0.26201,5.32283,7.84218,0,0,0
Daniyal,9570,1771513691446,-0.26201,5.32283,7.84218,0,0,0
Daniyal,9571,1771513691453,-0.26201,5.32283,7.84218,0,0,0
Daniyal,9572,1771513691456,-0.26201,5.32283,7.84218,0,0,0
Daniyal,9573,1771513691460,-0.26201,5.32283,7.84218,0,0,0
Daniyal,9574,1771513691464,-0.26201,5.32283,7.84218,0,0,0
Daniyal,9575,1771513691467,-0.26201,5.32283,7.84218,0,0,0
Daniyal,9576,1771513691471,-0.26201,5.32283,7.84218,0,0,0
Daniyal,9577,1771513691477,-0.26201,5.32283,7.84218,0,0,0
Daniyal,9578,1771513691485,-0.26201,5.32283,7.84218,0,0,0
Daniyal,9579,1771513691489,-0.26201,5.32283,7.84218,0,0,0
Daniyal,9580,1771513691493,-0.26201,5.32283,7.84218,0,0,0
Daniyal,9581,1771513691497,-0.26201,5.32283,7.84218,0,0,0
Daniyal,9582,1771513691501,-0.26201,5.32283,7.84218,0,0,0
Daniyal,9583,1771513691505,-0.26201,5.32283,7.84218,0,0,0
Daniyal,9584,1771513691509,-0.26201,5.32283,7.84218,0,0,0
Daniyal,9585,1771513691516,-0.26201,5.32283,7.84218,0,0,0
Daniyal,9586,1771513691520,-0.26201,5.32283,7.84218,0,0,0
Daniyal,9587,1771513691523,-0.26201,5.32283,7.84218,0,0,0
Daniyal,9588,1771513691527,-0.26201,5.32283,7.84218,0,0,0
Daniyal,9589,1771513691531,-0.26201,5.32283,7.84218,0,0,0
Daniyal,9590,1771513691535,-0.26201,5.32283,7.84218,0,0,0
Daniyal,9591,1771513691539,-0.26201,5.32283,7.84218,0,0,0
Daniyal,9592,1771513691545,-0.26201,5.32283,7.84218,0,0,0
Daniyal,9593,1771513691553,-0.26201,5.32283,7.84218,0,0,0
Daniyal,9594,1771513691558,-0.26201,5.32283,7.84218,0,0,0
Daniyal,9595,1771513691563,-0.26201,5.32283,7.84218,0,0,0
Daniyal,9596,1771513691567,-0.26201,5.32283,7.84218,0,0,0
Daniyal,9597,1771513691572,-0.26201,5.32283,7.84218,0,0,0
Daniyal,9598,1771513691576,-0.26201,5.32283,7.84218,0,0,0
Daniyal,9599,1771513691582,-0.26201,5.32283,7.84218,0,0,0
Daniyal,9600,1771513691587,-0.26201,5.32283,7.84218,0,0,0
Daniyal,9601,1771513691594,-0.26201,5.32283,7.84218,0,0,0
Daniyal,9602,1771513691598,-0.26201,5.32283,7.84218,0,0,0
Daniyal,9603,1771513691602,-0.26201,5.32283,7.84218,0,0,0
Daniyal,9604,1771513691606,-0.26201,5.32283,7.84218,0,0,0
Daniyal,9605,1771513691610,-0.26201,5.32283,7.84218,0,0,0
Daniyal,9606,1771513691614,-0.26201,5.32283,7.84218,0,0,0
Daniyal,9607,1771513691618,-0.26201,5.32283,7.84218,0,0,0
Daniyal,9608,1771513691624,-0.26201,5.32283,7.84218,0,0,0
Daniyal,9609,1771513691631,-0.26201,5.32283,7.84218,0,0,0
Daniyal,9610,1771513691635,-0.26201,5.32283,7.84218,0,0,0
Daniyal,9611,1771513691639,-0.26201,5.32283,7.84218,0,0,0
Daniyal,9612,1771513691643,-0.26201,5.32283,7.84218,0,0,0
Daniyal,9613,1771513691647,-0.26201,5.32283,7.84218,0,0,0
Daniyal,9614,1771513691652,-0.26201,5.32283,7.84218,0,0,0
Daniyal,9615,1771513691656,-0.26201,5.32283,7.84218,0,0,0
Daniyal,9616,1771513691661,-0.26201,5.32283,7.84218,0,0,0
Daniyal,9617,1771513691665,-0.26201,5.32283,7.84218,0,0,0
Daniyal,9618,1771513691672,-0.26201,5.32283,7.84218,0,0,0
Daniyal,9619,1771513691676,-0.26201,5.32283,7.84218,0,0,0
Daniyal,9620,1771513691679,-0.26201,5.32283,7.84218,0,0,0
Daniyal,9621,1771513691683,-0.26201,5.32283,7.84218,0,0,0
Daniyal,9622,1771513691687,-0.26201,5.32283,7.84218,0,0,0
Daniyal,9623,1771513691693,-0.26201,5.32283,7.84218,0,0,0
Daniyal,9624,1771513691701,-0.26201,5.32283,7.84218,0,0,0
Daniyal,9625,1771513691706,-0.26201,5.32283,7.84218,0,0,0
Daniyal,9626,1771513691710,-0.26201,5.32283,7.84218,0,0,0
Daniyal,9627,1771513691714,-0.26201,5.32283,7.84218,0,0,0
Daniyal,9628,1771513691718,-0.26201,5.32283,7.84218,0,0,0
Daniyal,9629,1771513691722,-0.26201,5.32283,7.84218,0,0,0
Daniyal,9630,1771513691726,-0.26201,5.32283,7.84218,0,0,0
Daniyal,9631,1771513691731,-0.26201,5.32283,7.84218,0,0,0
Daniyal,9632,1771513691739,-0.26201,5.32283,7.84218,0,0,0
Daniyal,9633,1771513691742,-0.26201,5.32283,7.84218,0,0,0
Daniyal,9634,1771513691746,-0.26201,5.32283,7.84218,0,0,0
Daniyal,9635,1771513691749,-0.26201,5.32283,7.84218,0,0,0
Daniyal,9636,1771513691753,-0.26201,5.32283,7.84218,0,0,0
Daniyal,9637,1771513691757,-0.26201,5.32283,7.84218,0,0,0
Daniyal,9638,1771513691762,-0.26201,5.32283,7.84218,0,0,0
Daniyal,9639,1771513691770,-0.26201,5.32283,7.84218,0,0,0
Daniyal,9640,1771513691774,-0.26201,5.32283,7.84218,0,0,0
Daniyal,9641,1771513691778,-0.26201,5.32283,7.84218,0,0,0
Daniyal,9642,1771513691781,-0.26201,5.32283,7.84218,0,0,0
Daniyal,9643,1771513691785,-0.26201,5.32283,7.84218,0,0,0
Daniyal,9644,1771513691789,-0.26201,5.32283,7.84218,0,0,0
Daniyal,9645,1771513691793,-0.26201,5.32283,7.84218,0,0,0
Daniyal,9646,1771513691801,-0.26201,5.32283,7.84218,0,0,0
Daniyal,9647,1771513691804,-0.26201,5.32283,7.84218,0,0,0
Daniyal,9648,1771513691808,-0.26201,5.32283,7.84218,0,0,0
Daniyal,9649,1771513691812,-0.26201,5.32283,7.84218,0,0,0
Daniyal,9650,1771513691816,-0.26201,5.32283,7.84218,0,0,0
Daniyal,9651,1771513691820,-0.26201,5.32283,7.84218,0,0,0
Daniyal,9652,1771513691826,-0.26201,5.32283,7.84218,0,0,0
Daniyal,9653,1771513691833,-0.26201,5.32283,7.84218,0,0,0
Daniyal,9654,1771513691837,-0.26201,5.32283,7.84218,0,0,0
Daniyal,9655,1771513691841,-0.26201,5.32283,7.84218,0,0,0
Daniyal,9656,1771513691845,-0.26201,5.32283,7.84218,0,0,0
Daniyal,9657,1771513691849,-0.26201,5.32283,7.84218,0,0,0
Daniyal,9658,1771513691854,-0.26201,5.32283,7.84218,0,0,0
Daniyal,9659,1771513691858,-0.26201,5.32283,7.84218,0,0,0
Daniyal,9660,1771513691866,-0.26201,5.32283,7.84218,0,0,0
Daniyal,9661,1771513691870,-0.26201,5.32283,7.84218,0,0,0
Daniyal,9662,1771513691874,-0.26201,5.32283,7.84218,0,0,0
Daniyal,9663,1771513691878,-0.26201,5.32283,7.84218,0,0,0
Daniyal,9664,1771513691881,-0.26201,5.32283,7.84218,0,0,0
Daniyal,9665,1771513691885,-0.26201,5.32283,7.84218,0,0,0
Daniyal,9666,1771513691890,-0.26201,5.32283,7.84218,0,0,0
Daniyal,9667,1771513691899,-0.26201,5.32283,7.84218,0,0,0
Daniyal,9668,1771513691903,-0.26201,5.32283,7.84218,0,0,0
Daniyal,9669,1771513691908,-0.26201,5.32283,7.84218,0,0,0
Daniyal,9670,1771513691911,-0.26201,5.32283,7.84218,0,0,0
Daniyal,9671,1771513691916,-0.26201,5.32283,7.84218,0,0,0
Daniyal,9672,1771513691920,-0.26201,5.32283,7.84218,0,0,0
Daniyal,9673,1771513691925,-0.26201,5.32283,7.84218,0,0,0
Daniyal,9674,1771513691933,-0.26201,5.32283,7.84218,0,0,0
Daniyal,9675,1771513691936,-0.26201,5.32283,7.84218,0,0,0
Daniyal,9676,1771513691940,-0.26201,5.32283,7.84218,0,0,0
Daniyal,9677,1771513691943,-0.26201,5.32283,7.84218,0,0,0
Daniyal,9678,1771513691946,-0.26201,5.32283,7.84218,0,0,0
Daniyal,9679,1771513691950,-0.26201,5.32283,7.84218,0,0,0
Daniyal,9680,1771513691956,-0.26201,5.32283,7.84218,0,0,0
Daniyal,9681,1771513691963,-0.26201,5.32283,7.84218,0,0,0
Daniyal,9682,1771513691967,-0.26201,5.32283,7.84218,0,0,0
Daniyal,9683,1771513691971,-0.26201,5.32283,7.84218,0,0,0
Daniyal,9684,1771513691975,-0.26201,5.32283,7.84218,0,0,0
Daniyal,9685,1771513691980,-0.26201,5.32283,7.84218,0,0,0
Daniyal,9686,1771513691985,-0.26201,5.32283,7.84218,0,0,0
Daniyal,9687,1771513691990,-0.26201,5.32283,7.84218,0,0,0
Daniyal,9688,1771513691994,-0.26201,5.32283,7.84218,0,0,0
Daniyal,9689,1771513692001,-0.26201,5.32283,7.84218,0,0,0
Daniyal,9690,1771513692004,-0.26201,5.32283,7.84218,0,0,0
Daniyal,9691,1771513692008,-0.26201,5.32283,7.84218,0,0,0
Daniyal,9692,1771513692010,-0.26201,5.32283,7.84218,0,0,0
Daniyal,9693,1771513692014,-0.26201,5.32283,7.84218,0,0,0
Daniyal,9694,1771513692017,-0.26201,5.32283,7.84218,0,0,0
Daniyal,9695,1771513692022,-0.26201,5.32283,7.84218,0,0,0
Daniyal,9696,1771513692030,-0.26201,5.32283,7.84218,0,0,0
Daniyal,9697,1771513692035,-0.26201,5.32283,7.84218,0,0,0
Daniyal,9698,1771513692039,-0.26201,5.32283,7.84218,0,0,0
Daniyal,9699,1771513692044,-0.26201,5.32283,7.84218,0,0,0
Daniyal,9700,1771513692048,-0.26201,5.32283,7.84218,0,0,0
Daniyal,9701,1771513692052,-0.26201,5.32283,7.84218,0,0,0
Daniyal,9702,1771513692057,-0.26201,5.32283,7.84218,0,0,0
Daniyal,9703,1771513692064,-0.26201,5.32283,7.84218,0,0,0
Daniyal,9704,1771513692068,-0.26201,5.32283,7.84218,0,0,0
Daniyal,9705,1771513692072,-0.26201,5.32283,7.84218,0,0,0
Daniyal,9706,1771513692076,-0.26201,5.32283,7.84218,0,0,0
Daniyal,9707,1771513692080,-0.26201,5.32283,7.84218,0,0,0
Daniyal,9708,1771513692082,-0.26201,5.32283,7.84218,0,0,0
Daniyal,9709,1771513692087,-0.26201,5.32283,7.84218,0,0,0
Daniyal,9710,1771513692093,-0.26201,5.32283,7.84218,0,0,0
Daniyal,9711,1771513692101,-0.26201,5.32283,7.84218,0,0,0
Daniyal,9712,1771513692105,-0.26201,5.32283,7.84218,0,0,0
Daniyal,9713,1771513692109,-0.26201,5.32283,7.84218,0,0,0
Daniyal,9714,1771513692113,-0.26201,5.32283,7.84218,0,0,0
Daniyal,9715,1771513692117,-0.26201,5.32283,7.84218,0,0,0
Daniyal,9716,1771513692121,-0.26201,5.32283,7.84218,0,0,0
Daniyal,9717,1771513692125,-0.26201,5.32283,7.84218,0,0,0
Daniyal,9718,1771513692270,-0.26201,5.32283,7.84218,0,0,0
Daniyal,9719,1771513692274,-0.26201,5.32283,7.84218,0,0,0
Daniyal,9720,1771513692278,-0.26201,5.32283,7.84218,0,0,0
Daniyal,9721,1771513692283,-0.26201,5.32283,7.84218,0,0,0
Daniyal,9722,1771513692286,-0.26201,5.32283,7.84218,0,0,0
Daniyal,9723,1771513692290,-0.26201,5.32283,7.84218,0,0,0
Daniyal,9724,1771513692294,-0.26201,5.32283,7.84218,0,0,0
Daniyal,9725,1771513692300,-0.26201,5.32283,7.84218,0,0,0
Daniyal,9726,1771513692304,-0.26201,5.32283,7.84218,0,0,0
Daniyal,9727,1771513692307,-0.26201,5.32283,7.84218,0,0,0
Daniyal,9728,1771513692311,-0.26201,5.32283,7.84218,0,0,0
Daniyal,9729,1771513692316,-0.26201,5.32283,7.84218,0,0,0
Daniyal,9730,1771513692320,-0.26201,5.32283,7.84218,0,0,0
Daniyal,9731,1771513692327,-0.26201,5.32283,7.84218,0,0,0
Daniyal,9732,1771513692331,-0.26201,5.32283,7.84218,0,0,0
Daniyal,9733,1771513692335,-0.26201,5.32283,7.84218,0,0,0
Daniyal,9734,1771513692338,-0.26201,5.32283,7.84218,0,0,0
Daniyal,9735,1771513692342,-0.26201,5.32283,7.84218,0,0,0
Daniyal,9736,1771513692346,-0.26201,5.32283,7.84218,0,0,0
Daniyal,9737,1771513692351,-0.26201,5.32283,7.84218,0,0,0
Daniyal,9738,1771513692359,-0.26201,5.32283,7.84218,0,0,0
Daniyal,9739,1771513692362,-0.26201,5.32283,7.84218,0,0,0
Daniyal,9740,1771513692367,-0.26201,5.32283,7.84218,0,0,0
Daniyal,9741,1771513692371,-0.26201,5.32283,7.84218,0,0,0
Daniyal,9742,1771513692376,-0.26201,5.32283,7.84218,0,0,0
Daniyal,9743,1771513692381,-0.26201,5.32283,7.84218,0,0,0
Daniyal,9744,1771513774597,-0.26201,5.32283,7.84218,0,0,0
Daniyal,9745,1771513774636,-0.26201,5.32283,7.84218,0,0,0
Daniyal,9746,1771513774652,-0.26201,5.32283,7.84218,0,0,0
Daniyal,9747,1771513774665,-0.26201,5.32283,7.84218,0,0,0
Daniyal,9748,1771513774680,-0.26201,5.32283,7.84218,0,0,0
Daniyal,9749,1771513774696,-0.26201,5.32283,7.84218,0,0,0
Daniyal,9750,1771513774704,-0.26201,5.32283,7.84218,0,0,0
Daniyal,9751,1771513774715,-0.26201,5.32283,7.84218,0,0,0
Daniyal,9752,1771513774731,-0.26201,5.32283,7.84218,0,0,0
Daniyal,9753,1771513774735,-0.26201,5.32283,7.84218,0,0,0
Daniyal,9754,1771513774738,-0.26201,5.32283,7.84218,0,0,0
Daniyal,9755,1771513774747,-0.26201,5.32283,7.84218,0,0,0
Daniyal,9756,1771513774758,-0.26201,5.32283,7.84218,0,0,0
Daniyal,9757,1771513774776,-0.26201,5.32283,7.84218,0,0,0
Daniyal,9758,1771513774781,-0.26201,5.32283,7.84218,0,0,0
Daniyal,9759,1771513774787,-0.26201,5.32283,7.84218,0,0,0
Daniyal,9760,1771513774793,-0.26201,5.32283,7.84218,0,0,0
Daniyal,9761,1771513774810,-0.26201,5.32283,7.84218,0,0,0
Daniyal,9762,1771513774816,-0.26201,5.32283,7.84218,0,0,0
Daniyal,9763,1771513774818,-0.26201,5.32283,7.84218,0,0,0
Daniyal,9764,1771513774824,-0.26201,5.32283,7.84218,0,0,0
Daniyal,9765,1771513774838,-0.26201,5.32283,7.84218,0,0,0
Daniyal,9766,1771513774848,-0.26201,5.32283,7.84218,0,0,0
Daniyal,9767,1771513774859,-0.26201,5.32283,7.84218,0,0,0
Daniyal,9768,1771513774875,-0.26201,5.32283,7.84218,0,0,0
Daniyal,9769,1771513774880,-0.26201,5.32283,7.84218,0,0,0
Daniyal,9770,1771513774885,-0.26201,5.32283,7.84218,0,0,0
Daniyal,9771,1771513774888,-0.26201,5.32283,7.84218,0,0,0
Daniyal,9772,1771513774891,-0.26201,5.32283,7.84218,0,0,0
Daniyal,9773,1771513774894,-0.26201,5.32283,7.84218,0,0,0
Daniyal,9774,1771513774897,-0.26201,5.32283,7.84218,0,0,0
Daniyal,9775,1771513774901,-0.26201,5.32283,7.84218,0,0,0
Daniyal,9776,1771513774906,-0.26201,5.32283,7.84218,0,0,0
Daniyal,9777,1771513774910,-0.26201,5.32283,7.84218,0,0,0
Daniyal,9778,1771513774914,-0.26201,5.32283,7.84218,0,0,0
Daniyal,9779,1771513774918,-0.26201,5.32283,7.84218,0,0,0
Daniyal,9780,1771513774922,-0.26201,5.32283,7.84218,0,0,0
Daniyal,9781,1771513774933,-0.26201,5.32283,7.84218,0,0,0
Daniyal,9782,1771513774940,-0.26201,5.32283,7.84218,0,0,0
Daniyal,9783,1771513774946,-0.26201,5.32283,7.84218,0,0,0
Daniyal,9784,1771513774951,-0.26201,5.32283,7.84218,0,0,0
Daniyal,9785,1771513774956,-0.26201,5.32283,7.84218,0,0,0
Daniyal,9786,1771513774962,-0.26201,5.32283,7.84218,0,0,0
Daniyal,9787,1771513774972,-0.26201,5.32283,7.84218,0,0,0
Daniyal,9788,1771513774978,-0.26201,5.32283,7.84218,0,0,0
Daniyal,9789,1771513774982,-0.26201,5.32283,7.84218,0,0,0
Daniyal,9790,1771513774985,-0.26201,5.32283,7.84218,0,0,0
Daniyal,9791,1771513774997,-0.26201,5.32283,7.84218,0,0,0
Daniyal,9792,1771513775012,-0.26201,5.32283,7.84218,0,0,0
Daniyal,9793,1771513775017,-0.26201,5.32283,7.84218,0,0,0
Daniyal,9794,1771513775022,-0.26201,5.32283,7.84218,0,0,0
Daniyal,9795,1771513775030,-0.26201,5.32283,7.84218,0,0,0
Daniyal,9796,1771513775040,-0.26201,5.32283,7.84218,0,0,0
Daniyal,9797,1771513775048,-0.26201,5.32283,7.84218,0,0,0
Daniyal,9798,1771513775054,-0.26201,5.32283,7.84218,0,0,0
Daniyal,9799,1771513775058,-0.26201,5.32283,7.84218,0,0,0
Daniyal,9800,1771513775062,-0.26201,5.32283,7.84218,0,0,0
Daniyal,9801,1771513775066,-0.26201,5.32283,7.84218,0,0,0
Daniyal,9802,1771513775073,-0.26201,5.32283,7.84218,0,0,0
Daniyal,9803,1771513775081,-0.26201,5.32283,7.84218,0,0,0
Daniyal,9804,1771513775084,-0.26201,5.32283,7.84218,0,0,0
Daniyal,9805,1771513775089,-0.26201,5.32283,7.84218,0,0,0
Daniyal,9806,1771513775094,-0.26201,5.32283,7.84218,0,0,0
Daniyal,9807,1771513775097,-0.26201,5.32283,7.84218,0,0,0
Daniyal,9808,1771513775101,-0.26201,5.32283,7.84218,0,0,0
Daniyal,9809,1771513775106,-0.26201,5.32283,7.84218,0,0,0
Daniyal,9810,1771513775118,-0.26201,5.32283,7.84218,0,0,0
Daniyal,9811,1771513775125,-0.26201,5.32283,7.84218,0,0,0
Daniyal,9812,1771513775128,-0.26201,5.32283,7.84218,0,0,0
Daniyal,9813,1771513775133,-0.26201,5.32283,7.84218,0,0,0
Daniyal,9814,1771513775139,-0.26201,5.32283,7.84218,0,0,0
Daniyal,9815,1771513775151,-0.26201,5.32283,7.84218,0,0,0
Daniyal,9816,1771513775155,-0.26201,5.32283,7.84218,0,0,0
Daniyal,9817,1771513775160,-0.26201,5.32283,7.84218,0,0,0
Daniyal,9818,1771513775163,-0.26201,5.32283,7.84218,0,0,0
Daniyal,9819,1771513775172,-0.26201,5.32283,7.84218,0,0,0
Daniyal,9820,1771513775182,-0.26201,5.32283,7.84218,0,0,0
Daniyal,9821,1771513775195,-0.26201,5.32283,7.84218,0,0,0
Daniyal,9822,1771513775198,-0.26201,5.32283,7.84218,0,0,0
Daniyal,9823,1771513775201,-0.26201,5.32283,7.84218,0,0,0
Daniyal,9824,1771513775203,-0.26201,5.32283,7.84218,0,0,0
Daniyal,9825,1771513775206,-0.26201,5.32283,7.84218,0,0,0
Daniyal,9826,1771513775208,-0.26201,5.32283,7.84218,0,0,0
Daniyal,9827,1771513775213,-0.26201,5.32283,7.84218,0,0,0
Daniyal,9828,1771513775218,-0.26201,5.32283,7.84218,0,0,0
Daniyal,9829,1771513775222,-0.26201,5.32283,7.84218,0,0,0
Daniyal,9830,1771513775226,-0.26201,5.32283,7.84218,0,0,0
Daniyal,9831,1771513775229,-0.26201,5.32283,7.84218,0,0,0
Daniyal,9832,1771513775232,-0.26201,5.32283,7.84218,0,0,0
Daniyal,9833,1771513775235,-0.26201,5.32283,7.84218,0,0,0
Daniyal,9834,1771513775238,-0.26201,5.32283,7.84218,0,0,0
Daniyal,9835,1771513775242,-0.26201,5.32283,7.84218,0,0,0
Daniyal,9836,1771513775247,-0.26201,5.32283,7.84218,0,0,0
Daniyal,9837,1771513775250,-0.26201,5.32283,7.84218,0,0,0
Daniyal,9838,1771513775253,-0.26201,5.32283,7.84218,0,0,0
Daniyal,9839,1771513775257,-0.26201,5.32283,7.84218,0,0,0
Daniyal,9840,1771513775260,-0.26201,5.32283,7.84218,0,0,0
Daniyal,9841,1771513775263,-0.26201,5.32283,7.84218,0,0,0
Daniyal,9842,1771513775266,-0.26201,5.32283,7.84218,0,0,0
Daniyal,9843,1771513775270,-0.26201,5.32283,7.84218,0,0,0
Daniyal,9844,1771513775275,-0.26201,5.32283,7.84218,0,0,0
Daniyal,9845,1771513775278,-0.26201,5.32283,7.84218,0,0,0
Daniyal,9846,1771513775281,-0.26201,5.32283,7.84218,0,0,0
Daniyal,9847,1771513775284,-0.26201,5.32283,7.84218,0,0,0
Daniyal,9848,1771513775287,-0.26201,5.32283,7.84218,0,0,0
Daniyal,9849,1771513775290,-0.26201,5.32283,7.84218,0,0,0
Daniyal,9850,1771513775294,-0.26201,5.32283,7.84218,0,0,0
Daniyal,9851,1771513775298,-0.26201,5.32283,7.84218,0,0,0
Daniyal,9852,1771513775302,-0.26201,5.32283,7.84218,0,0,0
Daniyal,9853,1771513775307,-0.26201,5.32283,7.84218,0,0,0
Daniyal,9854,1771513775311,-0.26201,5.32283,7.84218,0,0,0
Daniyal,9855,1771513775314,-0.26201,5.32283,7.84218,0,0,0
Daniyal,9856,1771513775317,-0.26201,5.32283,7.84218,0,0,0
Daniyal,9857,1771513775320,-0.26201,5.32283,7.84218,0,0,0
Daniyal,9858,1771513775323,-0.26201,5.32283,7.84218,0,0,0
Daniyal,9859,1771513775327,-0.26201,5.32283,7.84218,0,0,0
Daniyal,9860,1771513775333,-0.26201,5.32283,7.84218,0,0,0
Daniyal,9861,1771513775337,-0.26201,5.32283,7.84218,0,0,0
Daniyal,9862,1771513775340,-0.26201,5.32283,7.84218,0,0,0
Daniyal,9863,1771513775343,-0.26201,5.32283,7.84218,0,0,0
Daniyal,9864,1771513775347,-0.26201,5.32283,7.84218,0,0,0
Daniyal,9865,1771513775350,-0.26201,5.32283,7.84218,0,0,0
Daniyal,9866,1771513775356,-0.26201,5.32283,7.84218,0,0,0
Daniyal,9867,1771513775359,-0.26201,5.32283,7.84218,0,0,0
Daniyal,9868,1771513775362,-0.26201,5.32283,7.84218,0,0,0
Daniyal,9869,1771513775365,-0.26201,5.32283,7.84218,0,0,0
Daniyal,9870,1771513775368,-0.26201,5.32283,7.84218,0,0,0
Daniyal,9871,1771513775371,-0.26201,5.32283,7.84218,0,0,0
Daniyal,9872,1771513775376,-0.26201,5.32283,7.84218,0,0,0
Daniyal,9873,1771513775381,-0.26201,5.32283,7.84218,0,0,0
Daniyal,9874,1771513775384,-0.26201,5.32283,7.84218,0,0,0
Daniyal,9875,1771513775387,-0.26201,5.32283,7.84218,0,0,0
Daniyal,9876,1771513775390,-0.26201,5.32283,7.84218,0,0,0
Daniyal,9877,1771513775394,-0.26201,5.32283,7.84218,0,0,0
Daniyal,9878,1771513775397,-0.26201,5.32283,7.84218,0,0,0
Daniyal,9879,1771513775403,-0.26201,5.32283,7.84218,0,0,0
Daniyal,9880,1771513775406,-0.26201,5.32283,7.84218,0,0,0
Daniyal,9881,1771513775410,-0.26201,5.32283,7.84218,0,0,0
Daniyal,9882,1771513775413,-0.26201,5.32283,7.84218,0,0,0
Daniyal,9883,1771513775416,-0.26201,5.32283,7.84218,0,0,0
Daniyal,9884,1771513775419,-0.26201,5.32283,7.84218,0,0,0
Daniyal,9885,1771513775422,-0.26201,5.32283,7.84218,0,0,0
Daniyal,9886,1771513775426,-0.26201,5.32283,7.84218,0,0,0
Daniyal,9887,1771513775430,-0.26201,5.32283,7.84218,0,0,0
Daniyal,9888,1771513775433,-0.26201,5.32283,7.84218,0,0,0
Daniyal,9889,1771513775436,-0.26201,5.32283,7.84218,0,0,0
Daniyal,9890,1771513775439,-0.26201,5.32283,7.84218,0,0,0
Daniyal,9891,1771513775443,-0.26201,5.32283,7.84218,0,0,0
Daniyal,9892,1771513775449,-0.26201,5.32283,7.84218,0,0,0
Daniyal,9893,1771513775452,-0.26201,5.32283,7.84218,0,0,0
Daniyal,9894,1771513775456,-0.26201,5.32283,7.84218,0,0,0
Daniyal,9895,1771513775458,-0.26201,5.32283,7.84218,0,0,0
Daniyal,9896,1771513775461,-0.26201,5.32283,7.84218,0,0,0
Daniyal,9897,1771513775464,-0.26201,5.32283,7.84218,0,0,0
Daniyal,9898,1771513775467,-0.26201,5.32283,7.84218,0,0,0
Daniyal,9899,1771513775471,-0.26201,5.32283,7.84218,0,0,0
Daniyal,9900,1771513775476,-0.26201,5.32283,7.84218,0,0,0
Daniyal,9901,1771513775479,-0.26201,5.32283,7.84218,0,0,0
Daniyal,9902,1771513775482,-0.26201,5.32283,7.84218,0,0,0
Daniyal,9903,1771513775485,-0.26201,5.32283,7.84218,0,0,0
Daniyal,9904,1771513775489,-0.26201,5.32283,7.84218,0,0,0
Daniyal,9905,1771513775493,-0.26201,5.32283,7.84218,0,0,0
Daniyal,9906,1771513775498,-0.26201,5.32283,7.84218,0,0,0
Daniyal,9907,1771513775501,-0.26201,5.32283,7.84218,0,0,0
Daniyal,9908,1771513775503,-0.26201,5.32283,7.84218,0,0,0
Daniyal,9909,1771513775507,-0.26201,5.32283,7.84218,0,0,0
Daniyal,9910,1771513775509,-0.26201,5.32283,7.84218,0,0,0
Daniyal,9911,1771513775512,-0.26201,5.32283,7.84218,0,0,0
Daniyal,9912,1771513775516,-0.26201,5.32283,7.84218,0,0,0
Daniyal,9913,1771513775522,-0.26201,5.32283,7.84218,0,0,0
Daniyal,9914,1771513775525,-0.26201,5.32283,7.84218,0,0,0
Daniyal,9915,1771513775527,-0.26201,5.32283,7.84218,0,0,0
Daniyal,9916,1771513775530,-0.26201,5.32283,7.84218,0,0,0
Daniyal,9917,1771513775533,-0.26201,5.32283,7.84218,0,0,0
Daniyal,9918,1771513775536,-0.26201,5.32283,7.84218,0,0,0
Daniyal,9919,1771513775542,-0.26201,5.32283,7.84218,0,0,0
Daniyal,9920,1771513775546,-0.26201,5.32283,7.84218,0,0,0
Daniyal,9921,1771513775549,-0.26201,5.32283,7.84218,0,0,0
Daniyal,9922,1771513775552,-0.26201,5.32283,7.84218,0,0,0
Daniyal,9923,1771513775555,-0.26201,5.32283,7.84218,0,0,0
Daniyal,9924,1771513775558,-0.26201,5.32283,7.84218,0,0,0
Daniyal,9925,1771513775562,-0.26201,5.32283,7.84218,0,0,0
Daniyal,9926,1771513775566,-0.26201,5.32283,7.84218,0,0,0
Daniyal,9927,1771513775571,-0.26201,5.32283,7.84218,0,0,0
Daniyal,9928,1771513775574,-0.26201,5.32283,7.84218,0,0,0
Daniyal,9929,1771513775577,-0.26201,5.32283,7.84218,0,0,0
Daniyal,9930,1771513775580,-0.26201,5.32283,7.84218,0,0,0
Daniyal,9931,1771513775584,-0.26201,5.32283,7.84218,0,0,0
Daniyal,9932,1771513775586,-0.26201,5.32283,7.84218,0,0,0
Daniyal,9933,1771513775591,-0.26201,5.32283,7.84218,0,0,0
Daniyal,9934,1771513775595,-0.26201,5.32283,7.84218,0,0,0
Daniyal,9935,1771513775598,-0.26201,5.32283,7.84218,0,0,0
Daniyal,9936,1771513775601,-0.26201,5.32283,7.84218,0,0,0
Daniyal,9937,1771513775604,-0.26201,5.32283,7.84218,0,0,0
Daniyal,9938,1771513775607,-0.26201,5.32283,7.84218,0,0,0
Daniyal,9939,1771513775610,-0.26201,5.32283,7.84218,0,0,0
Daniyal,9940,1771513775614,-0.26201,5.32283,7.84218,0,0,0
Daniyal,9941,1771513775619,-0.26201,5.32283,7.84218,0,0,0
Daniyal,9942,1771513775621,-0.26201,5.32283,7.84218,0,0,0
Daniyal,9943,1771513775624,-0.26201,5.32283,7.84218,0,0,0
Daniyal,9944,1771513775627,-0.26201,5.32283,7.84218,0,0,0
Daniyal,9945,1771513775630,-0.26201,5.32283,7.84218,0,0,0
Daniyal,9946,1771513775632,-0.26201,5.32283,7.84218,0,0,0
Daniyal,9947,1771513775635,-0.26201,5.32283,7.84218,0,0,0
Daniyal,9948,1771513775639,-0.26201,5.32283,7.84218,0,0,0
Daniyal,9949,1771513775642,-0.26201,5.32283,7.84218,0,0,0
Daniyal,9950,1771513775648,-0.26201,5.32283,7.84218,0,0,0
Daniyal,9951,1771513775651,-0.26201,5.32283,7.84218,0,0,0
Daniyal,9952,1771513775653,-0.26201,5.32283,7.84218,0,0,0
Daniyal,9953,1771513775656,-0.26201,5.32283,7.84218,0,0,0
Daniyal,9954,1771513775659,-0.26201,5.32283,7.84218,0,0,0
Daniyal,9955,1771513775662,-0.26201,5.32283,7.84218,0,0,0
Daniyal,9956,1771513775666,-0.26201,5.32283,7.84218,0,0,0
Daniyal,9957,1771513775671,-0.26201,5.32283,7.84218,0,0,0
Daniyal,9958,1771513775674,-0.26201,5.32283,7.84218,0,0,0
Daniyal,9959,1771513775677,-0.26201,5.32283,7.84218,0,0,0
Daniyal,9960,1771513775680,-0.26201,5.32283,7.84218,0,0,0
Daniyal,9961,1771513775683,-0.26201,5.32283,7.84218,0,0,0
Daniyal,9962,1771513775689,-0.26201,5.32283,7.84218,0,0,0
Daniyal,9963,1771513775692,-0.26201,5.32283,7.84218,0,0,0
Daniyal,9964,1771513775695,-0.26201,5.32283,7.84218,0,0,0
Daniyal,9965,1771513775698,-0.26201,5.32283,7.84218,0,0,0
Daniyal,9966,1771513775701,-0.26201,5.32283,7.84218,0,0,0
Daniyal,9967,1771513775703,-0.26201,5.32283,7.84218,0,0,0
Daniyal,9968,1771513775707,-0.26201,5.32283,7.84218,0,0,0
Daniyal,9969,1771513775711,-0.26201,5.32283,7.84218,0,0,0
Daniyal,9970,1771513775716,-0.26201,5.32283,7.84218,0,0,0
Daniyal,9971,1771513775719,-0.26201,5.32283,7.84218,0,0,0
Daniyal,9972,1771513775721,-0.26201,5.32283,7.84218,0,0,0
Daniyal,9973,1771513775725,-0.26201,5.32283,7.84218,0,0,0
Daniyal,9974,1771513775728,-0.26201,5.32283,7.84218,0,0,0
Daniyal,9975,1771513775733,-0.26201,5.32283,7.84218,0,0,0
Daniyal,9976,1771513775744,-0.26201,5.32283,7.84218,0,0,0
Daniyal,9977,1771513775750,-0.26201,5.32283,7.84218,0,0,0
Daniyal,9978,1771513775757,-0.26201,5.32283,7.84218,0,0,0
Daniyal,9979,1771513775760,-0.26201,5.32283,7.84218,0,0,0
Daniyal,9980,1771513775763,-0.26201,5.32283,7.84218,0,0,0
Daniyal,9981,1771513775767,-0.26201,5.32283,7.84218,0,0,0
Daniyal,9982,1771513775773,-0.26201,5.32283,7.84218,0,0,0
Daniyal,9983,1771513775777,-0.26201,5.32283,7.84218,0,0,0
Daniyal,9984,1771513775780,-0.26201,5.32283,7.84218,0,0,0
Daniyal,9985,1771513775782,-0.26201,5.32283,7.84218,0,0,0
Daniyal,9986,1771513775785,-0.26201,5.32283,7.84218,0,0,0
Daniyal,9987,1771513775789,-0.26201,5.32283,7.84218,0,0,0
Daniyal,9988,1771513775797,-0.26201,5.32283,7.84218,0,0,0
Daniyal,9989,1771513775802,-0.26201,5.32283,7.84218,0,0,0
Daniyal,9990,1771513775804,-0.26201,5.32283,7.84218,0,0,0
Daniyal,9991,1771513775807,-0.26201,5.32283,7.84218,0,0,0
Daniyal,9992,1771513775809,-0.26201,5.32283,7.84218,0,0,0
Daniyal,9993,1771513775813,-0.26201,5.32283,7.84218,0,0,0
Daniyal,9994,1771513775824,-0.26201,5.32283,7.84218,0,0,0
Daniyal,9995,1771513775827,-0.26201,5.32283,7.84218,0,0,0
Daniyal,9996,1771513775829,-0.26201,5.32283,7.84218,0,0,0
Daniyal,9997,1771513775834,-0.26201,5.32283,7.84218,0,0,0
Daniyal,9998,1771513775840,-0.26201,5.32283,7.84218,0,0,0
Daniyal,9999,1771513775843,-0.26201,5.32283,7.84218,0,0,0
Daniyal,10000,1771513775850,-0.26201,5.32283,7.84218,0,0,0
Daniyal,10001,1771513775854,-0.26201,5.32283,7.84218,0,0,0
Daniyal,10002,1771513775857,-0.26201,5.32283,7.84218,0,0,0
Daniyal,10003,1771513775859,-0.26201,5.32283,7.84218,0,0,0
Daniyal,10004,1771513775862,-0.26201,5.32283,7.84218,0,0,0
Daniyal,10005,1771513775866,-0.26201,5.32283,7.84218,0,0,0
Daniyal,10006,1771513775871,-0.26201,5.32283,7.84218,0,0,0
Daniyal,10007,1771513775878,-0.26201,5.32283,7.84218,0,0,0
Daniyal,10008,1771513775881,-0.26201,5.32283,7.84218,0,0,0
Daniyal,10009,1771513775886,-0.26201,5.32283,7.84218,0,0,0
Daniyal,10010,1771513775894,-0.26201,5.32283,7.84218,0,0,0
Daniyal,10011,1771513775899,-0.26201,5.32283,7.84218,0,0,0
Daniyal,10012,1771513775912,-0.26201,5.32283,7.84218,0,0,0
Daniyal,10013,1771513775923,-0.26201,5.32283,7.84218,0,0,0
Daniyal,10014,1771513775943,-0.26201,5.32283,7.84218,0,0,0
Daniyal,10015,1771513775993,-0.26201,5.32283,7.84218,0,0,0
Daniyal,10016,1771513776019,-0.48694,1.84905,9.38405,0,0,0
Daniyal,10017,1771513776031,-0.50847,1.80568,9.12054,8.49151,-20.83586,-29.67832
Daniyal,10018,1771513776038,-0.50847,1.80568,9.12054,6.35528,-19.79827,-29.31211
Daniyal,10019,1771513776056,-0.39601,1.8323,8.94347,-0.05341,-16.50237,-29.37315
Daniyal,10020,1771513776080,0.21685,1.6334,9.17318,-6.63757,-23.94865,-35.47666
Daniyal,10021,1771513776221,1.72283,0.0652,11.48615,9.40704,-41.46572,-30.34971
Daniyal,10022,1771513776227,1.72283,0.0652,11.48615,20.21025,-37.68155,-34.86631
Daniyal,10023,1771513776233,1.72283,0.0652,11.48615,23.32304,-37.19327,-36.27011
Daniyal,10024,1771513776243,1.72283,0.0652,11.48615,28.19822,-35.48429,-38.95566
Daniyal,10025,1771513776257,1.97408,0.42443,10.85893,30.09031,-34.75187,-40.17636
Daniyal,10026,1771513776265,1.82812,0.86022,9.85574,31.73826,-34.08048,-45.24228
Daniyal,10027,1771513776272,1.82812,0.86022,9.85574,29.84617,-34.50772,-49.38503
Daniyal,10028,1771513776280,1.82812,0.86022,9.85574,29.84617,-34.50772,-49.38503
Daniyal,10029,1771513776289,1.82812,0.86022,9.85574,29.84617,-34.50772,-49.38503
Daniyal,10030,1771513776296,1.82812,0.86022,9.85574,29.84617,-34.50772,-49.38503
Daniyal,10031,1771513776310,1.67737,1.19043,8.55075,11.36016,-16.80754,-59.94411
Daniyal,10032,1771513776325,1.67737,1.19043,8.55075,7.0877,-8.6975,-62.56862
Daniyal,10033,1771513776341,1.67737,1.19043,8.55075,7.0877,-8.6975,-62.56862
Daniyal,10034,1771513776354,1.51914,1.08754,8.94108,7.0877,-8.6975,-62.56862
Daniyal,10035,1771513776364,1.07647,1.05643,9.02244,0.1297,-3.81469,-74.59254
Daniyal,10036,1771513776408,0.92064,1.37498,9.07269,-1.82342,4.30298,-72.70045
Daniyal,10037,1771513776427,0.92064,1.37498,9.07269,-1.82342,4.30298,-72.70045
Daniyal,10038,1771513776441,0.92064,1.37498,9.07269,-2.73895,10.34545,-71.17457
Daniyal,10039,1771513776455,0.82732,1.99262,9.16601,-4.86755,21.56828,-67.81763
Daniyal,10040,1771513776459,0.82732,1.99262,9.16601,-5.23376,22.17863,-67.69557
Daniyal,10041,1771513776481,0.88714,1.98066,9.0344,-6.88171,17.17375,-67.87867
Daniyal,10042,1771513776496,0.68853,1.86341,9.42952,-6.88171,17.17375,-67.87867
Daniyal,10043,1771513776511,0.29821,1.74347,9.91317,0.55695,4.05884,-59.02858
Daniyal,10044,1771513776522,0.29821,1.74347,9.91317,5.62286,3.44848,-55.48854
Daniyal,10045,1771513776553,0.10439,1.75543,10.09263,15.87676,0.5188,-47.07333
Daniyal,10046,1771513776568,0.07567,1.91127,9.86052,18.74541,4.91333,-40.29843
Daniyal,10047,1771513776585,-0.02752,2.11466,9.08944,18.01299,7.04956,-30.71592
Daniyal,10048,1771513776600,-0.31226,2.48345,8.90997,19.35576,5.95092,-21.56065
Daniyal,10049,1771513776615,-0.59731,2.82802,9.19472,27.03855,5.58471,-11.92474
Daniyal,10050,1771513776631,0.78185,1.88016,9.48934,35.15622,5.52368,-22.72032
Daniyal,10051,1771513776640,0.78185,1.88016,9.48934,40.03903,11.07787,-30.22764
Daniyal,10052,1771513776656,1.69412,1.57119,9.48694,45.10495,13.58031,-31.50938
Daniyal,10053,1771513776677,0.53779,3.18485,9.21895,41.01559,1.37329,-27.84727
Daniyal,10054,1771513776689,-0.70259,4.76501,9.4343,37.17038,-9.06371,-23.63585
Daniyal,10055,1771513776706,-0.09212,4.38664,8.94587,35.09519,-2.04468,-24.61241
Daniyal,10056,1771513776721,-0.09212,4.38664,8.94587,29.90721,6.4392,-23.33067
Daniyal,10057,1771513776738,0.03739,4.03968,8.61775,24.05546,9.97924,-19.54649
Daniyal,10058,1771513776765,-0.4678,4.34357,9.10619,18.31816,8.57543,-12.10784
Daniyal,10059,1771513776773,-0.81984,4.19282,9.81985,20.6375,8.14819,-9.36126
Daniyal,10060,1771513776789,-0.75284,3.57996,10.40399,29.35789,12.42064,-4.47845
Daniyal,10061,1771513776808,-0.98495,3.73789,10.00648,28.25925,11.81029,-0.08392
Daniyal,10062,1771513776828,-1.37767,4.34118,9.18754,13.74053,12.54272,5.47027
Daniyal,10063,1771513776847,-1.37767,4.34118,9.18754,-0.72479,16.25823,10.41412
Daniyal,10064,1771513776860,-1.55474,4.43719,9.11097,-13.04626,17.17375,13.03863
Daniyal,10065,1771513776879,-1.17428,3.74507,9.84617,-21.10289,14.37377,11.87896
Daniyal,10066,1771513776893,-0.75045,2.68445,10.95943,-18.60045,19.00481,13.88549
Daniyal,10067,1771513776907,-0.75523,2.24626,11.45983,-10.66589,33.16496,18.15795
Daniyal,10068,1771513776928,-0.75523,2.23669,11.47179,-2.86102,36.64396,19.37865
Daniyal,10069,1771513776940,-0.75523,2.23669,11.47179,-0.29755,35.11808,20.90452
Daniyal,10070,1771513776957,-1.10489,2.45234,10.97139,5.01251,33.89737,27.55735
Daniyal,10071,1771513776976,-1.40638,2.56241,10.31307,10.32256,32.49356,33.84397
Daniyal,10072,1771513776991,-1.49492,2.57677,9.51087,16.91436,37.92569,41.04611
Daniyal,10073,1771513777006,-1.49492,2.57677,9.51087,20.69853,44.82266,45.12783
Daniyal,10074,1771513777023,-1.07378,2.13859,8.47418,22.34648,48.66024,46.53164
Daniyal,10075,1771513777044,-0.73131,1.80568,8.27079,26.86308,38.59708,40.4968
Daniyal,10076,1771513777059,-1.54517,2.66531,8.64886,28.86961,19.24895,41.16818
Daniyal,10077,1771513777083,-2.72333,3.03888,8.48854,25.76445,-17.96721,42.7551
Daniyal,10078,1771513777092,-1.56461,2.33719,8.14607,22.0413,-26.39006,32.56223
Daniyal,10079,1771513777113,-0.38405,2.03569,7.09741,11.90948,-22.36174,18.34105
Daniyal,10080,1771513777125,-0.38405,2.03569,7.09741,-3.28827,-17.41789,4.85992
Daniyal,10081,1771513777140,-0.33141,2.57438,6.30509,-18.72252,-13.45824,-6.79779
Daniyal,10082,1771513777159,-0.95145,3.33081,6.62842,-31.66196,-15.22063,-15.22063
Daniyal,10083,1771513777175,-1.38963,3.47946,7.59063,-43.37307,-24.92521,-17.35686
Daniyal,10084,1771513777194,-1.47577,2.92164,7.97139,-49.04934,-27.00041,-11.8637
Daniyal,10085,1771513777214,-1.54517,2.60548,7.83261,-50.14797,-3.81469,12.36724
Daniyal,10086,1771513777223,-1.54517,2.60548,7.83261,-46.91311,8.39233,20.53831
Daniyal,10087,1771513777244,-1.15992,2.56002,8.30908,-38.12406,22.3007,26.33665
Daniyal,10088,1771513777263,-0.59013,2.56481,9.00569,-30.92954,22.17863,24.20042
Daniyal,10089,1771513777276,-0.1998,2.78734,9.51566,-23.48326,19.12688,17.66966
Daniyal,10090,1771513777299,-0.07777,2.95992,9.48455,-12.49694,16.5634,8.27789
Daniyal,10091,1771513777310,-0.4343,3.03171,9.00569,-7.49206,17.29583,4.79889
Daniyal,10092,1771513777324,-0.4343,3.03171,9.00569,-1.15204,10.58959,0.8316
Daniyal,10093,1771513777343,-1.02084,3.13699,8.89083,3.05939,-3.87573,0.70953
Daniyal,10094,1771513777358,-1.24606,3.24945,8.92433,5.62286,-11.87133,2.05231
Daniyal,10095,1771513777374,-1.0017,3.34995,9.18993,11.4212,-24.49797,5.59234
Daniyal,10096,1771513777397,-0.57577,3.40529,9.13969,10.93291,-24.80314,7.91168
Daniyal,10097,1771513777408,-0.57577,3.40529,9.13969,7.57598,-24.00969,9.62066
Daniyal,10098,1771513777424,-0.57099,3.47946,8.88844,-3.53241,-20.46965,14.31273
Daniyal,10099,1771513777440,-0.60209,3.68046,8.76641,-14.14489,-16.99065,16.44896
Daniyal,10100,1771513777460,-0.41515,3.58475,8.91237,-26.90122,-14.55687,13.76342
Daniyal,10101,1771513777478,-0.15912,3.25424,9.53959,-34.76712,-19.79827,8.58306
Daniyal,10102,1771513777490,-0.15912,3.25424,9.53959,-38.67337,-20.83586,5.22613
Daniyal,10103,1771513777510,-0.03948,3.07956,10.12373,-40.44339,-20.71379,2.47955
Daniyal,10104,1771513777529,-0.45823,3.12024,10.86611,-33.12681,-21.50725,6.14166
Daniyal,10105,1771513777541,-0.76002,3.01017,11.61536,-23.66636,-20.16448,9.98687
Daniyal,10106,1771513777560,-0.27159,2.60788,11.71825,-13.77868,-12.78686,11.32964
Daniyal,10107,1771513777581,0.15224,2.37338,11.34497,-1.57928,6.07299,11.87896
Daniyal,10108,1771513777595,0.06849,2.55284,11.05514,4.28009,11.68822,11.87896
Daniyal,10109,1771513777611,0.17139,2.46431,10.84936,4.52423,4.36401,8.76617
Daniyal,10110,1771513777625,0.17139,2.46431,10.84936,1.47247,-8.6975,3.57818
Daniyal,10111,1771513777643,0.50877,2.28694,10.89243,-2.3117,-22.85002,-2.34222
Daniyal,10112,1771513777662,0.75075,1.81526,11.08625,-4.4403,-32.61564,-7.71331
Daniyal,10113,1771513777680,0.68375,1.22154,10.86371,-1.02997,-25.90178,-4.29535
Daniyal,10114,1771513777697,0.5665,0.9655,10.2362,5.13458,-5.58471,3.70025
Daniyal,10115,1771513777715,0.87278,0.82193,9.79592,13.61846,19.00481,9.8648
Daniyal,10116,1771513777729,0.87278,0.82193,9.79592,20.69853,28.52629,12.18413
Daniyal,10117,1771513777743,0.80339,0.932,9.48455,28.74754,27.42765,12.24517
Daniyal,10118,1771513777759,0.45613,1.20479,9.35534,37.47556,21.62932,11.39068
Daniyal,10119,1771513777779,0.22642,1.52094,9.26202,48.64498,13.33617,8.03375
Daniyal,10120,1771513777796,0.3341,1.69801,9.17558,55.48092,9.42992,6.3858
Daniyal,10121,1771513777809,0.3341,1.69801,9.17558,59.5016,8.63647,5.95855
Daniyal,10122,1771513777826,0.62632,2.06919,8.90758,58.34194,7.17163,2.60162
Daniyal,10123,1771513777843,1.01157,2.55524,8.74487,52.61226,6.19506,-2.8305
Daniyal,10124,1771513777863,1.29422,2.94078,8.52443,43.15182,8.20922,-9.84954
Daniyal,10125,1771513777879,1.19372,3.28535,8.51247,30.57859,8.63647,-15.22063
Daniyal,10126,1771513777898,0.84407,3.51057,8.64168,6.9046,9.97924,-14.79339
Daniyal,10127,1771513777908,0.84407,3.51057,8.64168,2.5711,12.05443,-12.9013
Daniyal,10128,1771513777924,0.44177,3.76182,8.67279,-10.29967,18.94377,-2.52533
Daniyal,10129,1771513777941,0.42742,3.82403,8.99612,-13.90075,25.29142,3.27301
Daniyal,10130,1771513777958,0.75553,3.69721,8.89562,-12.4359,34.44669,6.01959
Daniyal,10131,1771513777981,0.66461,3.58475,8.37368,-9.50622,37.68155,6.75201
Daniyal,10132,1771513777992,0.66461,3.58475,8.37368,-8.10241,34.38565,6.99615
Daniyal,10133,1771513778021,-0.19502,3.6661,7.969,-4.31823,20.34758,8.09478
Daniyal,10134,1771513778035,-0.34816,3.60628,7.98814,-0.29755,8.57543,8.88824
Daniyal,10135,1771513778044,-0.34816,3.60628,7.98814,2.08282,5.27954,9.13238
Daniyal,10136,1771513778060,-0.26201,3.61346,8.036,5.01251,4.91333,9.07134
Daniyal,10137,1771513778079,-0.13998,3.70678,8.01207,6.29425,7.35473,8.21685
Daniyal,10138,1771513778097,-0.26201,3.88864,8.09821,4.70733,7.90405,7.36236
Daniyal,10139,1771513778116,-0.26201,3.88864,8.09821,1.41144,9.24682,6.75201
Daniyal,10140,1771513778126,-0.38644,3.94158,8.02642,-3.53241,11.26098,7.11822
Daniyal,10141,1771513778146,-0.4678,3.87189,7.91157,-11.15417,15.53344,10.65826
Daniyal,10142,1771513778161,-0.61884,3.97508,8.00489,-15.06041,22.97209,15.10619
Daniyal,10143,1771513778186,-0.8677,4.06361,7.89721,-17.9901,36.70499,24.6887
Daniyal,10144,1771513778199,-1.2987,3.87428,7.44228,-20.00426,41.46572,32.50119
Daniyal,10145,1771513778220,-1.2987,3.87428,7.44228,-23.11705,32.67667,36.04123
Daniyal,10146,1771513778230,-1.26999,3.8336,7.91396,-26.71812,16.80754,31.40256
Daniyal,10147,1771513778242,-0.59013,3.94876,8.84776,-26.96226,7.17163,25.05491
Daniyal,10148,1771513778259,-0.14955,3.69721,9.72862,-21.77428,5.46264,10.96343
Daniyal,10149,1771513778275,-0.14955,3.69721,9.72862,-17.50182,10.89477,7.05718
